Data Series,Reporting Period,Value
Total International Visitor Arrivals By Inbound Tourism Markets,2013 Jan,1291718
Total International Visitor Arrivals By Inbound Tourism Markets,2013 Feb,1221365
Total International Visitor Arrivals By Inbound Tourism Markets,2013 Mar,1368891
Total International Visitor Arrivals By Inbound Tourism Markets,2013 Apr,1274246
Total International Visitor Arrivals By Inbound Tourism Markets,2013 May,1288282
Total International Visitor Arrivals By Inbound Tourism Markets,2013 Jun,1288950
Total International Visitor Arrivals By Inbound Tourism Markets,2013 Jul,1419657
Total International Visitor Arrivals By Inbound Tourism Markets,2013 Aug,1483520
Total International Visitor Arrivals By Inbound Tourism Markets,2013 Sep,1176142
Total International Visitor Arrivals By Inbound Tourism Markets,2013 Oct,1203746
Total International Visitor Arrivals By Inbound Tourism Markets,2013 Nov,1184002
Total International Visitor Arrivals By Inbound Tourism Markets,2013 Dec,1367404
Total International Visitor Arrivals By Inbound Tourism Markets,2014 Jan,1345842
Total International Visitor Arrivals By Inbound Tourism Markets,2014 Feb,1238239
Total International Visitor Arrivals By Inbound Tourism Markets,2014 Mar,1297551
Total International Visitor Arrivals By Inbound Tourism Markets,2014 Apr,1245307
Total International Visitor Arrivals By Inbound Tourism Markets,2014 May,1208532
Total International Visitor Arrivals By Inbound Tourism Markets,2014 Jun,1181422
Total International Visitor Arrivals By Inbound Tourism Markets,2014 Jul,1408400
Total International Visitor Arrivals By Inbound Tourism Markets,2014 Aug,1362935
Total International Visitor Arrivals By Inbound Tourism Markets,2014 Sep,1098626
Total International Visitor Arrivals By Inbound Tourism Markets,2014 Oct,1203527
Total International Visitor Arrivals By Inbound Tourism Markets,2014 Nov,1144230
Total International Visitor Arrivals By Inbound Tourism Markets,2014 Dec,1360541
Total International Visitor Arrivals By Inbound Tourism Markets,2015 Jan,1252608
Total International Visitor Arrivals By Inbound Tourism Markets,2015 Feb,1188818
Total International Visitor Arrivals By Inbound Tourism Markets,2015 Mar,1201648
Total International Visitor Arrivals By Inbound Tourism Markets,2015 Apr,1208624
Total International Visitor Arrivals By Inbound Tourism Markets,2015 May,1222836
Total International Visitor Arrivals By Inbound Tourism Markets,2015 Jun,1184747
Total International Visitor Arrivals By Inbound Tourism Markets,2015 Jul,1519233
Total International Visitor Arrivals By Inbound Tourism Markets,2015 Aug,1445062
Total International Visitor Arrivals By Inbound Tourism Markets,2015 Sep,1131976
Total International Visitor Arrivals By Inbound Tourism Markets,2015 Oct,1246947
Total International Visitor Arrivals By Inbound Tourism Markets,2015 Nov,1203992
Total International Visitor Arrivals By Inbound Tourism Markets,2015 Dec,1424978
Total International Visitor Arrivals By Inbound Tourism Markets,2016 Jan,1412123
Total International Visitor Arrivals By Inbound Tourism Markets,2016 Feb,1335097
Total International Visitor Arrivals By Inbound Tourism Markets,2016 Mar,1406607
Total International Visitor Arrivals By Inbound Tourism Markets,2016 Apr,1393972
Total International Visitor Arrivals By Inbound Tourism Markets,2016 May,1357543
Total International Visitor Arrivals By Inbound Tourism Markets,2016 Jun,1270531
Total International Visitor Arrivals By Inbound Tourism Markets,2016 Jul,1622405
Total International Visitor Arrivals By Inbound Tourism Markets,2016 Aug,1481876
Total International Visitor Arrivals By Inbound Tourism Markets,2016 Sep,1144063
Total International Visitor Arrivals By Inbound Tourism Markets,2016 Oct,1237675
Total International Visitor Arrivals By Inbound Tourism Markets,2016 Nov,1235433
Total International Visitor Arrivals By Inbound Tourism Markets,2016 Dec,1506134
Total International Visitor Arrivals By Inbound Tourism Markets,2017 Jan,1480479
Total International Visitor Arrivals By Inbound Tourism Markets,2017 Feb,1361010
Total International Visitor Arrivals By Inbound Tourism Markets,2017 Mar,1480161
Total International Visitor Arrivals By Inbound Tourism Markets,2017 Apr,1470750
Total International Visitor Arrivals By Inbound Tourism Markets,2017 May,1363897
Total International Visitor Arrivals By Inbound Tourism Markets,2017 Jun,1387601
Total International Visitor Arrivals By Inbound Tourism Markets,2017 Jul,1632135
Total International Visitor Arrivals By Inbound Tourism Markets,2017 Aug,1559283
Total International Visitor Arrivals By Inbound Tourism Markets,2017 Sep,1320050
Total International Visitor Arrivals By Inbound Tourism Markets,2017 Oct,1402299
Total International Visitor Arrivals By Inbound Tourism Markets,2017 Nov,1397330
Total International Visitor Arrivals By Inbound Tourism Markets,2017 Dec,1569616
Total International Visitor Arrivals By Inbound Tourism Markets,2018 Jan,1563359
Total International Visitor Arrivals By Inbound Tourism Markets,2018 Feb,1491970
Total International Visitor Arrivals By Inbound Tourism Markets,2018 Mar,1584406
Total International Visitor Arrivals By Inbound Tourism Markets,2018 Apr,1544248
Total International Visitor Arrivals By Inbound Tourism Markets,2018 May,1470891
Total International Visitor Arrivals By Inbound Tourism Markets,2018 Jun,1544679
Total International Visitor Arrivals By Inbound Tourism Markets,2018 Jul,1732896
Total International Visitor Arrivals By Inbound Tourism Markets,2018 Aug,1683122
Total International Visitor Arrivals By Inbound Tourism Markets,2018 Sep,1415149
Total International Visitor Arrivals By Inbound Tourism Markets,2018 Oct,1467380
Total International Visitor Arrivals By Inbound Tourism Markets,2018 Nov,1406985
Total International Visitor Arrivals By Inbound Tourism Markets,2018 Dec,1603217
Total International Visitor Arrivals By Inbound Tourism Markets,2019 Jan,1624593
Total International Visitor Arrivals By Inbound Tourism Markets,2019 Feb,1499051
Total International Visitor Arrivals By Inbound Tourism Markets,2019 Mar,1564664
Total International Visitor Arrivals By Inbound Tourism Markets,2019 Apr,1596724
Total International Visitor Arrivals By Inbound Tourism Markets,2019 May,1487791
Total International Visitor Arrivals By Inbound Tourism Markets,2019 Jun,1551847
Total International Visitor Arrivals By Inbound Tourism Markets,2019 Jul,1802593
Total International Visitor Arrivals By Inbound Tourism Markets,2019 Aug,1736102
Total International Visitor Arrivals By Inbound Tourism Markets,2019 Sep,1463543
Total International Visitor Arrivals By Inbound Tourism Markets,2019 Oct,1530479
Total International Visitor Arrivals By Inbound Tourism Markets,2019 Nov,1533668
Total International Visitor Arrivals By Inbound Tourism Markets,2019 Dec,1724961
Total International Visitor Arrivals By Inbound Tourism Markets,2020 Jan,1688102
Total International Visitor Arrivals By Inbound Tourism Markets,2020 Feb,732966
Total International Visitor Arrivals By Inbound Tourism Markets,2020 Mar,240001
Total International Visitor Arrivals By Inbound Tourism Markets,2020 Apr,750
Total International Visitor Arrivals By Inbound Tourism Markets,2020 May,880
Total International Visitor Arrivals By Inbound Tourism Markets,2020 Jun,2171
Total International Visitor Arrivals By Inbound Tourism Markets,2020 Jul,6843
Total International Visitor Arrivals By Inbound Tourism Markets,2020 Aug,8912
Total International Visitor Arrivals By Inbound Tourism Markets,2020 Sep,9500
Total International Visitor Arrivals By Inbound Tourism Markets,2020 Oct,13399
Total International Visitor Arrivals By Inbound Tourism Markets,2020 Nov,14749
Total International Visitor Arrivals By Inbound Tourism Markets,2020 Dec,24170
Total International Visitor Arrivals By Inbound Tourism Markets,2021 Jan,23366
Total International Visitor Arrivals By Inbound Tourism Markets,2021 Feb,18141
Total International Visitor Arrivals By Inbound Tourism Markets,2021 Mar,27202
Total International Visitor Arrivals By Inbound Tourism Markets,2021 Apr,25737
Total International Visitor Arrivals By Inbound Tourism Markets,2021 May,14190
Total International Visitor Arrivals By Inbound Tourism Markets,2021 Jun,10029
Total International Visitor Arrivals By Inbound Tourism Markets,2021 Jul,18517
Total International Visitor Arrivals By Inbound Tourism Markets,2021 Aug,15887
Total International Visitor Arrivals By Inbound Tourism Markets,2021 Sep,19009
Total International Visitor Arrivals By Inbound Tourism Markets,2021 Oct,24006
Total International Visitor Arrivals By Inbound Tourism Markets,2021 Nov,41179
Total International Visitor Arrivals By Inbound Tourism Markets,2021 Dec,92796
Total International Visitor Arrivals By Inbound Tourism Markets,2022 Jan,57174
Total International Visitor Arrivals By Inbound Tourism Markets,2022 Feb,67765
Total International Visitor Arrivals By Inbound Tourism Markets,2022 Mar,121207
Total International Visitor Arrivals By Inbound Tourism Markets,2022 Apr,295095
Total International Visitor Arrivals By Inbound Tourism Markets,2022 May,418458
Total International Visitor Arrivals By Inbound Tourism Markets,2022 Jun,543733
Total International Visitor Arrivals By Inbound Tourism Markets,2022 Jul,726739
Total International Visitor Arrivals By Inbound Tourism Markets,2022 Aug,728744
Total International Visitor Arrivals By Inbound Tourism Markets,2022 Sep,782215
Total International Visitor Arrivals By Inbound Tourism Markets,2022 Oct,816833
Total International Visitor Arrivals By Inbound Tourism Markets,2022 Nov,816340
Total International Visitor Arrivals By Inbound Tourism Markets,2022 Dec,931441
Total International Visitor Arrivals By Inbound Tourism Markets,2023 Jan,931814
Total International Visitor Arrivals By Inbound Tourism Markets,2023 Feb,957844
Total International Visitor Arrivals By Inbound Tourism Markets,2023 Mar,1021040
Total International Visitor Arrivals By Inbound Tourism Markets,2023 Apr,1128610
Total International Visitor Arrivals By Inbound Tourism Markets,2023 May,1112512
Total International Visitor Arrivals By Inbound Tourism Markets,2023 Jun,1129310
Total International Visitor Arrivals By Inbound Tourism Markets,2023 Jul,1419642
Total International Visitor Arrivals By Inbound Tourism Markets,2023 Aug,1312693
Total International Visitor Arrivals By Inbound Tourism Markets,2023 Sep,1130762
Total International Visitor Arrivals By Inbound Tourism Markets,2023 Oct,1125964
Total International Visitor Arrivals By Inbound Tourism Markets,2023 Nov,1100459
Total International Visitor Arrivals By Inbound Tourism Markets,2023 Dec,1231565
Total International Visitor Arrivals By Inbound Tourism Markets,2024 Jan,1419956
Total International Visitor Arrivals By Inbound Tourism Markets,2024 Feb,1417807
Total International Visitor Arrivals By Inbound Tourism Markets,2024 Mar,1464865
Total International Visitor Arrivals By Inbound Tourism Markets,2024 Apr,1343319
Total International Visitor Arrivals By Inbound Tourism Markets,2024 May,1277160
Total International Visitor Arrivals By Inbound Tourism Markets,2024 Jun,1250293
Total International Visitor Arrivals By Inbound Tourism Markets,2024 Jul,1602603
Total International Visitor Arrivals By Inbound Tourism Markets,2024 Aug,1539828
Total International Visitor Arrivals By Inbound Tourism Markets,2024 Sep,1270681
Total International Visitor Arrivals By Inbound Tourism Markets,2024 Oct,1314493
Total International Visitor Arrivals By Inbound Tourism Markets,2024 Nov,1234698
Total International Visitor Arrivals By Inbound Tourism Markets,2024 Dec,1390641
Total International Visitor Arrivals By Inbound Tourism Markets,2025 Jan,1633485
Total International Visitor Arrivals By Inbound Tourism Markets,2025 Feb,1377296
Total International Visitor Arrivals By Inbound Tourism Markets,2025 Mar,1296604
Southeast Asia,2013 Jan,460013
Southeast Asia,2013 Feb,405346
Southeast Asia,2013 Mar,523832
Southeast Asia,2013 Apr,497388
Southeast Asia,2013 May,534890
Southeast Asia,2013 Jun,557007
Southeast Asia,2013 Jul,512094
Southeast Asia,2013 Aug,585102
Southeast Asia,2013 Sep,445923
Southeast Asia,2013 Oct,512989
Southeast Asia,2013 Nov,505058
Southeast Asia,2013 Dec,626753
Southeast Asia,2014 Jan,497205
Southeast Asia,2014 Feb,440212
Southeast Asia,2014 Mar,508913
Southeast Asia,2014 Apr,511901
Southeast Asia,2014 May,549855
Southeast Asia,2014 Jun,552708
Southeast Asia,2014 Jul,568294
Southeast Asia,2014 Aug,480265
Southeast Asia,2014 Sep,436327
Southeast Asia,2014 Oct,485039
Southeast Asia,2014 Nov,463159
Southeast Asia,2014 Dec,619198
Southeast Asia,2015 Jan,448133
Southeast Asia,2015 Feb,380389
Southeast Asia,2015 Mar,461999
Southeast Asia,2015 Apr,478213
Southeast Asia,2015 May,512074
Southeast Asia,2015 Jun,496392
Southeast Asia,2015 Jul,579570
Southeast Asia,2015 Aug,444137
Southeast Asia,2015 Sep,414155
Southeast Asia,2015 Oct,465052
Southeast Asia,2015 Nov,455128
Southeast Asia,2015 Dec,612913
Southeast Asia,2016 Jan,473005
Southeast Asia,2016 Feb,440596
Southeast Asia,2016 Mar,499023
Southeast Asia,2016 Apr,516058
Southeast Asia,2016 May,541795
Southeast Asia,2016 Jun,493485
Southeast Asia,2016 Jul,607290
Southeast Asia,2016 Aug,447752
Southeast Asia,2016 Sep,413178
Southeast Asia,2016 Oct,471598
Southeast Asia,2016 Nov,465948
Southeast Asia,2016 Dec,637752
Southeast Asia,2017 Jan,478812
Southeast Asia,2017 Feb,437738
Southeast Asia,2017 Mar,534535
Southeast Asia,2017 Apr,555812
Southeast Asia,2017 May,502134
Southeast Asia,2017 Jun,567156
Southeast Asia,2017 Jul,560387
Southeast Asia,2017 Aug,477817
Southeast Asia,2017 Sep,464113
Southeast Asia,2017 Oct,501024
Southeast Asia,2017 Nov,503852
Southeast Asia,2017 Dec,641734
Southeast Asia,2018 Jan,495111
Southeast Asia,2018 Feb,451842
Southeast Asia,2018 Mar,553248
Southeast Asia,2018 Apr,556681
Southeast Asia,2018 May,533719
Southeast Asia,2018 Jun,648291
Southeast Asia,2018 Jul,583679
Southeast Asia,2018 Aug,509153
Southeast Asia,2018 Sep,497316
Southeast Asia,2018 Oct,533250
Southeast Asia,2018 Nov,514632
Southeast Asia,2018 Dec,644044
Southeast Asia,2019 Jan,491810
Southeast Asia,2019 Feb,455405
Southeast Asia,2019 Mar,530303
Southeast Asia,2019 Apr,554453
Southeast Asia,2019 May,535242
Southeast Asia,2019 Jun,622117
Southeast Asia,2019 Jul,617788
Southeast Asia,2019 Aug,520958
Southeast Asia,2019 Sep,511664
Southeast Asia,2019 Oct,555996
Southeast Asia,2019 Nov,565680
Southeast Asia,2019 Dec,662907
Southeast Asia,2020 Jan,528985
Southeast Asia,2020 Feb,247016
Southeast Asia,2020 Mar,88027
Southeast Asia,2020 Apr,503
Southeast Asia,2020 May,574
Southeast Asia,2020 Jun,1100
Southeast Asia,2020 Jul,2310
Southeast Asia,2020 Aug,2833
Southeast Asia,2020 Sep,3770
Southeast Asia,2020 Oct,6378
Southeast Asia,2020 Nov,6457
Southeast Asia,2020 Dec,8826
Southeast Asia,2021 Jan,6786
Southeast Asia,2021 Feb,5666
Southeast Asia,2021 Mar,7331
Southeast Asia,2021 Apr,7262
Southeast Asia,2021 May,4478
Southeast Asia,2021 Jun,1561
Southeast Asia,2021 Jul,1968
Southeast Asia,2021 Aug,1933
Southeast Asia,2021 Sep,2774
Southeast Asia,2021 Oct,6448
Southeast Asia,2021 Nov,12937
Southeast Asia,2021 Dec,30006
Southeast Asia,2022 Jan,17563
Southeast Asia,2022 Feb,18760
Southeast Asia,2022 Mar,41170
Southeast Asia,2022 Apr,137294
Southeast Asia,2022 May,204656
Southeast Asia,2022 Jun,269088
Southeast Asia,2022 Jul,332161
Southeast Asia,2022 Aug,315820
Southeast Asia,2022 Sep,340369
Southeast Asia,2022 Oct,374927
Southeast Asia,2022 Nov,358257
Southeast Asia,2022 Dec,438856
Southeast Asia,2023 Jan,362255
Southeast Asia,2023 Feb,376496
Southeast Asia,2023 Mar,414934
Southeast Asia,2023 Apr,489334
Southeast Asia,2023 May,456263
Southeast Asia,2023 Jun,475814
Southeast Asia,2023 Jul,519036
Southeast Asia,2023 Aug,429652
Southeast Asia,2023 Sep,404106
Southeast Asia,2023 Oct,434927
Southeast Asia,2023 Nov,418065
Southeast Asia,2023 Dec,495668
Southeast Asia,2024 Jan,486141
Southeast Asia,2024 Feb,430395
Southeast Asia,2024 Mar,534123
Southeast Asia,2024 Apr,506437
Southeast Asia,2024 May,431069
Southeast Asia,2024 Jun,450962
Southeast Asia,2024 Jul,475246
Southeast Asia,2024 Aug,398577
Southeast Asia,2024 Sep,417351
Southeast Asia,2024 Oct,444034
Southeast Asia,2024 Nov,437876
Southeast Asia,2024 Dec,528320
Southeast Asia,2025 Jan,476550
Southeast Asia,2025 Feb,419220
Southeast Asia,2025 Mar,429836
Brunei Darussalam,2013 Jan,5773
Brunei Darussalam,2013 Feb,4427
Brunei Darussalam,2013 Mar,8290
Brunei Darussalam,2013 Apr,4486
Brunei Darussalam,2013 May,5574
Brunei Darussalam,2013 Jun,7837
Brunei Darussalam,2013 Jul,5922
Brunei Darussalam,2013 Aug,6109
Brunei Darussalam,2013 Sep,4824
Brunei Darussalam,2013 Oct,5879
Brunei Darussalam,2013 Nov,7346
Brunei Darussalam,2013 Dec,13399
Brunei Darussalam,2014 Jan,6418
Brunei Darussalam,2014 Feb,5076
Brunei Darussalam,2014 Mar,7545
Brunei Darussalam,2014 Apr,4741
Brunei Darussalam,2014 May,6254
Brunei Darussalam,2014 Jun,7393
Brunei Darussalam,2014 Jul,6305
Brunei Darussalam,2014 Aug,5079
Brunei Darussalam,2014 Sep,5601
Brunei Darussalam,2014 Oct,5440
Brunei Darussalam,2014 Nov,5806
Brunei Darussalam,2014 Dec,11998
Brunei Darussalam,2015 Jan,5521
Brunei Darussalam,2015 Feb,4759
Brunei Darussalam,2015 Mar,6989
Brunei Darussalam,2015 Apr,4977
Brunei Darussalam,2015 May,5378
Brunei Darussalam,2015 Jun,4992
Brunei Darussalam,2015 Jul,7237
Brunei Darussalam,2015 Aug,4585
Brunei Darussalam,2015 Sep,5761
Brunei Darussalam,2015 Oct,4825
Brunei Darussalam,2015 Nov,6191
Brunei Darussalam,2015 Dec,12379
Brunei Darussalam,2016 Jan,5596
Brunei Darussalam,2016 Feb,4768
Brunei Darussalam,2016 Mar,7100
Brunei Darussalam,2016 Apr,5466
Brunei Darussalam,2016 May,5768
Brunei Darussalam,2016 Jun,5061
Brunei Darussalam,2016 Jul,6409
Brunei Darussalam,2016 Aug,4665
Brunei Darussalam,2016 Sep,5551
Brunei Darussalam,2016 Oct,4022
Brunei Darussalam,2016 Nov,5256
Brunei Darussalam,2016 Dec,10229
Brunei Darussalam,2017 Jan,5297
Brunei Darussalam,2017 Feb,4379
Brunei Darussalam,2017 Mar,7835
Brunei Darussalam,2017 Apr,4662
Brunei Darussalam,2017 May,4645
Brunei Darussalam,2017 Jun,5758
Brunei Darussalam,2017 Jul,5625
Brunei Darussalam,2017 Aug,4610
Brunei Darussalam,2017 Sep,5387
Brunei Darussalam,2017 Oct,4202
Brunei Darussalam,2017 Nov,5258
Brunei Darussalam,2017 Dec,10761
Brunei Darussalam,2018 Jan,6076
Brunei Darussalam,2018 Feb,5105
Brunei Darussalam,2018 Mar,8171
Brunei Darussalam,2018 Apr,5766
Brunei Darussalam,2018 May,5250
Brunei Darussalam,2018 Jun,5897
Brunei Darussalam,2018 Jul,5769
Brunei Darussalam,2018 Aug,5168
Brunei Darussalam,2018 Sep,6133
Brunei Darussalam,2018 Oct,5017
Brunei Darussalam,2018 Nov,6118
Brunei Darussalam,2018 Dec,10490
Brunei Darussalam,2019 Jan,5953
Brunei Darussalam,2019 Feb,4105
Brunei Darussalam,2019 Mar,7996
Brunei Darussalam,2019 Apr,5159
Brunei Darussalam,2019 May,5370
Brunei Darussalam,2019 Jun,5276
Brunei Darussalam,2019 Jul,5882
Brunei Darussalam,2019 Aug,5156
Brunei Darussalam,2019 Sep,6356
Brunei Darussalam,2019 Oct,4687
Brunei Darussalam,2019 Nov,6366
Brunei Darussalam,2019 Dec,10298
Brunei Darussalam,2020 Jan,5364
Brunei Darussalam,2020 Feb,1764
Brunei Darussalam,2020 Mar,514
Brunei Darussalam,2020 Apr,3
Brunei Darussalam,2020 May,0
Brunei Darussalam,2020 Jun,1
Brunei Darussalam,2020 Jul,14
Brunei Darussalam,2020 Aug,8
Brunei Darussalam,2020 Sep,91
Brunei Darussalam,2020 Oct,120
Brunei Darussalam,2020 Nov,104
Brunei Darussalam,2020 Dec,170
Brunei Darussalam,2021 Jan,108
Brunei Darussalam,2021 Feb,84
Brunei Darussalam,2021 Mar,119
Brunei Darussalam,2021 Apr,80
Brunei Darussalam,2021 May,48
Brunei Darussalam,2021 Jun,64
Brunei Darussalam,2021 Jul,104
Brunei Darussalam,2021 Aug,81
Brunei Darussalam,2021 Sep,70
Brunei Darussalam,2021 Oct,121
Brunei Darussalam,2021 Nov,138
Brunei Darussalam,2021 Dec,231
Brunei Darussalam,2022 Jan,113
Brunei Darussalam,2022 Feb,163
Brunei Darussalam,2022 Mar,280
Brunei Darussalam,2022 Apr,807
Brunei Darussalam,2022 May,2271
Brunei Darussalam,2022 Jun,2202
Brunei Darussalam,2022 Jul,3239
Brunei Darussalam,2022 Aug,3426
Brunei Darussalam,2022 Sep,3809
Brunei Darussalam,2022 Oct,3733
Brunei Darussalam,2022 Nov,4273
Brunei Darussalam,2022 Dec,7324
Brunei Darussalam,2023 Jan,3653
Brunei Darussalam,2023 Feb,4739
Brunei Darussalam,2023 Mar,4460
Brunei Darussalam,2023 Apr,5850
Brunei Darussalam,2023 May,4570
Brunei Darussalam,2023 Jun,4121
Brunei Darussalam,2023 Jul,5108
Brunei Darussalam,2023 Aug,6214
Brunei Darussalam,2023 Sep,4502
Brunei Darussalam,2023 Oct,4390
Brunei Darussalam,2023 Nov,4799
Brunei Darussalam,2023 Dec,9281
Brunei Darussalam,2024 Jan,5215
Brunei Darussalam,2024 Feb,4582
Brunei Darussalam,2024 Mar,4779
Brunei Darussalam,2024 Apr,4844
Brunei Darussalam,2024 May,3857
Brunei Darussalam,2024 Jun,3711
Brunei Darussalam,2024 Jul,4401
Brunei Darussalam,2024 Aug,5679
Brunei Darussalam,2024 Sep,3968
Brunei Darussalam,2024 Oct,3959
Brunei Darussalam,2024 Nov,4500
Brunei Darussalam,2024 Dec,8439
Brunei Darussalam,2025 Jan,4535
Brunei Darussalam,2025 Feb,3766
Brunei Darussalam,2025 Mar,4435
Indonesia,2013 Jan,254725
Indonesia,2013 Feb,196059
Indonesia,2013 Mar,259244
Indonesia,2013 Apr,218602
Indonesia,2013 May,251092
Indonesia,2013 Jun,295907
Indonesia,2013 Jul,260700
Indonesia,2013 Aug,328174
Indonesia,2013 Sep,218751
Indonesia,2013 Oct,246115
Indonesia,2013 Nov,238233
Indonesia,2013 Dec,321257
Indonesia,2014 Jan,284126
Indonesia,2014 Feb,219036
Indonesia,2014 Mar,246308
Indonesia,2014 Apr,230236
Indonesia,2014 May,267714
Indonesia,2014 Jun,278181
Indonesia,2014 Jul,296880
Indonesia,2014 Aug,234710
Indonesia,2014 Sep,206593
Indonesia,2014 Oct,226630
Indonesia,2014 Nov,219369
Indonesia,2014 Dec,315395
Indonesia,2015 Jan,236295
Indonesia,2015 Feb,184183
Indonesia,2015 Mar,211347
Indonesia,2015 Apr,207138
Indonesia,2015 May,238688
Indonesia,2015 Jun,238403
Indonesia,2015 Jul,305600
Indonesia,2015 Aug,205671
Indonesia,2015 Sep,187629
Indonesia,2015 Oct,204574
Indonesia,2015 Nov,200687
Indonesia,2015 Dec,311475
Indonesia,2016 Jan,249876
Indonesia,2016 Feb,216284
Indonesia,2016 Mar,238160
Indonesia,2016 Apr,215353
Indonesia,2016 May,258606
Indonesia,2016 Jun,235444
Indonesia,2016 Jul,319759
Indonesia,2016 Aug,210626
Indonesia,2016 Sep,186610
Indonesia,2016 Oct,213070
Indonesia,2016 Nov,219845
Indonesia,2016 Dec,329994
Indonesia,2017 Jan,254634
Indonesia,2017 Feb,208853
Indonesia,2017 Mar,256636
Indonesia,2017 Apr,248048
Indonesia,2017 May,220534
Indonesia,2017 Jun,281171
Indonesia,2017 Jul,268010
Indonesia,2017 Aug,217339
Indonesia,2017 Sep,216278
Indonesia,2017 Oct,221036
Indonesia,2017 Nov,231705
Indonesia,2017 Dec,330156
Indonesia,2018 Jan,265384
Indonesia,2018 Feb,221178
Indonesia,2018 Mar,260685
Indonesia,2018 Apr,235260
Indonesia,2018 May,227536
Indonesia,2018 Jun,332990
Indonesia,2018 Jul,263277
Indonesia,2018 Aug,217787
Indonesia,2018 Sep,224629
Indonesia,2018 Oct,225244
Indonesia,2018 Nov,226425
Indonesia,2018 Dec,321060
Indonesia,2019 Jan,261622
Indonesia,2019 Feb,213991
Indonesia,2019 Mar,249164
Indonesia,2019 Apr,240868
Indonesia,2019 May,215825
Indonesia,2019 Jun,311036
Indonesia,2019 Jul,294173
Indonesia,2019 Aug,228095
Indonesia,2019 Sep,237637
Indonesia,2019 Oct,251936
Indonesia,2019 Nov,266774
Indonesia,2019 Dec,339505
Indonesia,2020 Jan,282144
Indonesia,2020 Feb,115351
Indonesia,2020 Mar,46499
Indonesia,2020 Apr,208
Indonesia,2020 May,196
Indonesia,2020 Jun,301
Indonesia,2020 Jul,793
Indonesia,2020 Aug,1027
Indonesia,2020 Sep,1428
Indonesia,2020 Oct,2424
Indonesia,2020 Nov,3121
Indonesia,2020 Dec,4204
Indonesia,2021 Jan,2625
Indonesia,2021 Feb,2176
Indonesia,2021 Mar,3032
Indonesia,2021 Apr,3278
Indonesia,2021 May,1800
Indonesia,2021 Jun,519
Indonesia,2021 Jul,156
Indonesia,2021 Aug,315
Indonesia,2021 Sep,669
Indonesia,2021 Oct,1954
Indonesia,2021 Nov,5756
Indonesia,2021 Dec,11177
Indonesia,2022 Jan,5885
Indonesia,2022 Feb,6872
Indonesia,2022 Mar,13622
Indonesia,2022 Apr,58330
Indonesia,2022 May,86745
Indonesia,2022 Jun,110094
Indonesia,2022 Jul,119086
Indonesia,2022 Aug,108252
Indonesia,2022 Sep,120169
Indonesia,2022 Oct,133408
Indonesia,2022 Nov,144444
Indonesia,2022 Dec,197261
Indonesia,2023 Jan,168975
Indonesia,2023 Feb,156448
Indonesia,2023 Mar,171507
Indonesia,2023 Apr,220067
Indonesia,2023 May,183758
Indonesia,2023 Jun,217052
Indonesia,2023 Jul,229886
Indonesia,2023 Aug,168122
Indonesia,2023 Sep,175603
Indonesia,2023 Oct,180884
Indonesia,2023 Nov,184281
Indonesia,2023 Dec,244322
Indonesia,2024 Jan,268958
Indonesia,2024 Feb,190713
Indonesia,2024 Mar,204970
Indonesia,2024 Apr,243892
Indonesia,2024 May,189182
Indonesia,2024 Jun,200085
Indonesia,2024 Jul,209826
Indonesia,2024 Aug,163910
Indonesia,2024 Sep,173613
Indonesia,2024 Oct,183714
Indonesia,2024 Nov,194446
Indonesia,2024 Dec,266033
Indonesia,2025 Jan,251770
Indonesia,2025 Feb,192599
Indonesia,2025 Mar,195890
Malaysia,2013 Jan,89300
Malaysia,2013 Feb,91895
Malaysia,2013 Mar,108683
Malaysia,2013 Apr,95414
Malaysia,2013 May,109517
Malaysia,2013 Jun,107286
Malaysia,2013 Jul,93299
Malaysia,2013 Aug,116392
Malaysia,2013 Sep,98973
Malaysia,2013 Oct,98097
Malaysia,2013 Nov,129955
Malaysia,2013 Dec,142131
Malaysia,2014 Jan,89482
Malaysia,2014 Feb,91181
Malaysia,2014 Mar,107002
Malaysia,2014 Apr,94982
Malaysia,2014 May,100648
Malaysia,2014 Jun,108945
Malaysia,2014 Jul,101461
Malaysia,2014 Aug,93222
Malaysia,2014 Sep,99339
Malaysia,2014 Oct,97184
Malaysia,2014 Nov,106313
Malaysia,2014 Dec,143276
Malaysia,2015 Jan,86193
Malaysia,2015 Feb,82408
Malaysia,2015 Mar,101929
Malaysia,2015 Apr,90515
Malaysia,2015 May,100340
Malaysia,2015 Jun,100074
Malaysia,2015 Jul,102347
Malaysia,2015 Aug,88834
Malaysia,2015 Sep,93334
Malaysia,2015 Oct,88338
Malaysia,2015 Nov,106214
Malaysia,2015 Dec,130551
Malaysia,2016 Jan,87208
Malaysia,2016 Feb,85850
Malaysia,2016 Mar,98135
Malaysia,2016 Apr,97070
Malaysia,2016 May,92668
Malaysia,2016 Jun,91901
Malaysia,2016 Jul,100397
Malaysia,2016 Aug,81655
Malaysia,2016 Sep,93519
Malaysia,2016 Oct,92736
Malaysia,2016 Nov,101549
Malaysia,2016 Dec,128897
Malaysia,2017 Jan,84504
Malaysia,2017 Feb,85058
Malaysia,2017 Mar,105372
Malaysia,2017 Apr,94550
Malaysia,2017 May,90335
Malaysia,2017 Jun,102776
Malaysia,2017 Jul,87138
Malaysia,2017 Aug,91135
Malaysia,2017 Sep,90837
Malaysia,2017 Oct,96015
Malaysia,2017 Nov,105404
Malaysia,2017 Dec,135260
Malaysia,2018 Jan,86833
Malaysia,2018 Feb,85212
Malaysia,2018 Mar,109897
Malaysia,2018 Apr,98351
Malaysia,2018 May,91244
Malaysia,2018 Jun,113049
Malaysia,2018 Jul,94611
Malaysia,2018 Aug,103490
Malaysia,2018 Sep,106880
Malaysia,2018 Oct,103676
Malaysia,2018 Nov,117793
Malaysia,2018 Dec,142986
Malaysia,2019 Jan,88293
Malaysia,2019 Feb,88706
Malaysia,2019 Mar,106200
Malaysia,2019 Apr,95076
Malaysia,2019 May,106518
Malaysia,2019 Jun,102074
Malaysia,2019 Jul,93071
Malaysia,2019 Aug,100225
Malaysia,2019 Sep,98438
Malaysia,2019 Oct,97378
Malaysia,2019 Nov,111473
Malaysia,2019 Dec,133278
Malaysia,2020 Jan,90720
Malaysia,2020 Feb,40829
Malaysia,2020 Mar,14887
Malaysia,2020 Apr,96
Malaysia,2020 May,157
Malaysia,2020 Jun,464
Malaysia,2020 Jul,626
Malaysia,2020 Aug,718
Malaysia,2020 Sep,1063
Malaysia,2020 Oct,1415
Malaysia,2020 Nov,1270
Malaysia,2020 Dec,1405
Malaysia,2021 Jan,1255
Malaysia,2021 Feb,1130
Malaysia,2021 Mar,1530
Malaysia,2021 Apr,1442
Malaysia,2021 May,844
Malaysia,2021 Jun,402
Malaysia,2021 Jul,554
Malaysia,2021 Aug,683
Malaysia,2021 Sep,797
Malaysia,2021 Oct,2104
Malaysia,2021 Nov,2537
Malaysia,2021 Dec,10939
Malaysia,2022 Jan,5203
Malaysia,2022 Feb,4468
Malaysia,2022 Mar,10610
Malaysia,2022 Apr,25319
Malaysia,2022 May,43214
Malaysia,2022 Jun,49878
Malaysia,2022 Jul,61575
Malaysia,2022 Aug,63905
Malaysia,2022 Sep,81914
Malaysia,2022 Oct,77092
Malaysia,2022 Nov,72305
Malaysia,2022 Dec,95475
Malaysia,2023 Jan,72756
Malaysia,2023 Feb,88040
Malaysia,2023 Mar,97835
Malaysia,2023 Apr,98190
Malaysia,2023 May,98347
Malaysia,2023 Jun,85945
Malaysia,2023 Jul,84876
Malaysia,2023 Aug,88044
Malaysia,2023 Sep,89384
Malaysia,2023 Oct,88643
Malaysia,2023 Nov,93414
Malaysia,2023 Dec,102683
Malaysia,2024 Jan,93381
Malaysia,2024 Feb,100051
Malaysia,2024 Mar,120242
Malaysia,2024 Apr,106186
Malaysia,2024 May,95621
Malaysia,2024 Jun,83558
Malaysia,2024 Jul,83068
Malaysia,2024 Aug,79895
Malaysia,2024 Sep,112151
Malaysia,2024 Oct,103432
Malaysia,2024 Nov,101920
Malaysia,2024 Dec,105622
Malaysia,2025 Jan,102324
Malaysia,2025 Feb,105744
Malaysia,2025 Mar,104150
Myanmar,2013 Jan,6819
Myanmar,2013 Feb,5680
Myanmar,2013 Mar,8693
Myanmar,2013 Apr,13031
Myanmar,2013 May,8432
Myanmar,2013 Jun,7718
Myanmar,2013 Jul,8427
Myanmar,2013 Aug,7020
Myanmar,2013 Sep,7190
Myanmar,2013 Oct,8934
Myanmar,2013 Nov,7531
Myanmar,2013 Dec,9892
Myanmar,2014 Jan,7807
Myanmar,2014 Feb,7513
Myanmar,2014 Mar,9789
Myanmar,2014 Apr,15255
Myanmar,2014 May,9538
Myanmar,2014 Jun,9530
Myanmar,2014 Jul,9345
Myanmar,2014 Aug,8903
Myanmar,2014 Sep,8294
Myanmar,2014 Oct,8958
Myanmar,2014 Nov,7973
Myanmar,2014 Dec,9859
Myanmar,2015 Jan,7825
Myanmar,2015 Feb,6204
Myanmar,2015 Mar,9681
Myanmar,2015 Apr,12969
Myanmar,2015 May,9162
Myanmar,2015 Jun,9326
Myanmar,2015 Jul,8757
Myanmar,2015 Aug,8000
Myanmar,2015 Sep,7461
Myanmar,2015 Oct,8762
Myanmar,2015 Nov,7625
Myanmar,2015 Dec,9680
Myanmar,2016 Jan,7703
Myanmar,2016 Feb,7090
Myanmar,2016 Mar,10517
Myanmar,2016 Apr,14495
Myanmar,2016 May,9470
Myanmar,2016 Jun,9731
Myanmar,2016 Jul,9937
Myanmar,2016 Aug,8012
Myanmar,2016 Sep,7102
Myanmar,2016 Oct,8218
Myanmar,2016 Nov,7648
Myanmar,2016 Dec,13691
Myanmar,2017 Jan,9902
Myanmar,2017 Feb,9783
Myanmar,2017 Mar,12656
Myanmar,2017 Apr,19610
Myanmar,2017 May,11705
Myanmar,2017 Jun,12144
Myanmar,2017 Jul,12619
Myanmar,2017 Aug,10934
Myanmar,2017 Sep,9888
Myanmar,2017 Oct,11616
Myanmar,2017 Nov,11402
Myanmar,2017 Dec,13462
Myanmar,2018 Jan,9883
Myanmar,2018 Feb,9594
Myanmar,2018 Mar,13797
Myanmar,2018 Apr,16422
Myanmar,2018 May,12274
Myanmar,2018 Jun,12008
Myanmar,2018 Jul,13189
Myanmar,2018 Aug,10759
Myanmar,2018 Sep,10211
Myanmar,2018 Oct,12874
Myanmar,2018 Nov,11846
Myanmar,2018 Dec,12753
Myanmar,2019 Jan,11074
Myanmar,2019 Feb,10522
Myanmar,2019 Mar,13499
Myanmar,2019 Apr,16252
Myanmar,2019 May,13300
Myanmar,2019 Jun,12899
Myanmar,2019 Jul,14805
Myanmar,2019 Aug,11942
Myanmar,2019 Sep,11742
Myanmar,2019 Oct,13824
Myanmar,2019 Nov,12598
Myanmar,2019 Dec,13536
Myanmar,2020 Jan,11341
Myanmar,2020 Feb,8018
Myanmar,2020 Mar,4762
Myanmar,2020 Apr,6
Myanmar,2020 May,7
Myanmar,2020 Jun,8
Myanmar,2020 Jul,52
Myanmar,2020 Aug,155
Myanmar,2020 Sep,244
Myanmar,2020 Oct,331
Myanmar,2020 Nov,472
Myanmar,2020 Dec,716
Myanmar,2021 Jan,1223
Myanmar,2021 Feb,905
Myanmar,2021 Mar,964
Myanmar,2021 Apr,1176
Myanmar,2021 May,720
Myanmar,2021 Jun,175
Myanmar,2021 Jul,247
Myanmar,2021 Aug,87
Myanmar,2021 Sep,159
Myanmar,2021 Oct,312
Myanmar,2021 Nov,1242
Myanmar,2021 Dec,2991
Myanmar,2022 Jan,2954
Myanmar,2022 Feb,2024
Myanmar,2022 Mar,3516
Myanmar,2022 Apr,5474
Myanmar,2022 May,6218
Myanmar,2022 Jun,9095
Myanmar,2022 Jul,10398
Myanmar,2022 Aug,8594
Myanmar,2022 Sep,8341
Myanmar,2022 Oct,9078
Myanmar,2022 Nov,9070
Myanmar,2022 Dec,10523
Myanmar,2023 Jan,8982
Myanmar,2023 Feb,7734
Myanmar,2023 Mar,9122
Myanmar,2023 Apr,11787
Myanmar,2023 May,10104
Myanmar,2023 Jun,9877
Myanmar,2023 Jul,10811
Myanmar,2023 Aug,10159
Myanmar,2023 Sep,10631
Myanmar,2023 Oct,11360
Myanmar,2023 Nov,11774
Myanmar,2023 Dec,13146
Myanmar,2024 Jan,12361
Myanmar,2024 Feb,10682
Myanmar,2024 Mar,15327
Myanmar,2024 Apr,15985
Myanmar,2024 May,13356
Myanmar,2024 Jun,12154
Myanmar,2024 Jul,12474
Myanmar,2024 Aug,9852
Myanmar,2024 Sep,9580
Myanmar,2024 Oct,11801
Myanmar,2024 Nov,11345
Myanmar,2024 Dec,14421
Myanmar,2025 Jan,11794
Myanmar,2025 Feb,10923
Myanmar,2025 Mar,14813
Philippines,2013 Jan,44201
Philippines,2013 Feb,44540
Philippines,2013 Mar,63521
Philippines,2013 Apr,73215
Philippines,2013 May,76929
Philippines,2013 Jun,55868
Philippines,2013 Jul,49225
Philippines,2013 Aug,51817
Philippines,2013 Sep,47879
Philippines,2013 Oct,61360
Philippines,2013 Nov,55195
Philippines,2013 Dec,64044
Philippines,2014 Jan,43702
Philippines,2014 Feb,44539
Philippines,2014 Mar,57050
Philippines,2014 Apr,73558
Philippines,2014 May,76976
Philippines,2014 Jun,56224
Philippines,2014 Jul,49506
Philippines,2014 Aug,51074
Philippines,2014 Sep,47246
Philippines,2014 Oct,58572
Philippines,2014 Nov,53508
Philippines,2014 Dec,64526
Philippines,2015 Jan,42839
Philippines,2015 Feb,41155
Philippines,2015 Mar,53649
Philippines,2015 Apr,72259
Philippines,2015 May,72159
Philippines,2015 Jun,53329
Philippines,2015 Jul,49724
Philippines,2015 Aug,52997
Philippines,2015 Sep,48209
Philippines,2015 Oct,58357
Philippines,2015 Nov,60583
Philippines,2015 Dec,68114
Philippines,2016 Jan,44334
Philippines,2016 Feb,47217
Philippines,2016 Mar,58963
Philippines,2016 Apr,74245
Philippines,2016 May,76646
Philippines,2016 Jun,56702
Philippines,2016 Jul,55005
Philippines,2016 Aug,50362
Philippines,2016 Sep,45804
Philippines,2016 Oct,57924
Philippines,2016 Nov,55814
Philippines,2016 Dec,68624
Philippines,2017 Jan,46187
Philippines,2017 Feb,51160
Philippines,2017 Mar,61816
Philippines,2017 Apr,81952
Philippines,2017 May,77671
Philippines,2017 Jun,62002
Philippines,2017 Jul,58727
Philippines,2017 Aug,53539
Philippines,2017 Sep,52500
Philippines,2017 Oct,60194
Philippines,2017 Nov,64826
Philippines,2017 Dec,65926
Philippines,2018 Jan,45184
Philippines,2018 Feb,45279
Philippines,2018 Mar,62876
Philippines,2018 Apr,79128
Philippines,2018 May,83657
Philippines,2018 Jun,68932
Philippines,2018 Jul,64757
Philippines,2018 Aug,63556
Philippines,2018 Sep,57241
Philippines,2018 Oct,68218
Philippines,2018 Nov,66526
Philippines,2018 Dec,72787
Philippines,2019 Jan,49245
Philippines,2019 Feb,52211
Philippines,2019 Mar,59383
Philippines,2019 Apr,83453
Philippines,2019 May,89800
Philippines,2019 Jun,73977
Philippines,2019 Jul,68893
Philippines,2019 Aug,66587
Philippines,2019 Sep,62660
Philippines,2019 Oct,73812
Philippines,2019 Nov,72701
Philippines,2019 Dec,76603
Philippines,2020 Jan,49522
Philippines,2020 Feb,32073
Philippines,2020 Mar,11860
Philippines,2020 Apr,32
Philippines,2020 May,65
Philippines,2020 Jun,128
Philippines,2020 Jul,400
Philippines,2020 Aug,480
Philippines,2020 Sep,360
Philippines,2020 Oct,1076
Philippines,2020 Nov,710
Philippines,2020 Dec,1175
Philippines,2021 Jan,763
Philippines,2021 Feb,880
Philippines,2021 Mar,1112
Philippines,2021 Apr,789
Philippines,2021 May,745
Philippines,2021 Jun,262
Philippines,2021 Jul,438
Philippines,2021 Aug,392
Philippines,2021 Sep,655
Philippines,2021 Oct,1042
Philippines,2021 Nov,2450
Philippines,2021 Dec,1966
Philippines,2022 Jan,1469
Philippines,2022 Feb,2026
Philippines,2022 Mar,6250
Philippines,2022 Apr,16940
Philippines,2022 May,22379
Philippines,2022 Jun,32139
Philippines,2022 Jul,45338
Philippines,2022 Aug,42542
Philippines,2022 Sep,44856
Philippines,2022 Oct,56747
Philippines,2022 Nov,54793
Philippines,2022 Dec,56509
Philippines,2023 Jan,38484
Philippines,2023 Feb,47446
Philippines,2023 Mar,50591
Philippines,2023 Apr,57030
Philippines,2023 May,59346
Philippines,2023 Jun,71409
Philippines,2023 Jul,77160
Philippines,2023 Aug,61802
Philippines,2023 Sep,50679
Philippines,2023 Oct,54649
Philippines,2023 Nov,61213
Philippines,2023 Dec,62866
Philippines,2024 Jan,46287
Philippines,2024 Feb,55604
Philippines,2024 Mar,100271
Philippines,2024 Apr,53154
Philippines,2024 May,58311
Philippines,2024 Jun,76120
Philippines,2024 Jul,72589
Philippines,2024 Aug,60174
Philippines,2024 Sep,55976
Philippines,2024 Oct,61489
Philippines,2024 Nov,66942
Philippines,2024 Dec,72162
Philippines,2025 Jan,49088
Philippines,2025 Feb,50140
Philippines,2025 Mar,51623
Thailand,2013 Jan,32897
Thailand,2013 Feb,30311
Thailand,2013 Mar,44202
Thailand,2013 Apr,54728
Thailand,2013 May,48171
Thailand,2013 Jun,36018
Thailand,2013 Jul,41912
Thailand,2013 Aug,36548
Thailand,2013 Sep,36254
Thailand,2013 Oct,58887
Thailand,2013 Nov,34685
Thailand,2013 Dec,42796
Thailand,2014 Jan,35263
Thailand,2014 Feb,35161
Thailand,2014 Mar,46338
Thailand,2014 Apr,56136
Thailand,2014 May,46683
Thailand,2014 Jun,39083
Thailand,2014 Jul,43785
Thailand,2014 Aug,40849
Thailand,2014 Sep,35122
Thailand,2014 Oct,53916
Thailand,2014 Nov,35138
Thailand,2014 Dec,39035
Thailand,2015 Jan,36798
Thailand,2015 Feb,29889
Thailand,2015 Mar,43504
Thailand,2015 Apr,47838
Thailand,2015 May,45674
Thailand,2015 Jun,40121
Thailand,2015 Jul,45729
Thailand,2015 Aug,39579
Thailand,2015 Sep,39567
Thailand,2015 Oct,63693
Thailand,2015 Nov,38576
Thailand,2015 Dec,45441
Thailand,2016 Jan,44330
Thailand,2016 Feb,38650
Thailand,2016 Mar,48381
Thailand,2016 Apr,62514
Thailand,2016 May,52331
Thailand,2016 Jun,36982
Thailand,2016 Jul,49788
Thailand,2016 Aug,39434
Thailand,2016 Sep,36911
Thailand,2016 Oct,58094
Thailand,2016 Nov,35520
Thailand,2016 Dec,43619
Thailand,2017 Jan,36813
Thailand,2017 Feb,38502
Thailand,2017 Mar,47025
Thailand,2017 Apr,58504
Thailand,2017 May,47074
Thailand,2017 Jun,34623
Thailand,2017 Jul,48620
Thailand,2017 Aug,40993
Thailand,2017 Sep,39692
Thailand,2017 Oct,61448
Thailand,2017 Nov,39331
Thailand,2017 Dec,38710
Thailand,2018 Jan,38143
Thailand,2018 Feb,34566
Thailand,2018 Mar,47744
Thailand,2018 Apr,61015
Thailand,2018 May,49858
Thailand,2018 Jun,38113
Thailand,2018 Jul,53379
Thailand,2018 Aug,40452
Thailand,2018 Sep,40580
Thailand,2018 Oct,65734
Thailand,2018 Nov,38796
Thailand,2018 Dec,37270
Thailand,2019 Jan,34822
Thailand,2019 Feb,33685
Thailand,2019 Mar,45072
Thailand,2019 Apr,57010
Thailand,2019 May,45735
Thailand,2019 Jun,35558
Thailand,2019 Jul,51916
Thailand,2019 Aug,39919
Thailand,2019 Sep,39776
Thailand,2019 Oct,63335
Thailand,2019 Nov,40986
Thailand,2019 Dec,40733
Thailand,2020 Jan,34152
Thailand,2020 Feb,24667
Thailand,2020 Mar,2898
Thailand,2020 Apr,153
Thailand,2020 May,138
Thailand,2020 Jun,158
Thailand,2020 Jul,243
Thailand,2020 Aug,206
Thailand,2020 Sep,260
Thailand,2020 Oct,229
Thailand,2020 Nov,195
Thailand,2020 Dec,323
Thailand,2021 Jan,221
Thailand,2021 Feb,179
Thailand,2021 Mar,178
Thailand,2021 Apr,246
Thailand,2021 May,163
Thailand,2021 Jun,99
Thailand,2021 Jul,334
Thailand,2021 Aug,264
Thailand,2021 Sep,290
Thailand,2021 Oct,623
Thailand,2021 Nov,361
Thailand,2021 Dec,1421
Thailand,2022 Jan,1060
Thailand,2022 Feb,1622
Thailand,2022 Mar,3038
Thailand,2022 Apr,10647
Thailand,2022 May,18487
Thailand,2022 Jun,23406
Thailand,2022 Jul,36615
Thailand,2022 Aug,33284
Thailand,2022 Sep,32426
Thailand,2022 Oct,52274
Thailand,2022 Nov,34566
Thailand,2022 Dec,36006
Thailand,2023 Jan,29735
Thailand,2023 Feb,37156
Thailand,2023 Mar,43145
Thailand,2023 Apr,49727
Thailand,2023 May,40375
Thailand,2023 Jun,31029
Thailand,2023 Jul,41367
Thailand,2023 Aug,34938
Thailand,2023 Sep,32307
Thailand,2023 Oct,53442
Thailand,2023 Nov,26808
Thailand,2023 Dec,29987
Thailand,2024 Jan,27194
Thailand,2024 Feb,31089
Thailand,2024 Mar,45975
Thailand,2024 Apr,42507
Thailand,2024 May,32818
Thailand,2024 Jun,25459
Thailand,2024 Jul,32834
Thailand,2024 Aug,27966
Thailand,2024 Sep,27707
Thailand,2024 Oct,44447
Thailand,2024 Nov,26740
Thailand,2024 Dec,30436
Thailand,2025 Jan,23423
Thailand,2025 Feb,26693
Thailand,2025 Mar,29757
Vietnam,2013 Jan,22879
Vietnam,2013 Feb,28981
Vietnam,2013 Mar,27732
Vietnam,2013 Apr,31863
Vietnam,2013 May,30496
Vietnam,2013 Jun,42194
Vietnam,2013 Jul,47834
Vietnam,2013 Aug,34980
Vietnam,2013 Sep,28276
Vietnam,2013 Oct,29011
Vietnam,2013 Nov,27353
Vietnam,2013 Dec,28896
Vietnam,2014 Jan,26071
Vietnam,2014 Feb,33053
Vietnam,2014 Mar,31060
Vietnam,2014 Apr,30234
Vietnam,2014 May,36630
Vietnam,2014 Jun,48999
Vietnam,2014 Jul,55951
Vietnam,2014 Aug,41775
Vietnam,2014 Sep,28960
Vietnam,2014 Oct,30552
Vietnam,2014 Nov,29938
Vietnam,2014 Dec,31185
Vietnam,2015 Jan,28632
Vietnam,2015 Feb,28150
Vietnam,2015 Mar,30907
Vietnam,2015 Apr,36472
Vietnam,2015 May,35974
Vietnam,2015 Jun,45490
Vietnam,2015 Jul,54711
Vietnam,2015 Aug,39519
Vietnam,2015 Sep,28282
Vietnam,2015 Oct,30686
Vietnam,2015 Nov,29284
Vietnam,2015 Dec,30159
Vietnam,2016 Jan,29145
Vietnam,2016 Feb,35731
Vietnam,2016 Mar,33122
Vietnam,2016 Apr,38398
Vietnam,2016 May,40046
Vietnam,2016 Jun,52449
Vietnam,2016 Jul,59800
Vietnam,2016 Aug,46773
Vietnam,2016 Sep,32777
Vietnam,2016 Oct,32192
Vietnam,2016 Nov,33482
Vietnam,2016 Dec,35494
Vietnam,2017 Jan,35367
Vietnam,2017 Feb,34586
Vietnam,2017 Mar,37887
Vietnam,2017 Apr,39370
Vietnam,2017 May,43434
Vietnam,2017 Jun,62831
Vietnam,2017 Jul,71153
Vietnam,2017 Aug,51866
Vietnam,2017 Sep,40270
Vietnam,2017 Oct,39013
Vietnam,2017 Nov,36964
Vietnam,2017 Dec,38618
Vietnam,2018 Jan,35882
Vietnam,2018 Feb,42823
Vietnam,2018 Mar,41109
Vietnam,2018 Apr,48758
Vietnam,2018 May,53025
Vietnam,2018 Jun,69697
Vietnam,2018 Jul,79816
Vietnam,2018 Aug,60051
Vietnam,2018 Sep,43407
Vietnam,2018 Oct,41185
Vietnam,2018 Nov,38089
Vietnam,2018 Dec,37772
Vietnam,2019 Jan,32747
Vietnam,2019 Feb,44283
Vietnam,2019 Mar,41153
Vietnam,2019 Apr,45613
Vietnam,2019 May,49071
Vietnam,2019 Jun,72441
Vietnam,2019 Jul,78515
Vietnam,2019 Aug,59034
Vietnam,2019 Sep,44012
Vietnam,2019 Oct,41501
Vietnam,2019 Nov,45125
Vietnam,2019 Dec,38451
Vietnam,2020 Jan,46350
Vietnam,2020 Feb,19791
Vietnam,2020 Mar,5390
Vietnam,2020 Apr,5
Vietnam,2020 May,11
Vietnam,2020 Jun,40
Vietnam,2020 Jul,169
Vietnam,2020 Aug,230
Vietnam,2020 Sep,310
Vietnam,2020 Oct,759
Vietnam,2020 Nov,566
Vietnam,2020 Dec,803
Vietnam,2021 Jan,553
Vietnam,2021 Feb,286
Vietnam,2021 Mar,363
Vietnam,2021 Apr,239
Vietnam,2021 May,147
Vietnam,2021 Jun,36
Vietnam,2021 Jul,116
Vietnam,2021 Aug,89
Vietnam,2021 Sep,104
Vietnam,2021 Oct,264
Vietnam,2021 Nov,407
Vietnam,2021 Dec,840
Vietnam,2022 Jan,627
Vietnam,2022 Feb,1055
Vietnam,2022 Mar,2932
Vietnam,2022 Apr,16657
Vietnam,2022 May,21570
Vietnam,2022 Jun,36857
Vietnam,2022 Jul,48870
Vietnam,2022 Aug,48939
Vietnam,2022 Sep,41129
Vietnam,2022 Oct,36242
Vietnam,2022 Nov,30175
Vietnam,2022 Dec,27661
Vietnam,2023 Jan,31824
Vietnam,2023 Feb,27896
Vietnam,2023 Mar,31347
Vietnam,2023 Apr,36630
Vietnam,2023 May,50765
Vietnam,2023 Jun,48924
Vietnam,2023 Jul,60188
Vietnam,2023 Aug,51381
Vietnam,2023 Sep,34736
Vietnam,2023 Oct,32730
Vietnam,2023 Nov,27484
Vietnam,2023 Dec,24680
Vietnam,2024 Jan,25911
Vietnam,2024 Feb,31776
Vietnam,2024 Mar,35358
Vietnam,2024 Apr,30810
Vietnam,2024 May,31215
Vietnam,2024 Jun,42327
Vietnam,2024 Jul,50619
Vietnam,2024 Aug,43400
Vietnam,2024 Sep,27636
Vietnam,2024 Oct,27140
Vietnam,2024 Nov,24350
Vietnam,2024 Dec,22642
Vietnam,2025 Jan,26655
Vietnam,2025 Feb,23210
Vietnam,2025 Mar,23240
Other Markets In Southeast Asia,2013 Jan,3419
Other Markets In Southeast Asia,2013 Feb,3453
Other Markets In Southeast Asia,2013 Mar,3467
Other Markets In Southeast Asia,2013 Apr,6049
Other Markets In Southeast Asia,2013 May,4679
Other Markets In Southeast Asia,2013 Jun,4179
Other Markets In Southeast Asia,2013 Jul,4775
Other Markets In Southeast Asia,2013 Aug,4062
Other Markets In Southeast Asia,2013 Sep,3776
Other Markets In Southeast Asia,2013 Oct,4706
Other Markets In Southeast Asia,2013 Nov,4760
Other Markets In Southeast Asia,2013 Dec,4338
Other Markets In Southeast Asia,2014 Jan,4336
Other Markets In Southeast Asia,2014 Feb,4653
Other Markets In Southeast Asia,2014 Mar,3821
Other Markets In Southeast Asia,2014 Apr,6759
Other Markets In Southeast Asia,2014 May,5412
Other Markets In Southeast Asia,2014 Jun,4353
Other Markets In Southeast Asia,2014 Jul,5061
Other Markets In Southeast Asia,2014 Aug,4653
Other Markets In Southeast Asia,2014 Sep,5172
Other Markets In Southeast Asia,2014 Oct,3787
Other Markets In Southeast Asia,2014 Nov,5114
Other Markets In Southeast Asia,2014 Dec,3924
Other Markets In Southeast Asia,2015 Jan,4030
Other Markets In Southeast Asia,2015 Feb,3641
Other Markets In Southeast Asia,2015 Mar,3993
Other Markets In Southeast Asia,2015 Apr,6045
Other Markets In Southeast Asia,2015 May,4699
Other Markets In Southeast Asia,2015 Jun,4657
Other Markets In Southeast Asia,2015 Jul,5465
Other Markets In Southeast Asia,2015 Aug,4952
Other Markets In Southeast Asia,2015 Sep,3912
Other Markets In Southeast Asia,2015 Oct,5817
Other Markets In Southeast Asia,2015 Nov,5968
Other Markets In Southeast Asia,2015 Dec,5114
Other Markets In Southeast Asia,2016 Jan,4813
Other Markets In Southeast Asia,2016 Feb,5006
Other Markets In Southeast Asia,2016 Mar,4645
Other Markets In Southeast Asia,2016 Apr,8517
Other Markets In Southeast Asia,2016 May,6260
Other Markets In Southeast Asia,2016 Jun,5215
Other Markets In Southeast Asia,2016 Jul,6195
Other Markets In Southeast Asia,2016 Aug,6225
Other Markets In Southeast Asia,2016 Sep,4904
Other Markets In Southeast Asia,2016 Oct,5342
Other Markets In Southeast Asia,2016 Nov,6834
Other Markets In Southeast Asia,2016 Dec,7204
Other Markets In Southeast Asia,2017 Jan,6108
Other Markets In Southeast Asia,2017 Feb,5417
Other Markets In Southeast Asia,2017 Mar,5308
Other Markets In Southeast Asia,2017 Apr,9116
Other Markets In Southeast Asia,2017 May,6736
Other Markets In Southeast Asia,2017 Jun,5851
Other Markets In Southeast Asia,2017 Jul,8495
Other Markets In Southeast Asia,2017 Aug,7401
Other Markets In Southeast Asia,2017 Sep,9261
Other Markets In Southeast Asia,2017 Oct,7500
Other Markets In Southeast Asia,2017 Nov,8962
Other Markets In Southeast Asia,2017 Dec,8841
Other Markets In Southeast Asia,2018 Jan,7726
Other Markets In Southeast Asia,2018 Feb,8085
Other Markets In Southeast Asia,2018 Mar,8969
Other Markets In Southeast Asia,2018 Apr,11981
Other Markets In Southeast Asia,2018 May,10875
Other Markets In Southeast Asia,2018 Jun,7605
Other Markets In Southeast Asia,2018 Jul,8881
Other Markets In Southeast Asia,2018 Aug,7890
Other Markets In Southeast Asia,2018 Sep,8235
Other Markets In Southeast Asia,2018 Oct,11302
Other Markets In Southeast Asia,2018 Nov,9039
Other Markets In Southeast Asia,2018 Dec,8926
Other Markets In Southeast Asia,2019 Jan,8054
Other Markets In Southeast Asia,2019 Feb,7902
Other Markets In Southeast Asia,2019 Mar,7836
Other Markets In Southeast Asia,2019 Apr,11022
Other Markets In Southeast Asia,2019 May,9623
Other Markets In Southeast Asia,2019 Jun,8856
Other Markets In Southeast Asia,2019 Jul,10533
Other Markets In Southeast Asia,2019 Aug,10000
Other Markets In Southeast Asia,2019 Sep,11043
Other Markets In Southeast Asia,2019 Oct,9523
Other Markets In Southeast Asia,2019 Nov,9657
Other Markets In Southeast Asia,2019 Dec,10503
Other Markets In Southeast Asia,2020 Jan,9392
Other Markets In Southeast Asia,2020 Feb,4523
Other Markets In Southeast Asia,2020 Mar,1217
Other Markets In Southeast Asia,2020 Apr,0
Other Markets In Southeast Asia,2020 May,0
Other Markets In Southeast Asia,2020 Jun,0
Other Markets In Southeast Asia,2020 Jul,13
Other Markets In Southeast Asia,2020 Aug,9
Other Markets In Southeast Asia,2020 Sep,14
Other Markets In Southeast Asia,2020 Oct,24
Other Markets In Southeast Asia,2020 Nov,19
Other Markets In Southeast Asia,2020 Dec,30
Other Markets In Southeast Asia,2021 Jan,38
Other Markets In Southeast Asia,2021 Feb,26
Other Markets In Southeast Asia,2021 Mar,33
Other Markets In Southeast Asia,2021 Apr,12
Other Markets In Southeast Asia,2021 May,11
Other Markets In Southeast Asia,2021 Jun,4
Other Markets In Southeast Asia,2021 Jul,19
Other Markets In Southeast Asia,2021 Aug,22
Other Markets In Southeast Asia,2021 Sep,30
Other Markets In Southeast Asia,2021 Oct,28
Other Markets In Southeast Asia,2021 Nov,46
Other Markets In Southeast Asia,2021 Dec,441
Other Markets In Southeast Asia,2022 Jan,252
Other Markets In Southeast Asia,2022 Feb,530
Other Markets In Southeast Asia,2022 Mar,922
Other Markets In Southeast Asia,2022 Apr,3120
Other Markets In Southeast Asia,2022 May,3772
Other Markets In Southeast Asia,2022 Jun,5417
Other Markets In Southeast Asia,2022 Jul,7040
Other Markets In Southeast Asia,2022 Aug,6878
Other Markets In Southeast Asia,2022 Sep,7725
Other Markets In Southeast Asia,2022 Oct,6353
Other Markets In Southeast Asia,2022 Nov,8631
Other Markets In Southeast Asia,2022 Dec,8097
Other Markets In Southeast Asia,2023 Jan,7846
Other Markets In Southeast Asia,2023 Feb,7037
Other Markets In Southeast Asia,2023 Mar,6927
Other Markets In Southeast Asia,2023 Apr,10053
Other Markets In Southeast Asia,2023 May,8998
Other Markets In Southeast Asia,2023 Jun,7457
Other Markets In Southeast Asia,2023 Jul,9640
Other Markets In Southeast Asia,2023 Aug,8992
Other Markets In Southeast Asia,2023 Sep,6264
Other Markets In Southeast Asia,2023 Oct,8829
Other Markets In Southeast Asia,2023 Nov,8292
Other Markets In Southeast Asia,2023 Dec,8703
Other Markets In Southeast Asia,2024 Jan,6834
Other Markets In Southeast Asia,2024 Feb,5898
Other Markets In Southeast Asia,2024 Mar,7201
Other Markets In Southeast Asia,2024 Apr,9059
Other Markets In Southeast Asia,2024 May,6709
Other Markets In Southeast Asia,2024 Jun,7548
Other Markets In Southeast Asia,2024 Jul,9435
Other Markets In Southeast Asia,2024 Aug,7701
Other Markets In Southeast Asia,2024 Sep,6720
Other Markets In Southeast Asia,2024 Oct,8052
Other Markets In Southeast Asia,2024 Nov,7633
Other Markets In Southeast Asia,2024 Dec,8565
Other Markets In Southeast Asia,2025 Jan,6961
Other Markets In Southeast Asia,2025 Feb,6145
Other Markets In Southeast Asia,2025 Mar,5928
Greater China,2013 Jan,256173
Greater China,2013 Feb,342660
Greater China,2013 Mar,280596
Greater China,2013 Apr,293857
Greater China,2013 May,263093
Greater China,2013 Jun,243393
Greater China,2013 Jul,366741
Greater China,2013 Aug,348046
Greater China,2013 Sep,241300
Greater China,2013 Oct,180418
Greater China,2013 Nov,182352
Greater China,2013 Dec,188271
Greater China,2014 Jan,264443
Greater China,2014 Feb,287243
Greater China,2014 Mar,232681
Greater China,2014 Apr,224305
Greater China,2014 May,172254
Greater China,2014 Jun,167167
Greater China,2014 Jul,309197
Greater China,2014 Aug,305291
Greater China,2014 Sep,173014
Greater China,2014 Oct,200246
Greater China,2014 Nov,194072
Greater China,2014 Dec,192653
Greater China,2015 Jan,207586
Greater China,2015 Feb,327971
Greater China,2015 Mar,198908
Greater China,2015 Apr,243881
Greater China,2015 May,214376
Greater China,2015 Jun,222897
Greater China,2015 Jul,383975
Greater China,2015 Aug,408047
Greater China,2015 Sep,219786
Greater China,2015 Oct,236418
Greater China,2015 Nov,221707
Greater China,2015 Dec,240080
Greater China,2016 Jan,302777
Greater China,2016 Feb,373011
Greater China,2016 Mar,328713
Greater China,2016 Apr,346908
Greater China,2016 May,304453
Greater China,2016 Jun,302687
Greater China,2016 Jul,430751
Greater China,2016 Aug,433176
Greater China,2016 Sep,232061
Greater China,2016 Oct,232317
Greater China,2016 Nov,247733
Greater China,2016 Dec,286667
Greater China,2017 Jan,389744
Greater China,2017 Feb,342756
Greater China,2017 Mar,328080
Greater China,2017 Apr,338068
Greater China,2017 May,298939
Greater China,2017 Jun,283320
Greater China,2017 Jul,455964
Greater China,2017 Aug,458502
Greater China,2017 Sep,289803
Greater China,2017 Oct,313669
Greater China,2017 Nov,311846
Greater China,2017 Dec,305363
Greater China,2018 Jan,358429
Greater China,2018 Feb,452920
Greater China,2018 Mar,349144
Greater China,2018 Apr,370121
Greater China,2018 May,330962
Greater China,2018 Jun,316668
Greater China,2018 Jul,470287
Greater China,2018 Aug,487260
Greater China,2018 Sep,309748
Greater China,2018 Oct,314537
Greater China,2018 Nov,280164
Greater China,2018 Dec,302561
Greater China,2019 Jan,393850
Greater China,2019 Feb,423941
Greater China,2019 Mar,365215
Greater China,2019 Apr,389376
Greater China,2019 May,349842
Greater China,2019 Jun,338988
Greater China,2019 Jul,498897
Greater China,2019 Aug,499809
Greater China,2019 Sep,318888
Greater China,2019 Oct,331072
Greater China,2019 Nov,319671
Greater China,2019 Dec,342199
Greater China,2020 Jan,413392
Greater China,2020 Feb,36496
Greater China,2020 Mar,8410
Greater China,2020 Apr,33
Greater China,2020 May,29
Greater China,2020 Jun,220
Greater China,2020 Jul,1410
Greater China,2020 Aug,2622
Greater China,2020 Sep,2845
Greater China,2020 Oct,3626
Greater China,2020 Nov,4475
Greater China,2020 Dec,8422
Greater China,2021 Jan,7222
Greater China,2021 Feb,4984
Greater China,2021 Mar,9467
Greater China,2021 Apr,9591
Greater China,2021 May,7852
Greater China,2021 Jun,7383
Greater China,2021 Jul,13514
Greater China,2021 Aug,9978
Greater China,2021 Sep,10099
Greater China,2021 Oct,6971
Greater China,2021 Nov,4307
Greater China,2021 Dec,5963
Greater China,2022 Jan,5759
Greater China,2022 Feb,6177
Greater China,2022 Mar,8563
Greater China,2022 Apr,13729
Greater China,2022 May,17723
Greater China,2022 Jun,23566
Greater China,2022 Jul,35493
Greater China,2022 Aug,33996
Greater China,2022 Sep,36676
Greater China,2022 Oct,42415
Greater China,2022 Nov,49506
Greater China,2022 Dec,60836
Greater China,2023 Jan,89388
Greater China,2023 Feb,82278
Greater China,2023 Mar,105132
Greater China,2023 Apr,150903
Greater China,2023 May,148053
Greater China,2023 Jun,167228
Greater China,2023 Jul,309869
Greater China,2023 Aug,289817
Greater China,2023 Sep,188758
Greater China,2023 Oct,177880
Greater China,2023 Nov,150216
Greater China,2023 Dec,176872
Greater China,2024 Jan,276899
Greater China,2024 Feb,401348
Greater China,2024 Mar,315946
Greater China,2024 Apr,278900
Greater China,2024 May,276637
Greater China,2024 Jun,277314
Greater China,2024 Jul,500095
Greater China,2024 Aug,484556
Greater China,2024 Sep,275553
Greater China,2024 Oct,290844
Greater China,2024 Nov,224281
Greater China,2024 Dec,240770
Greater China,2025 Jan,452739
Greater China,2025 Feb,324393
Greater China,2025 Mar,238828
China,2013 Jan,189107
China,2013 Feb,252958
China,2013 Mar,205790
China,2013 Apr,227870
China,2013 May,198429
China,2013 Jun,166890
China,2013 Jul,248635
China,2013 Aug,242256
China,2013 Sep,179130
China,2013 Oct,117955
China,2013 Nov,119618
China,2013 Dec,121232
China,2014 Jan,188237
China,2014 Feb,203600
China,2014 Mar,165642
China,2014 Apr,126507
China,2014 May,95987
China,2014 Jun,91485
China,2014 Jul,180653
China,2014 Aug,174150
China,2014 Sep,105780
China,2014 Oct,133993
China,2014 Nov,131731
China,2014 Dec,124615
China,2015 Jan,140548
China,2015 Feb,238011
China,2015 Mar,130827
China,2015 Apr,153784
China,2015 May,141375
China,2015 Jun,144533
China,2015 Jul,246819
China,2015 Aug,267122
China,2015 Sep,149929
China,2015 Oct,165649
China,2015 Nov,158736
China,2015 Dec,168831
China,2016 Jan,229150
China,2016 Feb,277926
China,2016 Mar,241230
China,2016 Apr,269560
China,2016 May,234089
China,2016 Jun,221614
China,2016 Jul,311124
China,2016 Aug,315548
China,2016 Sep,170204
China,2016 Oct,173185
China,2016 Nov,193984
China,2016 Dec,226020
China,2017 Jan,316805
China,2017 Feb,268993
China,2017 Mar,264711
China,2017 Apr,252135
China,2017 May,232361
China,2017 Jun,218118
China,2017 Jul,349654
China,2017 Aug,357287
China,2017 Sep,226978
China,2017 Oct,245755
China,2017 Nov,251096
China,2017 Dec,244241
China,2018 Jan,291208
China,2018 Feb,366616
China,2018 Mar,274879
China,2018 Apr,291119
China,2018 May,264802
China,2018 Jun,242118
China,2018 Jul,361019
China,2018 Aug,380108
China,2018 Sep,239824
China,2018 Oct,247664
China,2018 Nov,220053
China,2018 Dec,238194
China,2019 Jan,320581
China,2019 Feb,339550
China,2019 Mar,300209
China,2019 Apr,302098
China,2019 May,283445
China,2019 Jun,266107
China,2019 Jul,389503
China,2019 Aug,397070
China,2019 Sep,248568
China,2019 Oct,258611
China,2019 Nov,248636
China,2019 Dec,272742
China,2020 Jan,329047
China,2020 Feb,6222
China,2020 Mar,1488
China,2020 Apr,18
China,2020 May,23
China,2020 Jun,118
China,2020 Jul,958
China,2020 Aug,2163
China,2020 Sep,2422
China,2020 Oct,3169
China,2020 Nov,4007
China,2020 Dec,7657
China,2021 Jan,6599
China,2021 Feb,4498
China,2021 Mar,8892
China,2021 Apr,9056
China,2021 May,7388
China,2021 Jun,6983
China,2021 Jul,12669
China,2021 Aug,8907
China,2021 Sep,8952
China,2021 Oct,6065
China,2021 Nov,3479
China,2021 Dec,4764
China,2022 Jan,4361
China,2022 Feb,3823
China,2022 Mar,4131
China,2022 Apr,5048
China,2022 May,7150
China,2022 Jun,10191
China,2022 Jul,16622
China,2022 Aug,14735
China,2022 Sep,14127
China,2022 Oct,14971
China,2022 Nov,16024
China,2022 Dec,19685
China,2023 Jan,28375
China,2023 Feb,35312
China,2023 Mar,60888
China,2023 Apr,90725
China,2023 May,95613
China,2023 Jun,113290
China,2023 Jul,231331
China,2023 Aug,215442
China,2023 Sep,135677
China,2023 Oct,122765
China,2023 Nov,104347
China,2023 Dec,130156
China,2024 Jan,211178
China,2024 Feb,326900
China,2024 Mar,247658
China,2024 Apr,220435
China,2024 May,222335
China,2024 Jun,217656
China,2024 Jul,412951
China,2024 Aug,403138
China,2024 Sep,217205
China,2024 Oct,234528
China,2024 Nov,174751
China,2024 Dec,193483
China,2025 Jan,376479
China,2025 Feb,267957
China,2025 Mar,187036
Hong Kong SAR,2013 Jan,32438
Hong Kong SAR,2013 Feb,48473
Hong Kong SAR,2013 Mar,50220
Hong Kong SAR,2013 Apr,40252
Hong Kong SAR,2013 May,40898
Hong Kong SAR,2013 Jun,43857
Hong Kong SAR,2013 Jul,67662
Hong Kong SAR,2013 Aug,61337
Hong Kong SAR,2013 Sep,33514
Hong Kong SAR,2013 Oct,37570
Hong Kong SAR,2013 Nov,38801
Hong Kong SAR,2013 Dec,44788
Hong Kong SAR,2014 Jan,41909
Hong Kong SAR,2014 Feb,48440
Hong Kong SAR,2014 Mar,43218
Hong Kong SAR,2014 Apr,69675
Hong Kong SAR,2014 May,47859
Hong Kong SAR,2014 Jun,47182
Hong Kong SAR,2014 Jul,80808
Hong Kong SAR,2014 Aug,87173
Hong Kong SAR,2014 Sep,39931
Hong Kong SAR,2014 Oct,40146
Hong Kong SAR,2014 Nov,39019
Hong Kong SAR,2014 Dec,45669
Hong Kong SAR,2015 Jan,34012
Hong Kong SAR,2015 Feb,46985
Hong Kong SAR,2015 Mar,41803
Hong Kong SAR,2015 Apr,58959
Hong Kong SAR,2015 May,45742
Hong Kong SAR,2015 Jun,45453
Hong Kong SAR,2015 Jul,82817
Hong Kong SAR,2015 Aug,89436
Hong Kong SAR,2015 Sep,40315
Hong Kong SAR,2015 Oct,41272
Hong Kong SAR,2015 Nov,37241
Hong Kong SAR,2015 Dec,45853
Hong Kong SAR,2016 Jan,34742
Hong Kong SAR,2016 Feb,49837
Hong Kong SAR,2016 Mar,58341
Hong Kong SAR,2016 Apr,42712
Hong Kong SAR,2016 May,39959
Hong Kong SAR,2016 Jun,42330
Hong Kong SAR,2016 Jul,69847
Hong Kong SAR,2016 Aug,70842
Hong Kong SAR,2016 Sep,30252
Hong Kong SAR,2016 Oct,31512
Hong Kong SAR,2016 Nov,30832
Hong Kong SAR,2016 Dec,36763
Hong Kong SAR,2017 Jan,34436
Hong Kong SAR,2017 Feb,33169
Hong Kong SAR,2017 Mar,33561
Hong Kong SAR,2017 Apr,53971
Hong Kong SAR,2017 May,33784
Hong Kong SAR,2017 Jun,32684
Hong Kong SAR,2017 Jul,54124
Hong Kong SAR,2017 Aug,55265
Hong Kong SAR,2017 Sep,31937
Hong Kong SAR,2017 Oct,32964
Hong Kong SAR,2017 Nov,33174
Hong Kong SAR,2017 Dec,36712
Hong Kong SAR,2018 Jan,29758
Hong Kong SAR,2018 Feb,36433
Hong Kong SAR,2018 Mar,41979
Hong Kong SAR,2018 Apr,41414
Hong Kong SAR,2018 May,36379
Hong Kong SAR,2018 Jun,38115
Hong Kong SAR,2018 Jul,52507
Hong Kong SAR,2018 Aug,56484
Hong Kong SAR,2018 Sep,35588
Hong Kong SAR,2018 Oct,34865
Hong Kong SAR,2018 Nov,32620
Hong Kong SAR,2018 Dec,36982
Hong Kong SAR,2019 Jan,30056
Hong Kong SAR,2019 Feb,38921
Hong Kong SAR,2019 Mar,34355
Hong Kong SAR,2019 Apr,52206
Hong Kong SAR,2019 May,36429
Hong Kong SAR,2019 Jun,36226
Hong Kong SAR,2019 Jul,50820
Hong Kong SAR,2019 Aug,52768
Hong Kong SAR,2019 Sep,35351
Hong Kong SAR,2019 Oct,36073
Hong Kong SAR,2019 Nov,40383
Hong Kong SAR,2019 Dec,44954
Hong Kong SAR,2020 Jan,38681
Hong Kong SAR,2020 Feb,12808
Hong Kong SAR,2020 Mar,5315
Hong Kong SAR,2020 Apr,13
Hong Kong SAR,2020 May,2
Hong Kong SAR,2020 Jun,68
Hong Kong SAR,2020 Jul,333
Hong Kong SAR,2020 Aug,342
Hong Kong SAR,2020 Sep,291
Hong Kong SAR,2020 Oct,300
Hong Kong SAR,2020 Nov,313
Hong Kong SAR,2020 Dec,510
Hong Kong SAR,2021 Jan,288
Hong Kong SAR,2021 Feb,245
Hong Kong SAR,2021 Mar,245
Hong Kong SAR,2021 Apr,221
Hong Kong SAR,2021 May,276
Hong Kong SAR,2021 Jun,361
Hong Kong SAR,2021 Jul,750
Hong Kong SAR,2021 Aug,602
Hong Kong SAR,2021 Sep,669
Hong Kong SAR,2021 Oct,494
Hong Kong SAR,2021 Nov,527
Hong Kong SAR,2021 Dec,754
Hong Kong SAR,2022 Jan,901
Hong Kong SAR,2022 Feb,1794
Hong Kong SAR,2022 Mar,3774
Hong Kong SAR,2022 Apr,7244
Hong Kong SAR,2022 May,8115
Hong Kong SAR,2022 Jun,9220
Hong Kong SAR,2022 Jul,11343
Hong Kong SAR,2022 Aug,10669
Hong Kong SAR,2022 Sep,13659
Hong Kong SAR,2022 Oct,16052
Hong Kong SAR,2022 Nov,19670
Hong Kong SAR,2022 Dec,26605
Hong Kong SAR,2023 Jan,26208
Hong Kong SAR,2023 Feb,20227
Hong Kong SAR,2023 Mar,23465
Hong Kong SAR,2023 Apr,32791
Hong Kong SAR,2023 May,26356
Hong Kong SAR,2023 Jun,23179
Hong Kong SAR,2023 Jul,32175
Hong Kong SAR,2023 Aug,32627
Hong Kong SAR,2023 Sep,25848
Hong Kong SAR,2023 Oct,25108
Hong Kong SAR,2023 Nov,22646
Hong Kong SAR,2023 Dec,26440
Hong Kong SAR,2024 Jan,23419
Hong Kong SAR,2024 Feb,26507
Hong Kong SAR,2024 Mar,35786
Hong Kong SAR,2024 Apr,26453
Hong Kong SAR,2024 May,24044
Hong Kong SAR,2024 Jun,23831
Hong Kong SAR,2024 Jul,33769
Hong Kong SAR,2024 Aug,35682
Hong Kong SAR,2024 Sep,26627
Hong Kong SAR,2024 Oct,25197
Hong Kong SAR,2024 Nov,24541
Hong Kong SAR,2024 Dec,23487
Hong Kong SAR,2025 Jan,25869
Hong Kong SAR,2025 Feb,21226
Hong Kong SAR,2025 Mar,23378
Taiwan,2013 Jan,32717
Taiwan,2013 Feb,39087
Taiwan,2013 Mar,22606
Taiwan,2013 Apr,24261
Taiwan,2013 May,22261
Taiwan,2013 Jun,29680
Taiwan,2013 Jul,47290
Taiwan,2013 Aug,40571
Taiwan,2013 Sep,27180
Taiwan,2013 Oct,23246
Taiwan,2013 Nov,22197
Taiwan,2013 Dec,19212
Taiwan,2014 Jan,32033
Taiwan,2014 Feb,32874
Taiwan,2014 Mar,22115
Taiwan,2014 Apr,25865
Taiwan,2014 May,26699
Taiwan,2014 Jun,25807
Taiwan,2014 Jul,44229
Taiwan,2014 Aug,38422
Taiwan,2014 Sep,25373
Taiwan,2014 Oct,24197
Taiwan,2014 Nov,21240
Taiwan,2014 Dec,18577
Taiwan,2015 Jan,30685
Taiwan,2015 Feb,40059
Taiwan,2015 Mar,24694
Taiwan,2015 Apr,29229
Taiwan,2015 May,25498
Taiwan,2015 Jun,30565
Taiwan,2015 Jul,50278
Taiwan,2015 Aug,45292
Taiwan,2015 Sep,27836
Taiwan,2015 Oct,27525
Taiwan,2015 Nov,24062
Taiwan,2015 Dec,22303
Taiwan,2016 Jan,37087
Taiwan,2016 Feb,42569
Taiwan,2016 Mar,27401
Taiwan,2016 Apr,33107
Taiwan,2016 May,28809
Taiwan,2016 Jun,36718
Taiwan,2016 Jul,46691
Taiwan,2016 Aug,42274
Taiwan,2016 Sep,30267
Taiwan,2016 Oct,26270
Taiwan,2016 Nov,21568
Taiwan,2016 Dec,21454
Taiwan,2017 Jan,36187
Taiwan,2017 Feb,38866
Taiwan,2017 Mar,27976
Taiwan,2017 Apr,30142
Taiwan,2017 May,31092
Taiwan,2017 Jun,30655
Taiwan,2017 Jul,48487
Taiwan,2017 Aug,42151
Taiwan,2017 Sep,29364
Taiwan,2017 Oct,33282
Taiwan,2017 Nov,25919
Taiwan,2017 Dec,21430
Taiwan,2018 Jan,34907
Taiwan,2018 Feb,47769
Taiwan,2018 Mar,30448
Taiwan,2018 Apr,35913
Taiwan,2018 May,28056
Taiwan,2018 Jun,34122
Taiwan,2018 Jul,52987
Taiwan,2018 Aug,46429
Taiwan,2018 Sep,32317
Taiwan,2018 Oct,30334
Taiwan,2018 Nov,25608
Taiwan,2018 Dec,24048
Taiwan,2019 Jan,40086
Taiwan,2019 Feb,42977
Taiwan,2019 Mar,29032
Taiwan,2019 Apr,32924
Taiwan,2019 May,28308
Taiwan,2019 Jun,34189
Taiwan,2019 Jul,55340
Taiwan,2019 Aug,45776
Taiwan,2019 Sep,33138
Taiwan,2019 Oct,34588
Taiwan,2019 Nov,28548
Taiwan,2019 Dec,20723
Taiwan,2020 Jan,42608
Taiwan,2020 Feb,16922
Taiwan,2020 Mar,1419
Taiwan,2020 Apr,2
Taiwan,2020 May,4
Taiwan,2020 Jun,34
Taiwan,2020 Jul,115
Taiwan,2020 Aug,113
Taiwan,2020 Sep,128
Taiwan,2020 Oct,152
Taiwan,2020 Nov,146
Taiwan,2020 Dec,244
Taiwan,2021 Jan,325
Taiwan,2021 Feb,231
Taiwan,2021 Mar,316
Taiwan,2021 Apr,302
Taiwan,2021 May,178
Taiwan,2021 Jun,29
Taiwan,2021 Jul,79
Taiwan,2021 Aug,456
Taiwan,2021 Sep,442
Taiwan,2021 Oct,378
Taiwan,2021 Nov,279
Taiwan,2021 Dec,392
Taiwan,2022 Jan,430
Taiwan,2022 Feb,531
Taiwan,2022 Mar,597
Taiwan,2022 Apr,1052
Taiwan,2022 May,1961
Taiwan,2022 Jun,3302
Taiwan,2022 Jul,6104
Taiwan,2022 Aug,7420
Taiwan,2022 Sep,7918
Taiwan,2022 Oct,10543
Taiwan,2022 Nov,12592
Taiwan,2022 Dec,12603
Taiwan,2023 Jan,31444
Taiwan,2023 Feb,25037
Taiwan,2023 Mar,19204
Taiwan,2023 Apr,25280
Taiwan,2023 May,24313
Taiwan,2023 Jun,28980
Taiwan,2023 Jul,43097
Taiwan,2023 Aug,38432
Taiwan,2023 Sep,25818
Taiwan,2023 Oct,28466
Taiwan,2023 Nov,21575
Taiwan,2023 Dec,17394
Taiwan,2024 Jan,38454
Taiwan,2024 Feb,45705
Taiwan,2024 Mar,30344
Taiwan,2024 Apr,30309
Taiwan,2024 May,28797
Taiwan,2024 Jun,34154
Taiwan,2024 Jul,49930
Taiwan,2024 Aug,42282
Taiwan,2024 Sep,30408
Taiwan,2024 Oct,29237
Taiwan,2024 Nov,23190
Taiwan,2024 Dec,20557
Taiwan,2025 Jan,46126
Taiwan,2025 Feb,33484
Taiwan,2025 Mar,26892
Other Markets In Greater China,2013 Jan,1911
Other Markets In Greater China,2013 Feb,2142
Other Markets In Greater China,2013 Mar,1980
Other Markets In Greater China,2013 Apr,1474
Other Markets In Greater China,2013 May,1505
Other Markets In Greater China,2013 Jun,2966
Other Markets In Greater China,2013 Jul,3154
Other Markets In Greater China,2013 Aug,3882
Other Markets In Greater China,2013 Sep,1476
Other Markets In Greater China,2013 Oct,1647
Other Markets In Greater China,2013 Nov,1736
Other Markets In Greater China,2013 Dec,3039
Other Markets In Greater China,2014 Jan,2264
Other Markets In Greater China,2014 Feb,2329
Other Markets In Greater China,2014 Mar,1706
Other Markets In Greater China,2014 Apr,2258
Other Markets In Greater China,2014 May,1709
Other Markets In Greater China,2014 Jun,2693
Other Markets In Greater China,2014 Jul,3507
Other Markets In Greater China,2014 Aug,5546
Other Markets In Greater China,2014 Sep,1930
Other Markets In Greater China,2014 Oct,1910
Other Markets In Greater China,2014 Nov,2082
Other Markets In Greater China,2014 Dec,3792
Other Markets In Greater China,2015 Jan,2341
Other Markets In Greater China,2015 Feb,2916
Other Markets In Greater China,2015 Mar,1584
Other Markets In Greater China,2015 Apr,1909
Other Markets In Greater China,2015 May,1761
Other Markets In Greater China,2015 Jun,2346
Other Markets In Greater China,2015 Jul,4061
Other Markets In Greater China,2015 Aug,6197
Other Markets In Greater China,2015 Sep,1706
Other Markets In Greater China,2015 Oct,1972
Other Markets In Greater China,2015 Nov,1668
Other Markets In Greater China,2015 Dec,3093
Other Markets In Greater China,2016 Jan,1798
Other Markets In Greater China,2016 Feb,2679
Other Markets In Greater China,2016 Mar,1741
Other Markets In Greater China,2016 Apr,1529
Other Markets In Greater China,2016 May,1596
Other Markets In Greater China,2016 Jun,2025
Other Markets In Greater China,2016 Jul,3089
Other Markets In Greater China,2016 Aug,4512
Other Markets In Greater China,2016 Sep,1338
Other Markets In Greater China,2016 Oct,1350
Other Markets In Greater China,2016 Nov,1349
Other Markets In Greater China,2016 Dec,2430
Other Markets In Greater China,2017 Jan,2316
Other Markets In Greater China,2017 Feb,1728
Other Markets In Greater China,2017 Mar,1832
Other Markets In Greater China,2017 Apr,1820
Other Markets In Greater China,2017 May,1702
Other Markets In Greater China,2017 Jun,1863
Other Markets In Greater China,2017 Jul,3699
Other Markets In Greater China,2017 Aug,3799
Other Markets In Greater China,2017 Sep,1524
Other Markets In Greater China,2017 Oct,1668
Other Markets In Greater China,2017 Nov,1657
Other Markets In Greater China,2017 Dec,2980
Other Markets In Greater China,2018 Jan,2556
Other Markets In Greater China,2018 Feb,2102
Other Markets In Greater China,2018 Mar,1838
Other Markets In Greater China,2018 Apr,1675
Other Markets In Greater China,2018 May,1725
Other Markets In Greater China,2018 Jun,2313
Other Markets In Greater China,2018 Jul,3774
Other Markets In Greater China,2018 Aug,4239
Other Markets In Greater China,2018 Sep,2019
Other Markets In Greater China,2018 Oct,1674
Other Markets In Greater China,2018 Nov,1883
Other Markets In Greater China,2018 Dec,3337
Other Markets In Greater China,2019 Jan,3127
Other Markets In Greater China,2019 Feb,2493
Other Markets In Greater China,2019 Mar,1619
Other Markets In Greater China,2019 Apr,2148
Other Markets In Greater China,2019 May,1660
Other Markets In Greater China,2019 Jun,2466
Other Markets In Greater China,2019 Jul,3234
Other Markets In Greater China,2019 Aug,4195
Other Markets In Greater China,2019 Sep,1831
Other Markets In Greater China,2019 Oct,1800
Other Markets In Greater China,2019 Nov,2104
Other Markets In Greater China,2019 Dec,3780
Other Markets In Greater China,2020 Jan,3056
Other Markets In Greater China,2020 Feb,544
Other Markets In Greater China,2020 Mar,188
Other Markets In Greater China,2020 Apr,0
Other Markets In Greater China,2020 May,0
Other Markets In Greater China,2020 Jun,0
Other Markets In Greater China,2020 Jul,4
Other Markets In Greater China,2020 Aug,4
Other Markets In Greater China,2020 Sep,4
Other Markets In Greater China,2020 Oct,5
Other Markets In Greater China,2020 Nov,9
Other Markets In Greater China,2020 Dec,11
Other Markets In Greater China,2021 Jan,10
Other Markets In Greater China,2021 Feb,10
Other Markets In Greater China,2021 Mar,14
Other Markets In Greater China,2021 Apr,12
Other Markets In Greater China,2021 May,10
Other Markets In Greater China,2021 Jun,10
Other Markets In Greater China,2021 Jul,16
Other Markets In Greater China,2021 Aug,13
Other Markets In Greater China,2021 Sep,36
Other Markets In Greater China,2021 Oct,34
Other Markets In Greater China,2021 Nov,22
Other Markets In Greater China,2021 Dec,53
Other Markets In Greater China,2022 Jan,67
Other Markets In Greater China,2022 Feb,29
Other Markets In Greater China,2022 Mar,61
Other Markets In Greater China,2022 Apr,385
Other Markets In Greater China,2022 May,497
Other Markets In Greater China,2022 Jun,853
Other Markets In Greater China,2022 Jul,1424
Other Markets In Greater China,2022 Aug,1172
Other Markets In Greater China,2022 Sep,972
Other Markets In Greater China,2022 Oct,849
Other Markets In Greater China,2022 Nov,1220
Other Markets In Greater China,2022 Dec,1943
Other Markets In Greater China,2023 Jan,3361
Other Markets In Greater China,2023 Feb,1702
Other Markets In Greater China,2023 Mar,1575
Other Markets In Greater China,2023 Apr,2107
Other Markets In Greater China,2023 May,1771
Other Markets In Greater China,2023 Jun,1779
Other Markets In Greater China,2023 Jul,3266
Other Markets In Greater China,2023 Aug,3316
Other Markets In Greater China,2023 Sep,1415
Other Markets In Greater China,2023 Oct,1541
Other Markets In Greater China,2023 Nov,1648
Other Markets In Greater China,2023 Dec,2882
Other Markets In Greater China,2024 Jan,3848
Other Markets In Greater China,2024 Feb,2236
Other Markets In Greater China,2024 Mar,2158
Other Markets In Greater China,2024 Apr,1703
Other Markets In Greater China,2024 May,1461
Other Markets In Greater China,2024 Jun,1673
Other Markets In Greater China,2024 Jul,3445
Other Markets In Greater China,2024 Aug,3454
Other Markets In Greater China,2024 Sep,1313
Other Markets In Greater China,2024 Oct,1882
Other Markets In Greater China,2024 Nov,1799
Other Markets In Greater China,2024 Dec,3243
Other Markets In Greater China,2025 Jan,4265
Other Markets In Greater China,2025 Feb,1726
Other Markets In Greater China,2025 Mar,1522
North Asia,2013 Jan,116158
North Asia,2013 Feb,108731
North Asia,2013 Mar,124217
North Asia,2013 Apr,84637
North Asia,2013 May,89444
North Asia,2013 Jun,94290
North Asia,2013 Jul,112139
North Asia,2013 Aug,138341
North Asia,2013 Sep,109529
North Asia,2013 Oct,108282
North Asia,2013 Nov,113069
North Asia,2013 Dec,106966
North Asia,2014 Jan,119359
North Asia,2014 Feb,121222
North Asia,2014 Mar,127048
North Asia,2014 Apr,87061
North Asia,2014 May,96160
North Asia,2014 Jun,93685
North Asia,2014 Jul,116155
North Asia,2014 Aug,151961
North Asia,2014 Sep,113725
North Asia,2014 Oct,113472
North Asia,2014 Nov,109720
North Asia,2014 Dec,112880
North Asia,2015 Jan,130360
North Asia,2015 Feb,113888
North Asia,2015 Mar,122861
North Asia,2015 Apr,88349
North Asia,2015 May,96909
North Asia,2015 Jun,90541
North Asia,2015 Jul,116129
North Asia,2015 Aug,153400
North Asia,2015 Sep,113105
North Asia,2015 Oct,117039
North Asia,2015 Nov,112895
North Asia,2015 Dec,111637
North Asia,2016 Jan,136486
North Asia,2016 Feb,123252
North Asia,2016 Mar,120159
North Asia,2016 Apr,91011
North Asia,2016 May,99965
North Asia,2016 Jun,98803
North Asia,2016 Jul,119480
North Asia,2016 Aug,155678
North Asia,2016 Sep,106835
North Asia,2016 Oct,97212
North Asia,2016 Nov,100810
North Asia,2016 Dec,101187
North Asia,2017 Jan,113643
North Asia,2017 Feb,132843
North Asia,2017 Mar,126243
North Asia,2017 Apr,95081
North Asia,2017 May,106798
North Asia,2017 Jun,102427
North Asia,2017 Jul,121532
North Asia,2017 Aug,155871
North Asia,2017 Sep,117359
North Asia,2017 Oct,118060
North Asia,2017 Nov,127487
North Asia,2017 Dec,107072
North Asia,2018 Jan,139610
North Asia,2018 Feb,121367
North Asia,2018 Mar,132206
North Asia,2018 Apr,94826
North Asia,2018 May,100225
North Asia,2018 Jun,98947
North Asia,2018 Jul,125988
North Asia,2018 Aug,163269
North Asia,2018 Sep,124766
North Asia,2018 Oct,127966
North Asia,2018 Nov,124453
North Asia,2018 Dec,105988
North Asia,2019 Jan,139127
North Asia,2019 Feb,132146
North Asia,2019 Mar,131235
North Asia,2019 Apr,104688
North Asia,2019 May,102715
North Asia,2019 Jun,102441
North Asia,2019 Jul,130551
North Asia,2019 Aug,173762
North Asia,2019 Sep,132515
North Asia,2019 Oct,136707
North Asia,2019 Nov,125534
North Asia,2019 Dec,118932
North Asia,2020 Jan,127547
North Asia,2020 Feb,69624
North Asia,2020 Mar,12809
North Asia,2020 Apr,34
North Asia,2020 May,38
North Asia,2020 Jun,185
North Asia,2020 Jul,827
North Asia,2020 Aug,828
North Asia,2020 Sep,568
North Asia,2020 Oct,790
North Asia,2020 Nov,1042
North Asia,2020 Dec,1149
North Asia,2021 Jan,987
North Asia,2021 Feb,743
North Asia,2021 Mar,1008
North Asia,2021 Apr,1068
North Asia,2021 May,451
North Asia,2021 Jun,219
North Asia,2021 Jul,499
North Asia,2021 Aug,714
North Asia,2021 Sep,1299
North Asia,2021 Oct,1264
North Asia,2021 Nov,2032
North Asia,2021 Dec,2770
North Asia,2022 Jan,2505
North Asia,2022 Feb,2508
North Asia,2022 Mar,3555
North Asia,2022 Apr,9940
North Asia,2022 May,16953
North Asia,2022 Jun,25153
North Asia,2022 Jul,40886
North Asia,2022 Aug,50394
North Asia,2022 Sep,45900
North Asia,2022 Oct,45806
North Asia,2022 Nov,54365
North Asia,2022 Dec,52077
North Asia,2023 Jan,78923
North Asia,2023 Feb,97981
North Asia,2023 Mar,71803
North Asia,2023 Apr,54012
North Asia,2023 May,68419
North Asia,2023 Jun,65648
North Asia,2023 Jul,103861
North Asia,2023 Aug,130666
North Asia,2023 Sep,94298
North Asia,2023 Oct,83818
North Asia,2023 Nov,84154
North Asia,2023 Dec,71445
North Asia,2024 Jan,117148
North Asia,2024 Feb,114583
North Asia,2024 Mar,97048
North Asia,2024 Apr,69859
North Asia,2024 May,78968
North Asia,2024 Jun,73480
North Asia,2024 Jul,108673
North Asia,2024 Aug,142900
North Asia,2024 Sep,102800
North Asia,2024 Oct,94009
North Asia,2024 Nov,84039
North Asia,2024 Dec,85933
North Asia,2025 Jan,119529
North Asia,2025 Feb,128093
North Asia,2025 Mar,104090
Japan,2013 Jan,62857
Japan,2013 Feb,68442
Japan,2013 Mar,87359
Japan,2013 Apr,53292
Japan,2013 May,55491
Japan,2013 Jun,57757
Japan,2013 Jul,70113
Japan,2013 Aug,92179
Japan,2013 Sep,73786
Japan,2013 Oct,68034
Japan,2013 Nov,72603
Japan,2013 Dec,70932
Japan,2014 Jan,59578
Japan,2014 Feb,69230
Japan,2014 Mar,85946
Japan,2014 Apr,50751
Japan,2014 May,54173
Japan,2014 Jun,56044
Japan,2014 Jul,69419
Japan,2014 Aug,95248
Japan,2014 Sep,74408
Japan,2014 Oct,68609
Japan,2014 Nov,69415
Japan,2014 Dec,71920
Japan,2015 Jan,58479
Japan,2015 Feb,62422
Japan,2015 Mar,79941
Japan,2015 Apr,46687
Japan,2015 May,52971
Japan,2015 Jun,53257
Japan,2015 Jul,67682
Japan,2015 Aug,92793
Japan,2015 Sep,73972
Japan,2015 Oct,66416
Japan,2015 Nov,67840
Japan,2015 Dec,66719
Japan,2016 Jan,62275
Japan,2016 Feb,65604
Japan,2016 Mar,79146
Japan,2016 Apr,49613
Japan,2016 May,55006
Japan,2016 Jun,54993
Japan,2016 Jul,64715
Japan,2016 Aug,93619
Japan,2016 Sep,68997
Japan,2016 Oct,62858
Japan,2016 Nov,64466
Japan,2016 Dec,62570
Japan,2017 Jan,53377
Japan,2017 Feb,72654
Japan,2017 Mar,82293
Japan,2017 Apr,46245
Japan,2017 May,54012
Japan,2017 Jun,52932
Japan,2017 Jul,63193
Japan,2017 Aug,94900
Japan,2017 Sep,69742
Japan,2017 Oct,64624
Japan,2017 Nov,75348
Japan,2017 Dec,63553
Japan,2018 Jan,64087
Japan,2018 Feb,68191
Japan,2018 Mar,83064
Japan,2018 Apr,50253
Japan,2018 May,53474
Japan,2018 Jun,53413
Japan,2018 Jul,68146
Japan,2018 Aug,100491
Japan,2018 Sep,77013
Japan,2018 Oct,74019
Japan,2018 Nov,73787
Japan,2018 Dec,63738
Japan,2019 Jan,66402
Japan,2019 Feb,69885
Japan,2019 Mar,84048
Japan,2019 Apr,65212
Japan,2019 May,59138
Japan,2019 Jun,56709
Japan,2019 Jul,71410
Japan,2019 Aug,108104
Japan,2019 Sep,80823
Japan,2019 Oct,80106
Japan,2019 Nov,72765
Japan,2019 Dec,69706
Japan,2020 Jan,57234
Japan,2020 Feb,53425
Japan,2020 Mar,11611
Japan,2020 Apr,25
Japan,2020 May,30
Japan,2020 Jun,137
Japan,2020 Jul,565
Japan,2020 Aug,511
Japan,2020 Sep,353
Japan,2020 Oct,513
Japan,2020 Nov,763
Japan,2020 Dec,712
Japan,2021 Jan,555
Japan,2021 Feb,358
Japan,2021 Mar,601
Japan,2021 Apr,797
Japan,2021 May,281
Japan,2021 Jun,121
Japan,2021 Jul,297
Japan,2021 Aug,341
Japan,2021 Sep,780
Japan,2021 Oct,779
Japan,2021 Nov,430
Japan,2021 Dec,580
Japan,2022 Jan,552
Japan,2022 Feb,534
Japan,2022 Mar,869
Japan,2022 Apr,4343
Japan,2022 May,6321
Japan,2022 Jun,8386
Japan,2022 Jul,12266
Japan,2022 Aug,19153
Japan,2022 Sep,19317
Japan,2022 Oct,17459
Japan,2022 Nov,22698
Japan,2022 Dec,20209
Japan,2023 Jan,18335
Japan,2023 Feb,32932
Japan,2023 Mar,36302
Japan,2023 Apr,22134
Japan,2023 May,29130
Japan,2023 Jun,25370
Japan,2023 Jul,42730
Japan,2023 Aug,68304
Japan,2023 Sep,45989
Japan,2023 Oct,38073
Japan,2023 Nov,41412
Japan,2023 Dec,32124
Japan,2024 Jan,37684
Japan,2024 Feb,45284
Japan,2024 Mar,54884
Japan,2024 Apr,32434
Japan,2024 May,39077
Japan,2024 Jun,33936
Japan,2024 Jul,51162
Japan,2024 Aug,81803
Japan,2024 Sep,57825
Japan,2024 Oct,51819
Japan,2024 Nov,44327
Japan,2024 Dec,43001
Japan,2025 Jan,40053
Japan,2025 Feb,55742
Japan,2025 Mar,65548
South Korea,2013 Jan,53193
South Korea,2013 Feb,40229
South Korea,2013 Mar,36755
South Korea,2013 Apr,31296
South Korea,2013 May,33857
South Korea,2013 Jun,36409
South Korea,2013 Jul,41913
South Korea,2013 Aug,45986
South Korea,2013 Sep,35599
South Korea,2013 Oct,40157
South Korea,2013 Nov,40388
South Korea,2013 Dec,35986
South Korea,2014 Jan,59745
South Korea,2014 Feb,51930
South Korea,2014 Mar,40995
South Korea,2014 Apr,36247
South Korea,2014 May,41946
South Korea,2014 Jun,37589
South Korea,2014 Jul,46666
South Korea,2014 Aug,56623
South Korea,2014 Sep,39276
South Korea,2014 Oct,44810
South Korea,2014 Nov,40230
South Korea,2014 Dec,40918
South Korea,2015 Jan,71820
South Korea,2015 Feb,51415
South Korea,2015 Mar,42872
South Korea,2015 Apr,41602
South Korea,2015 May,43883
South Korea,2015 Jun,37193
South Korea,2015 Jul,48375
South Korea,2015 Aug,60468
South Korea,2015 Sep,39063
South Korea,2015 Oct,50582
South Korea,2015 Nov,44988
South Korea,2015 Dec,44821
South Korea,2016 Jan,74180
South Korea,2016 Feb,57595
South Korea,2016 Mar,40959
South Korea,2016 Apr,41356
South Korea,2016 May,44932
South Korea,2016 Jun,43766
South Korea,2016 Jul,54700
South Korea,2016 Aug,62018
South Korea,2016 Sep,37742
South Korea,2016 Oct,34346
South Korea,2016 Nov,36314
South Korea,2016 Dec,38601
South Korea,2017 Jan,60247
South Korea,2017 Feb,60174
South Korea,2017 Mar,43942
South Korea,2017 Apr,48829
South Korea,2017 May,52762
South Korea,2017 Jun,49487
South Korea,2017 Jul,58326
South Korea,2017 Aug,60957
South Korea,2017 Sep,47602
South Korea,2017 Oct,53430
South Korea,2017 Nov,52123
South Korea,2017 Dec,43484
South Korea,2018 Jan,75502
South Korea,2018 Feb,53161
South Korea,2018 Mar,49127
South Korea,2018 Apr,44550
South Korea,2018 May,46720
South Korea,2018 Jun,45325
South Korea,2018 Jul,57823
South Korea,2018 Aug,62729
South Korea,2018 Sep,47734
South Korea,2018 Oct,53926
South Korea,2018 Nov,50634
South Korea,2018 Dec,42223
South Korea,2019 Jan,72704
South Korea,2019 Feb,62241
South Korea,2019 Mar,47168
South Korea,2019 Apr,39464
South Korea,2019 May,43561
South Korea,2019 Jun,45706
South Korea,2019 Jul,59119
South Korea,2019 Aug,65643
South Korea,2019 Sep,51660
South Korea,2019 Oct,56598
South Korea,2019 Nov,52765
South Korea,2019 Dec,49219
South Korea,2020 Jan,70277
South Korea,2020 Feb,16195
South Korea,2020 Mar,1198
South Korea,2020 Apr,9
South Korea,2020 May,8
South Korea,2020 Jun,48
South Korea,2020 Jul,262
South Korea,2020 Aug,317
South Korea,2020 Sep,215
South Korea,2020 Oct,277
South Korea,2020 Nov,279
South Korea,2020 Dec,437
South Korea,2021 Jan,431
South Korea,2021 Feb,385
South Korea,2021 Mar,405
South Korea,2021 Apr,271
South Korea,2021 May,170
South Korea,2021 Jun,98
South Korea,2021 Jul,202
South Korea,2021 Aug,373
South Korea,2021 Sep,519
South Korea,2021 Oct,485
South Korea,2021 Nov,1600
South Korea,2021 Dec,2187
South Korea,2022 Jan,1953
South Korea,2022 Feb,1972
South Korea,2022 Mar,2686
South Korea,2022 Apr,5578
South Korea,2022 May,10614
South Korea,2022 Jun,16724
South Korea,2022 Jul,28570
South Korea,2022 Aug,31174
South Korea,2022 Sep,26520
South Korea,2022 Oct,28294
South Korea,2022 Nov,31627
South Korea,2022 Dec,31817
South Korea,2023 Jan,60457
South Korea,2023 Feb,64876
South Korea,2023 Mar,35396
South Korea,2023 Apr,31780
South Korea,2023 May,39203
South Korea,2023 Jun,40187
South Korea,2023 Jul,60960
South Korea,2023 Aug,62177
South Korea,2023 Sep,48187
South Korea,2023 Oct,45621
South Korea,2023 Nov,42614
South Korea,2023 Dec,39198
South Korea,2024 Jan,79254
South Korea,2024 Feb,69112
South Korea,2024 Mar,42064
South Korea,2024 Apr,37346
South Korea,2024 May,39825
South Korea,2024 Jun,39496
South Korea,2024 Jul,57399
South Korea,2024 Aug,60986
South Korea,2024 Sep,44886
South Korea,2024 Oct,42088
South Korea,2024 Nov,39600
South Korea,2024 Dec,42842
South Korea,2025 Jan,79301
South Korea,2025 Feb,72219
South Korea,2025 Mar,38446
Other Markets In North Asia,2013 Jan,108
Other Markets In North Asia,2013 Feb,60
Other Markets In North Asia,2013 Mar,103
Other Markets In North Asia,2013 Apr,49
Other Markets In North Asia,2013 May,96
Other Markets In North Asia,2013 Jun,124
Other Markets In North Asia,2013 Jul,113
Other Markets In North Asia,2013 Aug,176
Other Markets In North Asia,2013 Sep,144
Other Markets In North Asia,2013 Oct,91
Other Markets In North Asia,2013 Nov,78
Other Markets In North Asia,2013 Dec,48
Other Markets In North Asia,2014 Jan,36
Other Markets In North Asia,2014 Feb,62
Other Markets In North Asia,2014 Mar,107
Other Markets In North Asia,2014 Apr,63
Other Markets In North Asia,2014 May,41
Other Markets In North Asia,2014 Jun,52
Other Markets In North Asia,2014 Jul,70
Other Markets In North Asia,2014 Aug,90
Other Markets In North Asia,2014 Sep,41
Other Markets In North Asia,2014 Oct,53
Other Markets In North Asia,2014 Nov,75
Other Markets In North Asia,2014 Dec,42
Other Markets In North Asia,2015 Jan,61
Other Markets In North Asia,2015 Feb,51
Other Markets In North Asia,2015 Mar,48
Other Markets In North Asia,2015 Apr,60
Other Markets In North Asia,2015 May,55
Other Markets In North Asia,2015 Jun,91
Other Markets In North Asia,2015 Jul,72
Other Markets In North Asia,2015 Aug,139
Other Markets In North Asia,2015 Sep,70
Other Markets In North Asia,2015 Oct,41
Other Markets In North Asia,2015 Nov,67
Other Markets In North Asia,2015 Dec,97
Other Markets In North Asia,2016 Jan,31
Other Markets In North Asia,2016 Feb,53
Other Markets In North Asia,2016 Mar,54
Other Markets In North Asia,2016 Apr,42
Other Markets In North Asia,2016 May,27
Other Markets In North Asia,2016 Jun,44
Other Markets In North Asia,2016 Jul,65
Other Markets In North Asia,2016 Aug,41
Other Markets In North Asia,2016 Sep,96
Other Markets In North Asia,2016 Oct,8
Other Markets In North Asia,2016 Nov,30
Other Markets In North Asia,2016 Dec,16
Other Markets In North Asia,2017 Jan,19
Other Markets In North Asia,2017 Feb,15
Other Markets In North Asia,2017 Mar,8
Other Markets In North Asia,2017 Apr,7
Other Markets In North Asia,2017 May,24
Other Markets In North Asia,2017 Jun,8
Other Markets In North Asia,2017 Jul,13
Other Markets In North Asia,2017 Aug,14
Other Markets In North Asia,2017 Sep,15
Other Markets In North Asia,2017 Oct,6
Other Markets In North Asia,2017 Nov,16
Other Markets In North Asia,2017 Dec,35
Other Markets In North Asia,2018 Jan,21
Other Markets In North Asia,2018 Feb,15
Other Markets In North Asia,2018 Mar,15
Other Markets In North Asia,2018 Apr,23
Other Markets In North Asia,2018 May,31
Other Markets In North Asia,2018 Jun,209
Other Markets In North Asia,2018 Jul,19
Other Markets In North Asia,2018 Aug,49
Other Markets In North Asia,2018 Sep,19
Other Markets In North Asia,2018 Oct,21
Other Markets In North Asia,2018 Nov,32
Other Markets In North Asia,2018 Dec,27
Other Markets In North Asia,2019 Jan,21
Other Markets In North Asia,2019 Feb,20
Other Markets In North Asia,2019 Mar,19
Other Markets In North Asia,2019 Apr,12
Other Markets In North Asia,2019 May,16
Other Markets In North Asia,2019 Jun,26
Other Markets In North Asia,2019 Jul,22
Other Markets In North Asia,2019 Aug,15
Other Markets In North Asia,2019 Sep,32
Other Markets In North Asia,2019 Oct,3
Other Markets In North Asia,2019 Nov,4
Other Markets In North Asia,2019 Dec,7
Other Markets In North Asia,2020 Jan,36
Other Markets In North Asia,2020 Feb,4
Other Markets In North Asia,2020 Mar,0
Other Markets In North Asia,2020 Apr,0
Other Markets In North Asia,2020 May,0
Other Markets In North Asia,2020 Jun,0
Other Markets In North Asia,2020 Jul,0
Other Markets In North Asia,2020 Aug,0
Other Markets In North Asia,2020 Sep,0
Other Markets In North Asia,2020 Oct,0
Other Markets In North Asia,2020 Nov,0
Other Markets In North Asia,2020 Dec,0
Other Markets In North Asia,2021 Jan,1
Other Markets In North Asia,2021 Feb,0
Other Markets In North Asia,2021 Mar,2
Other Markets In North Asia,2021 Apr,0
Other Markets In North Asia,2021 May,0
Other Markets In North Asia,2021 Jun,0
Other Markets In North Asia,2021 Jul,0
Other Markets In North Asia,2021 Aug,0
Other Markets In North Asia,2021 Sep,0
Other Markets In North Asia,2021 Oct,0
Other Markets In North Asia,2021 Nov,2
Other Markets In North Asia,2021 Dec,3
Other Markets In North Asia,2022 Jan,0
Other Markets In North Asia,2022 Feb,2
Other Markets In North Asia,2022 Mar,0
Other Markets In North Asia,2022 Apr,19
Other Markets In North Asia,2022 May,18
Other Markets In North Asia,2022 Jun,43
Other Markets In North Asia,2022 Jul,50
Other Markets In North Asia,2022 Aug,67
Other Markets In North Asia,2022 Sep,63
Other Markets In North Asia,2022 Oct,53
Other Markets In North Asia,2022 Nov,40
Other Markets In North Asia,2022 Dec,51
Other Markets In North Asia,2023 Jan,131
Other Markets In North Asia,2023 Feb,173
Other Markets In North Asia,2023 Mar,105
Other Markets In North Asia,2023 Apr,98
Other Markets In North Asia,2023 May,86
Other Markets In North Asia,2023 Jun,91
Other Markets In North Asia,2023 Jul,171
Other Markets In North Asia,2023 Aug,185
Other Markets In North Asia,2023 Sep,122
Other Markets In North Asia,2023 Oct,124
Other Markets In North Asia,2023 Nov,128
Other Markets In North Asia,2023 Dec,123
Other Markets In North Asia,2024 Jan,210
Other Markets In North Asia,2024 Feb,187
Other Markets In North Asia,2024 Mar,100
Other Markets In North Asia,2024 Apr,79
Other Markets In North Asia,2024 May,66
Other Markets In North Asia,2024 Jun,48
Other Markets In North Asia,2024 Jul,112
Other Markets In North Asia,2024 Aug,111
Other Markets In North Asia,2024 Sep,89
Other Markets In North Asia,2024 Oct,102
Other Markets In North Asia,2024 Nov,112
Other Markets In North Asia,2024 Dec,90
Other Markets In North Asia,2025 Jan,175
Other Markets In North Asia,2025 Feb,132
Other Markets In North Asia,2025 Mar,96
South Asia,2013 Jan,92370
South Asia,2013 Feb,76153
South Asia,2013 Mar,91079
South Asia,2013 Apr,101705
South Asia,2013 May,141973
South Asia,2013 Jun,121033
South Asia,2013 Jul,94977
South Asia,2013 Aug,90823
South Asia,2013 Sep,84032
South Asia,2013 Oct,93071
South Asia,2013 Nov,93631
South Asia,2013 Dec,109328
South Asia,2014 Jan,85714
South Asia,2014 Feb,81187
South Asia,2014 Mar,90346
South Asia,2014 Apr,103761
South Asia,2014 May,138919
South Asia,2014 Jun,117244
South Asia,2014 Jul,91829
South Asia,2014 Aug,95406
South Asia,2014 Sep,85979
South Asia,2014 Oct,110357
South Asia,2014 Nov,92377
South Asia,2014 Dec,107009
South Asia,2015 Jan,94529
South Asia,2015 Feb,76576
South Asia,2015 Mar,91552
South Asia,2015 Apr,108179
South Asia,2015 May,151623
South Asia,2015 Jun,121413
South Asia,2015 Jul,106930
South Asia,2015 Aug,101316
South Asia,2015 Sep,91560
South Asia,2015 Oct,110301
South Asia,2015 Nov,109202
South Asia,2015 Dec,114739
South Asia,2016 Jan,103184
South Asia,2016 Feb,82979
South Asia,2016 Mar,99974
South Asia,2016 Apr,121482
South Asia,2016 May,164572
South Asia,2016 Jun,130189
South Asia,2016 Jul,115028
South Asia,2016 Aug,107278
South Asia,2016 Sep,97415
South Asia,2016 Oct,119033
South Asia,2016 Nov,114255
South Asia,2016 Dec,123606
South Asia,2017 Jan,100555
South Asia,2017 Feb,95038
South Asia,2017 Mar,107296
South Asia,2017 Apr,134505
South Asia,2017 May,195198
South Asia,2017 Jun,156862
South Asia,2017 Jul,123743
South Asia,2017 Aug,118131
South Asia,2017 Sep,128319
South Asia,2017 Oct,144299
South Asia,2017 Nov,109309
South Asia,2017 Dec,146232
South Asia,2018 Jan,133622
South Asia,2018 Feb,102173
South Asia,2018 Mar,130137
South Asia,2018 Apr,152229
South Asia,2018 May,218406
South Asia,2018 Jun,179143
South Asia,2018 Jul,145372
South Asia,2018 Aug,130017
South Asia,2018 Sep,126605
South Asia,2018 Oct,140584
South Asia,2018 Nov,142818
South Asia,2018 Dec,144231
South Asia,2019 Jan,126665
South Asia,2019 Feb,108449
South Asia,2019 Mar,128593
South Asia,2019 Apr,145854
South Asia,2019 May,202168
South Asia,2019 Jun,170742
South Asia,2019 Jul,138129
South Asia,2019 Aug,135500
South Asia,2019 Sep,129203
South Asia,2019 Oct,142972
South Asia,2019 Nov,139058
South Asia,2019 Dec,146360
South Asia,2020 Jan,123324
South Asia,2020 Feb,64947
South Asia,2020 Mar,24252
South Asia,2020 Apr,95
South Asia,2020 May,86
South Asia,2020 Jun,147
South Asia,2020 Jul,688
South Asia,2020 Aug,717
South Asia,2020 Sep,487
South Asia,2020 Oct,566
South Asia,2020 Nov,653
South Asia,2020 Dec,2670
South Asia,2021 Jan,5186
South Asia,2021 Feb,4697
South Asia,2021 Mar,7233
South Asia,2021 Apr,5640
South Asia,2021 May,122
South Asia,2021 Jun,19
South Asia,2021 Jul,342
South Asia,2021 Aug,112
South Asia,2021 Sep,1105
South Asia,2021 Oct,4055
South Asia,2021 Nov,11879
South Asia,2021 Dec,33939
South Asia,2022 Jan,16901
South Asia,2022 Feb,20077
South Asia,2022 Mar,36779
South Asia,2022 Apr,52271
South Asia,2022 May,69978
South Asia,2022 Jun,76667
South Asia,2022 Jul,95003
South Asia,2022 Aug,94325
South Asia,2022 Sep,104616
South Asia,2022 Oct,101510
South Asia,2022 Nov,91381
South Asia,2022 Dec,91730
South Asia,2023 Jan,72231
South Asia,2023 Feb,76883
South Asia,2023 Mar,92470
South Asia,2023 Apr,114668
South Asia,2023 May,147713
South Asia,2023 Jun,133366
South Asia,2023 Jul,114733
South Asia,2023 Aug,104652
South Asia,2023 Sep,100567
South Asia,2023 Oct,114672
South Asia,2023 Nov,109957
South Asia,2023 Dec,114964
South Asia,2024 Jan,102934
South Asia,2024 Feb,83642
South Asia,2024 Mar,113228
South Asia,2024 Apr,128285
South Asia,2024 May,178227
South Asia,2024 Jun,143130
South Asia,2024 Jul,112631
South Asia,2024 Aug,113390
South Asia,2024 Sep,108914
South Asia,2024 Oct,125793
South Asia,2024 Nov,113092
South Asia,2024 Dec,129414
South Asia,2025 Jan,107444
South Asia,2025 Feb,94248
South Asia,2025 Mar,120378
Bangladesh,2013 Jan,10584
Bangladesh,2013 Feb,7379
Bangladesh,2013 Mar,9617
Bangladesh,2013 Apr,9832
Bangladesh,2013 May,9611
Bangladesh,2013 Jun,10360
Bangladesh,2013 Jul,11364
Bangladesh,2013 Aug,10463
Bangladesh,2013 Sep,9589
Bangladesh,2013 Oct,9843
Bangladesh,2013 Nov,9899
Bangladesh,2013 Dec,10783
Bangladesh,2014 Jan,10428
Bangladesh,2014 Feb,9343
Bangladesh,2014 Mar,10721
Bangladesh,2014 Apr,9817
Bangladesh,2014 May,9853
Bangladesh,2014 Jun,11100
Bangladesh,2014 Jul,10108
Bangladesh,2014 Aug,11690
Bangladesh,2014 Sep,9486
Bangladesh,2014 Oct,10722
Bangladesh,2014 Nov,10027
Bangladesh,2014 Dec,11631
Bangladesh,2015 Jan,10923
Bangladesh,2015 Feb,7960
Bangladesh,2015 Mar,10186
Bangladesh,2015 Apr,9809
Bangladesh,2015 May,10447
Bangladesh,2015 Jun,9737
Bangladesh,2015 Jul,11793
Bangladesh,2015 Aug,10353
Bangladesh,2015 Sep,10159
Bangladesh,2015 Oct,10394
Bangladesh,2015 Nov,9272
Bangladesh,2015 Dec,11554
Bangladesh,2016 Jan,11151
Bangladesh,2016 Feb,8445
Bangladesh,2016 Mar,10845
Bangladesh,2016 Apr,10303
Bangladesh,2016 May,10700
Bangladesh,2016 Jun,8949
Bangladesh,2016 Jul,12303
Bangladesh,2016 Aug,9694
Bangladesh,2016 Sep,10081
Bangladesh,2016 Oct,10078
Bangladesh,2016 Nov,9830
Bangladesh,2016 Dec,10960
Bangladesh,2017 Jan,9712
Bangladesh,2017 Feb,8788
Bangladesh,2017 Mar,10218
Bangladesh,2017 Apr,8949
Bangladesh,2017 May,9548
Bangladesh,2017 Jun,9972
Bangladesh,2017 Jul,11416
Bangladesh,2017 Aug,9652
Bangladesh,2017 Sep,11277
Bangladesh,2017 Oct,9555
Bangladesh,2017 Nov,9023
Bangladesh,2017 Dec,12479
Bangladesh,2018 Jan,11716
Bangladesh,2018 Feb,9397
Bangladesh,2018 Mar,11243
Bangladesh,2018 Apr,10084
Bangladesh,2018 May,9341
Bangladesh,2018 Jun,11161
Bangladesh,2018 Jul,10784
Bangladesh,2018 Aug,11010
Bangladesh,2018 Sep,10074
Bangladesh,2018 Oct,11206
Bangladesh,2018 Nov,9001
Bangladesh,2018 Dec,11297
Bangladesh,2019 Jan,9960
Bangladesh,2019 Feb,9321
Bangladesh,2019 Mar,10894
Bangladesh,2019 Apr,11091
Bangladesh,2019 May,9595
Bangladesh,2019 Jun,13393
Bangladesh,2019 Jul,12564
Bangladesh,2019 Aug,11808
Bangladesh,2019 Sep,10698
Bangladesh,2019 Oct,12810
Bangladesh,2019 Nov,11040
Bangladesh,2019 Dec,13812
Bangladesh,2020 Jan,11631
Bangladesh,2020 Feb,6054
Bangladesh,2020 Mar,3738
Bangladesh,2020 Apr,4
Bangladesh,2020 May,1
Bangladesh,2020 Jun,11
Bangladesh,2020 Jul,3
Bangladesh,2020 Aug,35
Bangladesh,2020 Sep,36
Bangladesh,2020 Oct,52
Bangladesh,2020 Nov,65
Bangladesh,2020 Dec,267
Bangladesh,2021 Jan,1027
Bangladesh,2021 Feb,1203
Bangladesh,2021 Mar,2736
Bangladesh,2021 Apr,1700
Bangladesh,2021 May,32
Bangladesh,2021 Jun,3
Bangladesh,2021 Jul,1
Bangladesh,2021 Aug,2
Bangladesh,2021 Sep,385
Bangladesh,2021 Oct,1079
Bangladesh,2021 Nov,4170
Bangladesh,2021 Dec,5559
Bangladesh,2022 Jan,4893
Bangladesh,2022 Feb,3361
Bangladesh,2022 Mar,7480
Bangladesh,2022 Apr,7595
Bangladesh,2022 May,6352
Bangladesh,2022 Jun,7352
Bangladesh,2022 Jul,13119
Bangladesh,2022 Aug,10828
Bangladesh,2022 Sep,10694
Bangladesh,2022 Oct,10975
Bangladesh,2022 Nov,10481
Bangladesh,2022 Dec,9857
Bangladesh,2023 Jan,8789
Bangladesh,2023 Feb,8006
Bangladesh,2023 Mar,9711
Bangladesh,2023 Apr,9824
Bangladesh,2023 May,9529
Bangladesh,2023 Jun,9685
Bangladesh,2023 Jul,11100
Bangladesh,2023 Aug,11124
Bangladesh,2023 Sep,10240
Bangladesh,2023 Oct,10721
Bangladesh,2023 Nov,10118
Bangladesh,2023 Dec,11743
Bangladesh,2024 Jan,10332
Bangladesh,2024 Feb,8792
Bangladesh,2024 Mar,8616
Bangladesh,2024 Apr,11707
Bangladesh,2024 May,10959
Bangladesh,2024 Jun,12594
Bangladesh,2024 Jul,12236
Bangladesh,2024 Aug,11027
Bangladesh,2024 Sep,11473
Bangladesh,2024 Oct,12938
Bangladesh,2024 Nov,11092
Bangladesh,2024 Dec,13441
Bangladesh,2025 Jan,12532
Bangladesh,2025 Feb,10847
Bangladesh,2025 Mar,11219
India,2013 Jan,71162
India,2013 Feb,59665
India,2013 Mar,70480
India,2013 Apr,76103
India,2013 May,122030
India,2013 Jun,99754
India,2013 Jul,73550
India,2013 Aug,66274
India,2013 Sep,64556
India,2013 Oct,72429
India,2013 Nov,74389
India,2013 Dec,83161
India,2014 Jan,65557
India,2014 Feb,62999
India,2014 Mar,70488
India,2014 Apr,79536
India,2014 May,118953
India,2014 Jun,94738
India,2014 Jul,72724
India,2014 Aug,69960
India,2014 Sep,65751
India,2014 Oct,88855
India,2014 Nov,71555
India,2014 Dec,82520
India,2015 Jan,73605
India,2015 Feb,60016
India,2015 Mar,70302
India,2015 Apr,84041
India,2015 May,130511
India,2015 Jun,101773
India,2015 Jul,83806
India,2015 Aug,77137
India,2015 Sep,69846
India,2015 Oct,86649
India,2015 Nov,88350
India,2015 Dec,87950
India,2016 Jan,81363
India,2016 Feb,64702
India,2016 Mar,78859
India,2016 Apr,94578
India,2016 May,141986
India,2016 Jun,112026
India,2016 Jul,87919
India,2016 Aug,80977
India,2016 Sep,75074
India,2016 Oct,94649
India,2016 Nov,90734
India,2016 Dec,94323
India,2017 Jan,80062
India,2017 Feb,75905
India,2017 Mar,85299
India,2017 Apr,109303
India,2017 May,172822
India,2017 Jun,136478
India,2017 Jul,97125
India,2017 Aug,91551
India,2017 Sep,102262
India,2017 Oct,120100
India,2017 Nov,86432
India,2017 Dec,114738
India,2018 Jan,108067
India,2018 Feb,81797
India,2018 Mar,105560
India,2018 Apr,122229
India,2018 May,196072
India,2018 Jun,154945
India,2018 Jul,117798
India,2018 Aug,100744
India,2018 Sep,102251
India,2018 Oct,114000
India,2018 Nov,121319
India,2018 Dec,117495
India,2019 Jan,104562
India,2019 Feb,88926
India,2019 Mar,106506
India,2019 Apr,120225
India,2019 May,182727
India,2019 Jun,144118
India,2019 Jul,112026
India,2019 Aug,108736
India,2019 Sep,105075
India,2019 Oct,116182
India,2019 Nov,113717
India,2019 Dec,115193
India,2020 Jan,99643
India,2020 Feb,52946
India,2020 Mar,17848
India,2020 Apr,87
India,2020 May,79
India,2020 Jun,130
India,2020 Jul,634
India,2020 Aug,581
India,2020 Sep,394
India,2020 Oct,428
India,2020 Nov,500
India,2020 Dec,2252
India,2021 Jan,3946
India,2021 Feb,3215
India,2021 Mar,4193
India,2021 Apr,3729
India,2021 May,84
India,2021 Jun,12
India,2021 Jul,332
India,2021 Aug,95
India,2021 Sep,678
India,2021 Oct,2936
India,2021 Nov,7488
India,2021 Dec,27672
India,2022 Jan,11428
India,2022 Feb,15567
India,2022 Mar,27531
India,2022 Apr,41079
India,2022 May,59198
India,2022 Jun,64337
India,2022 Jul,75130
India,2022 Aug,76249
India,2022 Sep,86393
India,2022 Oct,81796
India,2022 Nov,73694
India,2022 Dec,74067
India,2023 Jan,56605
India,2023 Feb,61301
India,2023 Mar,75339
India,2023 Apr,97032
India,2023 May,130444
India,2023 Jun,114588
India,2023 Jul,93056
India,2023 Aug,83601
India,2023 Sep,81016
India,2023 Oct,94334
India,2023 Nov,90231
India,2023 Dec,92620
India,2024 Jan,82113
India,2024 Feb,66149
India,2024 Mar,97027
India,2024 Apr,106715
India,2024 May,156572
India,2024 Jun,120380
India,2024 Jul,89701
India,2024 Aug,91805
India,2024 Sep,87767
India,2024 Oct,102233
India,2024 Nov,92905
India,2024 Dec,103740
India,2025 Jan,85399
India,2025 Feb,74859
India,2025 Mar,101198
Pakistan,2013 Jan,1778
Pakistan,2013 Feb,1249
Pakistan,2013 Mar,1734
Pakistan,2013 Apr,1572
Pakistan,2013 May,1646
Pakistan,2013 Jun,2770
Pakistan,2013 Jul,1512
Pakistan,2013 Aug,1956
Pakistan,2013 Sep,1419
Pakistan,2013 Oct,1675
Pakistan,2013 Nov,1309
Pakistan,2013 Dec,1628
Pakistan,2014 Jan,1259
Pakistan,2014 Feb,1117
Pakistan,2014 Mar,1570
Pakistan,2014 Apr,1225
Pakistan,2014 May,1357
Pakistan,2014 Jun,2799
Pakistan,2014 Jul,1374
Pakistan,2014 Aug,1951
Pakistan,2014 Sep,1115
Pakistan,2014 Oct,1161
Pakistan,2014 Nov,1242
Pakistan,2014 Dec,1505
Pakistan,2015 Jan,1500
Pakistan,2015 Feb,870
Pakistan,2015 Mar,1234
Pakistan,2015 Apr,1125
Pakistan,2015 May,1291
Pakistan,2015 Jun,1947
Pakistan,2015 Jul,2281
Pakistan,2015 Aug,2250
Pakistan,2015 Sep,1383
Pakistan,2015 Oct,1857
Pakistan,2015 Nov,1446
Pakistan,2015 Dec,1764
Pakistan,2016 Jan,1563
Pakistan,2016 Feb,1250
Pakistan,2016 Mar,1409
Pakistan,2016 Apr,1439
Pakistan,2016 May,1824
Pakistan,2016 Jun,1196
Pakistan,2016 Jul,3823
Pakistan,2016 Aug,2494
Pakistan,2016 Sep,1893
Pakistan,2016 Oct,1901
Pakistan,2016 Nov,1473
Pakistan,2016 Dec,1947
Pakistan,2017 Jan,1520
Pakistan,2017 Feb,1522
Pakistan,2017 Mar,2050
Pakistan,2017 Apr,1434
Pakistan,2017 May,1383
Pakistan,2017 Jun,1421
Pakistan,2017 Jul,4160
Pakistan,2017 Aug,2159
Pakistan,2017 Sep,1968
Pakistan,2017 Oct,1552
Pakistan,2017 Nov,1816
Pakistan,2017 Dec,2521
Pakistan,2018 Jan,2071
Pakistan,2018 Feb,1302
Pakistan,2018 Mar,2382
Pakistan,2018 Apr,1893
Pakistan,2018 May,1492
Pakistan,2018 Jun,2550
Pakistan,2018 Jul,3833
Pakistan,2018 Aug,2519
Pakistan,2018 Sep,1808
Pakistan,2018 Oct,1643
Pakistan,2018 Nov,1464
Pakistan,2018 Dec,2373
Pakistan,2019 Jan,1959
Pakistan,2019 Feb,1327
Pakistan,2019 Mar,1419
Pakistan,2019 Apr,1293
Pakistan,2019 May,856
Pakistan,2019 Jun,2698
Pakistan,2019 Jul,2581
Pakistan,2019 Aug,1547
Pakistan,2019 Sep,1474
Pakistan,2019 Oct,1370
Pakistan,2019 Nov,1474
Pakistan,2019 Dec,1976
Pakistan,2020 Jan,1774
Pakistan,2020 Feb,742
Pakistan,2020 Mar,285
Pakistan,2020 Apr,0
Pakistan,2020 May,1
Pakistan,2020 Jun,3
Pakistan,2020 Jul,24
Pakistan,2020 Aug,42
Pakistan,2020 Sep,22
Pakistan,2020 Oct,28
Pakistan,2020 Nov,18
Pakistan,2020 Dec,37
Pakistan,2021 Jan,25
Pakistan,2021 Feb,14
Pakistan,2021 Mar,30
Pakistan,2021 Apr,13
Pakistan,2021 May,0
Pakistan,2021 Jun,0
Pakistan,2021 Jul,2
Pakistan,2021 Aug,4
Pakistan,2021 Sep,6
Pakistan,2021 Oct,6
Pakistan,2021 Nov,36
Pakistan,2021 Dec,59
Pakistan,2022 Jan,68
Pakistan,2022 Feb,28
Pakistan,2022 Mar,54
Pakistan,2022 Apr,147
Pakistan,2022 May,448
Pakistan,2022 Jun,999
Pakistan,2022 Jul,1405
Pakistan,2022 Aug,1458
Pakistan,2022 Sep,1199
Pakistan,2022 Oct,1492
Pakistan,2022 Nov,1643
Pakistan,2022 Dec,1623
Pakistan,2023 Jan,1452
Pakistan,2023 Feb,1584
Pakistan,2023 Mar,1060
Pakistan,2023 Apr,684
Pakistan,2023 May,1222
Pakistan,2023 Jun,1724
Pakistan,2023 Jul,2654
Pakistan,2023 Aug,1497
Pakistan,2023 Sep,1360
Pakistan,2023 Oct,1484
Pakistan,2023 Nov,1404
Pakistan,2023 Dec,1629
Pakistan,2024 Jan,1411
Pakistan,2024 Feb,1626
Pakistan,2024 Mar,824
Pakistan,2024 Apr,956
Pakistan,2024 May,1309
Pakistan,2024 Jun,2020
Pakistan,2024 Jul,2818
Pakistan,2024 Aug,1717
Pakistan,2024 Sep,1459
Pakistan,2024 Oct,1516
Pakistan,2024 Nov,1569
Pakistan,2024 Dec,2109
Pakistan,2025 Jan,1809
Pakistan,2025 Feb,1708
Pakistan,2025 Mar,569
Sri Lanka,2013 Jan,6741
Sri Lanka,2013 Feb,6392
Sri Lanka,2013 Mar,7474
Sri Lanka,2013 Apr,12588
Sri Lanka,2013 May,7066
Sri Lanka,2013 Jun,6206
Sri Lanka,2013 Jul,7038
Sri Lanka,2013 Aug,10237
Sri Lanka,2013 Sep,7144
Sri Lanka,2013 Oct,6932
Sri Lanka,2013 Nov,6408
Sri Lanka,2013 Dec,11380
Sri Lanka,2014 Jan,6440
Sri Lanka,2014 Feb,6006
Sri Lanka,2014 Mar,5772
Sri Lanka,2014 Apr,11131
Sri Lanka,2014 May,6994
Sri Lanka,2014 Jun,6369
Sri Lanka,2014 Jul,5711
Sri Lanka,2014 Aug,9649
Sri Lanka,2014 Sep,7536
Sri Lanka,2014 Oct,6987
Sri Lanka,2014 Nov,7603
Sri Lanka,2014 Dec,8608
Sri Lanka,2015 Jan,6139
Sri Lanka,2015 Feb,5987
Sri Lanka,2015 Mar,7640
Sri Lanka,2015 Apr,11103
Sri Lanka,2015 May,7652
Sri Lanka,2015 Jun,5832
Sri Lanka,2015 Jul,6782
Sri Lanka,2015 Aug,8965
Sri Lanka,2015 Sep,7477
Sri Lanka,2015 Oct,8083
Sri Lanka,2015 Nov,7432
Sri Lanka,2015 Dec,9960
Sri Lanka,2016 Jan,6624
Sri Lanka,2016 Feb,6577
Sri Lanka,2016 Mar,6699
Sri Lanka,2016 Apr,12708
Sri Lanka,2016 May,7434
Sri Lanka,2016 Jun,5764
Sri Lanka,2016 Jul,7919
Sri Lanka,2016 Aug,11142
Sri Lanka,2016 Sep,7745
Sri Lanka,2016 Oct,7825
Sri Lanka,2016 Nov,9161
Sri Lanka,2016 Dec,12307
Sri Lanka,2017 Jan,5931
Sri Lanka,2017 Feb,6246
Sri Lanka,2017 Mar,7058
Sri Lanka,2017 Apr,12363
Sri Lanka,2017 May,8870
Sri Lanka,2017 Jun,6806
Sri Lanka,2017 Jul,7806
Sri Lanka,2017 Aug,11805
Sri Lanka,2017 Sep,9322
Sri Lanka,2017 Oct,9313
Sri Lanka,2017 Nov,9585
Sri Lanka,2017 Dec,12684
Sri Lanka,2018 Jan,8059
Sri Lanka,2018 Feb,7316
Sri Lanka,2018 Mar,8101
Sri Lanka,2018 Apr,15128
Sri Lanka,2018 May,8880
Sri Lanka,2018 Jun,7904
Sri Lanka,2018 Jul,10183
Sri Lanka,2018 Aug,12264
Sri Lanka,2018 Sep,9442
Sri Lanka,2018 Oct,9312
Sri Lanka,2018 Nov,8097
Sri Lanka,2018 Dec,9116
Sri Lanka,2019 Jan,6367
Sri Lanka,2019 Feb,6277
Sri Lanka,2019 Mar,7044
Sri Lanka,2019 Apr,10438
Sri Lanka,2019 May,6772
Sri Lanka,2019 Jun,7221
Sri Lanka,2019 Jul,7768
Sri Lanka,2019 Aug,9693
Sri Lanka,2019 Sep,8314
Sri Lanka,2019 Oct,8108
Sri Lanka,2019 Nov,9755
Sri Lanka,2019 Dec,10983
Sri Lanka,2020 Jan,6236
Sri Lanka,2020 Feb,3591
Sri Lanka,2020 Mar,1660
Sri Lanka,2020 Apr,2
Sri Lanka,2020 May,5
Sri Lanka,2020 Jun,3
Sri Lanka,2020 Jul,18
Sri Lanka,2020 Aug,36
Sri Lanka,2020 Sep,32
Sri Lanka,2020 Oct,34
Sri Lanka,2020 Nov,46
Sri Lanka,2020 Dec,90
Sri Lanka,2021 Jan,172
Sri Lanka,2021 Feb,107
Sri Lanka,2021 Mar,238
Sri Lanka,2021 Apr,165
Sri Lanka,2021 May,5
Sri Lanka,2021 Jun,2
Sri Lanka,2021 Jul,2
Sri Lanka,2021 Aug,6
Sri Lanka,2021 Sep,15
Sri Lanka,2021 Oct,19
Sri Lanka,2021 Nov,150
Sri Lanka,2021 Dec,587
Sri Lanka,2022 Jan,444
Sri Lanka,2022 Feb,885
Sri Lanka,2022 Mar,1529
Sri Lanka,2022 Apr,2928
Sri Lanka,2022 May,2759
Sri Lanka,2022 Jun,2709
Sri Lanka,2022 Jul,3058
Sri Lanka,2022 Aug,3901
Sri Lanka,2022 Sep,4430
Sri Lanka,2022 Oct,4707
Sri Lanka,2022 Nov,3896
Sri Lanka,2022 Dec,4270
Sri Lanka,2023 Jan,3083
Sri Lanka,2023 Feb,3829
Sri Lanka,2023 Mar,4088
Sri Lanka,2023 Apr,4897
Sri Lanka,2023 May,4276
Sri Lanka,2023 Jun,4368
Sri Lanka,2023 Jul,4509
Sri Lanka,2023 Aug,5567
Sri Lanka,2023 Sep,5156
Sri Lanka,2023 Oct,4487
Sri Lanka,2023 Nov,5048
Sri Lanka,2023 Dec,5975
Sri Lanka,2024 Jan,5586
Sri Lanka,2024 Feb,4111
Sri Lanka,2024 Mar,4449
Sri Lanka,2024 Apr,6187
Sri Lanka,2024 May,5780
Sri Lanka,2024 Jun,5036
Sri Lanka,2024 Jul,4921
Sri Lanka,2024 Aug,5767
Sri Lanka,2024 Sep,5221
Sri Lanka,2024 Oct,4837
Sri Lanka,2024 Nov,4970
Sri Lanka,2024 Dec,6804
Sri Lanka,2025 Jan,4463
Sri Lanka,2025 Feb,4342
Sri Lanka,2025 Mar,4974
Other Markets In South Asia,2013 Jan,2105
Other Markets In South Asia,2013 Feb,1468
Other Markets In South Asia,2013 Mar,1774
Other Markets In South Asia,2013 Apr,1610
Other Markets In South Asia,2013 May,1620
Other Markets In South Asia,2013 Jun,1943
Other Markets In South Asia,2013 Jul,1513
Other Markets In South Asia,2013 Aug,1893
Other Markets In South Asia,2013 Sep,1324
Other Markets In South Asia,2013 Oct,2192
Other Markets In South Asia,2013 Nov,1626
Other Markets In South Asia,2013 Dec,2376
Other Markets In South Asia,2014 Jan,2030
Other Markets In South Asia,2014 Feb,1722
Other Markets In South Asia,2014 Mar,1795
Other Markets In South Asia,2014 Apr,2052
Other Markets In South Asia,2014 May,1762
Other Markets In South Asia,2014 Jun,2238
Other Markets In South Asia,2014 Jul,1912
Other Markets In South Asia,2014 Aug,2156
Other Markets In South Asia,2014 Sep,2091
Other Markets In South Asia,2014 Oct,2632
Other Markets In South Asia,2014 Nov,1950
Other Markets In South Asia,2014 Dec,2745
Other Markets In South Asia,2015 Jan,2362
Other Markets In South Asia,2015 Feb,1743
Other Markets In South Asia,2015 Mar,2190
Other Markets In South Asia,2015 Apr,2101
Other Markets In South Asia,2015 May,1722
Other Markets In South Asia,2015 Jun,2124
Other Markets In South Asia,2015 Jul,2268
Other Markets In South Asia,2015 Aug,2611
Other Markets In South Asia,2015 Sep,2695
Other Markets In South Asia,2015 Oct,3318
Other Markets In South Asia,2015 Nov,2702
Other Markets In South Asia,2015 Dec,3511
Other Markets In South Asia,2016 Jan,2483
Other Markets In South Asia,2016 Feb,2005
Other Markets In South Asia,2016 Mar,2162
Other Markets In South Asia,2016 Apr,2454
Other Markets In South Asia,2016 May,2628
Other Markets In South Asia,2016 Jun,2254
Other Markets In South Asia,2016 Jul,3064
Other Markets In South Asia,2016 Aug,2971
Other Markets In South Asia,2016 Sep,2622
Other Markets In South Asia,2016 Oct,4580
Other Markets In South Asia,2016 Nov,3057
Other Markets In South Asia,2016 Dec,4069
Other Markets In South Asia,2017 Jan,3330
Other Markets In South Asia,2017 Feb,2577
Other Markets In South Asia,2017 Mar,2671
Other Markets In South Asia,2017 Apr,2456
Other Markets In South Asia,2017 May,2575
Other Markets In South Asia,2017 Jun,2185
Other Markets In South Asia,2017 Jul,3236
Other Markets In South Asia,2017 Aug,2964
Other Markets In South Asia,2017 Sep,3490
Other Markets In South Asia,2017 Oct,3779
Other Markets In South Asia,2017 Nov,2453
Other Markets In South Asia,2017 Dec,3810
Other Markets In South Asia,2018 Jan,3709
Other Markets In South Asia,2018 Feb,2361
Other Markets In South Asia,2018 Mar,2851
Other Markets In South Asia,2018 Apr,2895
Other Markets In South Asia,2018 May,2621
Other Markets In South Asia,2018 Jun,2583
Other Markets In South Asia,2018 Jul,2774
Other Markets In South Asia,2018 Aug,3480
Other Markets In South Asia,2018 Sep,3030
Other Markets In South Asia,2018 Oct,4423
Other Markets In South Asia,2018 Nov,2937
Other Markets In South Asia,2018 Dec,3950
Other Markets In South Asia,2019 Jan,3817
Other Markets In South Asia,2019 Feb,2598
Other Markets In South Asia,2019 Mar,2730
Other Markets In South Asia,2019 Apr,2807
Other Markets In South Asia,2019 May,2218
Other Markets In South Asia,2019 Jun,3312
Other Markets In South Asia,2019 Jul,3190
Other Markets In South Asia,2019 Aug,3716
Other Markets In South Asia,2019 Sep,3642
Other Markets In South Asia,2019 Oct,4502
Other Markets In South Asia,2019 Nov,3072
Other Markets In South Asia,2019 Dec,4396
Other Markets In South Asia,2020 Jan,4040
Other Markets In South Asia,2020 Feb,1614
Other Markets In South Asia,2020 Mar,721
Other Markets In South Asia,2020 Apr,2
Other Markets In South Asia,2020 May,0
Other Markets In South Asia,2020 Jun,0
Other Markets In South Asia,2020 Jul,9
Other Markets In South Asia,2020 Aug,23
Other Markets In South Asia,2020 Sep,3
Other Markets In South Asia,2020 Oct,24
Other Markets In South Asia,2020 Nov,24
Other Markets In South Asia,2020 Dec,24
Other Markets In South Asia,2021 Jan,16
Other Markets In South Asia,2021 Feb,158
Other Markets In South Asia,2021 Mar,36
Other Markets In South Asia,2021 Apr,33
Other Markets In South Asia,2021 May,1
Other Markets In South Asia,2021 Jun,2
Other Markets In South Asia,2021 Jul,5
Other Markets In South Asia,2021 Aug,5
Other Markets In South Asia,2021 Sep,21
Other Markets In South Asia,2021 Oct,15
Other Markets In South Asia,2021 Nov,35
Other Markets In South Asia,2021 Dec,62
Other Markets In South Asia,2022 Jan,68
Other Markets In South Asia,2022 Feb,236
Other Markets In South Asia,2022 Mar,185
Other Markets In South Asia,2022 Apr,522
Other Markets In South Asia,2022 May,1221
Other Markets In South Asia,2022 Jun,1270
Other Markets In South Asia,2022 Jul,2291
Other Markets In South Asia,2022 Aug,1889
Other Markets In South Asia,2022 Sep,1900
Other Markets In South Asia,2022 Oct,2540
Other Markets In South Asia,2022 Nov,1667
Other Markets In South Asia,2022 Dec,1913
Other Markets In South Asia,2023 Jan,2302
Other Markets In South Asia,2023 Feb,2163
Other Markets In South Asia,2023 Mar,2272
Other Markets In South Asia,2023 Apr,2231
Other Markets In South Asia,2023 May,2242
Other Markets In South Asia,2023 Jun,3001
Other Markets In South Asia,2023 Jul,3414
Other Markets In South Asia,2023 Aug,2863
Other Markets In South Asia,2023 Sep,2795
Other Markets In South Asia,2023 Oct,3646
Other Markets In South Asia,2023 Nov,3156
Other Markets In South Asia,2023 Dec,2997
Other Markets In South Asia,2024 Jan,3492
Other Markets In South Asia,2024 Feb,2964
Other Markets In South Asia,2024 Mar,2312
Other Markets In South Asia,2024 Apr,2720
Other Markets In South Asia,2024 May,3607
Other Markets In South Asia,2024 Jun,3100
Other Markets In South Asia,2024 Jul,2955
Other Markets In South Asia,2024 Aug,3074
Other Markets In South Asia,2024 Sep,2994
Other Markets In South Asia,2024 Oct,4269
Other Markets In South Asia,2024 Nov,2556
Other Markets In South Asia,2024 Dec,3320
Other Markets In South Asia,2025 Jan,3241
Other Markets In South Asia,2025 Feb,2492
Other Markets In South Asia,2025 Mar,2418
West Asia,2013 Jan,10529
West Asia,2013 Feb,9734
West Asia,2013 Mar,14304
West Asia,2013 Apr,11626
West Asia,2013 May,8816
West Asia,2013 Jun,13492
West Asia,2013 Jul,12094
West Asia,2013 Aug,24739
West Asia,2013 Sep,11861
West Asia,2013 Oct,15847
West Asia,2013 Nov,9690
West Asia,2013 Dec,14064
West Asia,2014 Jan,11464
West Asia,2014 Feb,11577
West Asia,2014 Mar,15614
West Asia,2014 Apr,12344
West Asia,2014 May,9852
West Asia,2014 Jun,12928
West Asia,2014 Jul,16438
West Asia,2014 Aug,27567
West Asia,2014 Sep,11961
West Asia,2014 Oct,14898
West Asia,2014 Nov,10844
West Asia,2014 Dec,14667
West Asia,2015 Jan,13037
West Asia,2015 Feb,9073
West Asia,2015 Mar,16316
West Asia,2015 Apr,12262
West Asia,2015 May,10058
West Asia,2015 Jun,9962
West Asia,2015 Jul,20337
West Asia,2015 Aug,22048
West Asia,2015 Sep,15313
West Asia,2015 Oct,10882
West Asia,2015 Nov,11096
West Asia,2015 Dec,15497
West Asia,2016 Jan,14073
West Asia,2016 Feb,11158
West Asia,2016 Mar,20822
West Asia,2016 Apr,12264
West Asia,2016 May,11708
West Asia,2016 Jun,8629
West Asia,2016 Jul,24247
West Asia,2016 Aug,22592
West Asia,2016 Sep,17859
West Asia,2016 Oct,11017
West Asia,2016 Nov,11281
West Asia,2016 Dec,14895
West Asia,2017 Jan,12581
West Asia,2017 Feb,11749
West Asia,2017 Mar,22042
West Asia,2017 Apr,12708
West Asia,2017 May,10189
West Asia,2017 Jun,12753
West Asia,2017 Jul,20463
West Asia,2017 Aug,21152
West Asia,2017 Sep,13738
West Asia,2017 Oct,11036
West Asia,2017 Nov,11524
West Asia,2017 Dec,14639
West Asia,2018 Jan,13833
West Asia,2018 Feb,11038
West Asia,2018 Mar,20025
West Asia,2018 Apr,12030
West Asia,2018 May,8787
West Asia,2018 Jun,11585
West Asia,2018 Jul,19564
West Asia,2018 Aug,21407
West Asia,2018 Sep,11098
West Asia,2018 Oct,10437
West Asia,2018 Nov,10396
West Asia,2018 Dec,13458
West Asia,2019 Jan,11527
West Asia,2019 Feb,9935
West Asia,2019 Mar,15025
West Asia,2019 Apr,14102
West Asia,2019 May,8729
West Asia,2019 Jun,14877
West Asia,2019 Jul,20611
West Asia,2019 Aug,22847
West Asia,2019 Sep,11778
West Asia,2019 Oct,12276
West Asia,2019 Nov,12438
West Asia,2019 Dec,14757
West Asia,2020 Jan,13545
West Asia,2020 Feb,5452
West Asia,2020 Mar,1019
West Asia,2020 Apr,8
West Asia,2020 May,6
West Asia,2020 Jun,25
West Asia,2020 Jul,136
West Asia,2020 Aug,92
West Asia,2020 Sep,117
West Asia,2020 Oct,128
West Asia,2020 Nov,112
West Asia,2020 Dec,175
West Asia,2021 Jan,141
West Asia,2021 Feb,94
West Asia,2021 Mar,142
West Asia,2021 Apr,150
West Asia,2021 May,108
West Asia,2021 Jun,57
West Asia,2021 Jul,143
West Asia,2021 Aug,207
West Asia,2021 Sep,158
West Asia,2021 Oct,313
West Asia,2021 Nov,373
West Asia,2021 Dec,361
West Asia,2022 Jan,288
West Asia,2022 Feb,620
West Asia,2022 Mar,1721
West Asia,2022 Apr,3997
West Asia,2022 May,5283
West Asia,2022 Jun,5839
West Asia,2022 Jul,12301
West Asia,2022 Aug,11241
West Asia,2022 Sep,9810
West Asia,2022 Oct,9382
West Asia,2022 Nov,9139
West Asia,2022 Dec,10007
West Asia,2023 Jan,8180
West Asia,2023 Feb,9159
West Asia,2023 Mar,12923
West Asia,2023 Apr,11604
West Asia,2023 May,9408
West Asia,2023 Jun,15806
West Asia,2023 Jul,22773
West Asia,2023 Aug,19790
West Asia,2023 Sep,13928
West Asia,2023 Oct,11379
West Asia,2023 Nov,10698
West Asia,2023 Dec,12730
West Asia,2024 Jan,11377
West Asia,2024 Feb,11498
West Asia,2024 Mar,13591
West Asia,2024 Apr,17470
West Asia,2024 May,10769
West Asia,2024 Jun,16007
West Asia,2024 Jul,23608
West Asia,2024 Aug,21344
West Asia,2024 Sep,15370
West Asia,2024 Oct,14707
West Asia,2024 Nov,15092
West Asia,2024 Dec,15103
West Asia,2025 Jan,13666
West Asia,2025 Feb,13559
West Asia,2025 Mar,17669
Iran,2013 Jan,675
Iran,2013 Feb,731
Iran,2013 Mar,2223
Iran,2013 Apr,504
Iran,2013 May,421
Iran,2013 Jun,699
Iran,2013 Jul,606
Iran,2013 Aug,961
Iran,2013 Sep,1431
Iran,2013 Oct,883
Iran,2013 Nov,732
Iran,2013 Dec,1090
Iran,2014 Jan,898
Iran,2014 Feb,896
Iran,2014 Mar,3433
Iran,2014 Apr,577
Iran,2014 May,443
Iran,2014 Jun,685
Iran,2014 Jul,844
Iran,2014 Aug,892
Iran,2014 Sep,1254
Iran,2014 Oct,756
Iran,2014 Nov,758
Iran,2014 Dec,934
Iran,2015 Jan,601
Iran,2015 Feb,632
Iran,2015 Mar,2937
Iran,2015 Apr,548
Iran,2015 May,488
Iran,2015 Jun,646
Iran,2015 Jul,665
Iran,2015 Aug,889
Iran,2015 Sep,1473
Iran,2015 Oct,943
Iran,2015 Nov,1048
Iran,2015 Dec,1397
Iran,2016 Jan,1156
Iran,2016 Feb,1516
Iran,2016 Mar,6275
Iran,2016 Apr,819
Iran,2016 May,1198
Iran,2016 Jun,972
Iran,2016 Jul,1529
Iran,2016 Aug,1901
Iran,2016 Sep,2534
Iran,2016 Oct,1718
Iran,2016 Nov,1632
Iran,2016 Dec,1391
Iran,2017 Jan,1421
Iran,2017 Feb,1704
Iran,2017 Mar,8000
Iran,2017 Apr,922
Iran,2017 May,1115
Iran,2017 Jun,1607
Iran,2017 Jul,1423
Iran,2017 Aug,1724
Iran,2017 Sep,2840
Iran,2017 Oct,1423
Iran,2017 Nov,1402
Iran,2017 Dec,1304
Iran,2018 Jan,1673
Iran,2018 Feb,1777
Iran,2018 Mar,4963
Iran,2018 Apr,937
Iran,2018 May,551
Iran,2018 Jun,822
Iran,2018 Jul,923
Iran,2018 Aug,874
Iran,2018 Sep,551
Iran,2018 Oct,233
Iran,2018 Nov,342
Iran,2018 Dec,292
Iran,2019 Jan,420
Iran,2019 Feb,446
Iran,2019 Mar,1864
Iran,2019 Apr,323
Iran,2019 May,212
Iran,2019 Jun,388
Iran,2019 Jul,413
Iran,2019 Aug,798
Iran,2019 Sep,1083
Iran,2019 Oct,738
Iran,2019 Nov,698
Iran,2019 Dec,581
Iran,2020 Jan,493
Iran,2020 Feb,518
Iran,2020 Mar,8
Iran,2020 Apr,0
Iran,2020 May,0
Iran,2020 Jun,0
Iran,2020 Jul,0
Iran,2020 Aug,11
Iran,2020 Sep,6
Iran,2020 Oct,2
Iran,2020 Nov,8
Iran,2020 Dec,6
Iran,2021 Jan,4
Iran,2021 Feb,4
Iran,2021 Mar,8
Iran,2021 Apr,4
Iran,2021 May,0
Iran,2021 Jun,0
Iran,2021 Jul,0
Iran,2021 Aug,2
Iran,2021 Sep,6
Iran,2021 Oct,10
Iran,2021 Nov,5
Iran,2021 Dec,11
Iran,2022 Jan,3
Iran,2022 Feb,4
Iran,2022 Mar,12
Iran,2022 Apr,21
Iran,2022 May,127
Iran,2022 Jun,169
Iran,2022 Jul,135
Iran,2022 Aug,122
Iran,2022 Sep,184
Iran,2022 Oct,232
Iran,2022 Nov,232
Iran,2022 Dec,126
Iran,2023 Jan,156
Iran,2023 Feb,175
Iran,2023 Mar,1414
Iran,2023 Apr,421
Iran,2023 May,190
Iran,2023 Jun,322
Iran,2023 Jul,298
Iran,2023 Aug,406
Iran,2023 Sep,1009
Iran,2023 Oct,521
Iran,2023 Nov,560
Iran,2023 Dec,427
Iran,2024 Jan,409
Iran,2024 Feb,506
Iran,2024 Mar,2207
Iran,2024 Apr,404
Iran,2024 May,340
Iran,2024 Jun,437
Iran,2024 Jul,404
Iran,2024 Aug,521
Iran,2024 Sep,853
Iran,2024 Oct,385
Iran,2024 Nov,400
Iran,2024 Dec,430
Iran,2025 Jan,390
Iran,2025 Feb,325
Iran,2025 Mar,1565
Israel,2013 Jan,1351
Israel,2013 Feb,1196
Israel,2013 Mar,1241
Israel,2013 Apr,1023
Israel,2013 May,1044
Israel,2013 Jun,1215
Israel,2013 Jul,1313
Israel,2013 Aug,1270
Israel,2013 Sep,1330
Israel,2013 Oct,1254
Israel,2013 Nov,1175
Israel,2013 Dec,1167
Israel,2014 Jan,1325
Israel,2014 Feb,1556
Israel,2014 Mar,1320
Israel,2014 Apr,1273
Israel,2014 May,1075
Israel,2014 Jun,1193
Israel,2014 Jul,1065
Israel,2014 Aug,1166
Israel,2014 Sep,1134
Israel,2014 Oct,1441
Israel,2014 Nov,1602
Israel,2014 Dec,1120
Israel,2015 Jan,1425
Israel,2015 Feb,1347
Israel,2015 Mar,1414
Israel,2015 Apr,1264
Israel,2015 May,1188
Israel,2015 Jun,1087
Israel,2015 Jul,1266
Israel,2015 Aug,1323
Israel,2015 Sep,1356
Israel,2015 Oct,1456
Israel,2015 Nov,1421
Israel,2015 Dec,1196
Israel,2016 Jan,1707
Israel,2016 Feb,1655
Israel,2016 Mar,1582
Israel,2016 Apr,1270
Israel,2016 May,1371
Israel,2016 Jun,1007
Israel,2016 Jul,1446
Israel,2016 Aug,1556
Israel,2016 Sep,1639
Israel,2016 Oct,2232
Israel,2016 Nov,1729
Israel,2016 Dec,1441
Israel,2017 Jan,1630
Israel,2017 Feb,1799
Israel,2017 Mar,1633
Israel,2017 Apr,1698
Israel,2017 May,1627
Israel,2017 Jun,1171
Israel,2017 Jul,1807
Israel,2017 Aug,1610
Israel,2017 Sep,1528
Israel,2017 Oct,2051
Israel,2017 Nov,1566
Israel,2017 Dec,1571
Israel,2018 Jan,2118
Israel,2018 Feb,2138
Israel,2018 Mar,2115
Israel,2018 Apr,1775
Israel,2018 May,1288
Israel,2018 Jun,1426
Israel,2018 Jul,1756
Israel,2018 Aug,1931
Israel,2018 Sep,2379
Israel,2018 Oct,2073
Israel,2018 Nov,1704
Israel,2018 Dec,1682
Israel,2019 Jan,2374
Israel,2019 Feb,1896
Israel,2019 Mar,1945
Israel,2019 Apr,2071
Israel,2019 May,1523
Israel,2019 Jun,1502
Israel,2019 Jul,1866
Israel,2019 Aug,1937
Israel,2019 Sep,2160
Israel,2019 Oct,2982
Israel,2019 Nov,2009
Israel,2019 Dec,2032
Israel,2020 Jan,2958
Israel,2020 Feb,1377
Israel,2020 Mar,211
Israel,2020 Apr,0
Israel,2020 May,4
Israel,2020 Jun,4
Israel,2020 Jul,40
Israel,2020 Aug,16
Israel,2020 Sep,13
Israel,2020 Oct,27
Israel,2020 Nov,37
Israel,2020 Dec,49
Israel,2021 Jan,28
Israel,2021 Feb,11
Israel,2021 Mar,30
Israel,2021 Apr,62
Israel,2021 May,48
Israel,2021 Jun,30
Israel,2021 Jul,65
Israel,2021 Aug,60
Israel,2021 Sep,33
Israel,2021 Oct,107
Israel,2021 Nov,131
Israel,2021 Dec,99
Israel,2022 Jan,94
Israel,2022 Feb,298
Israel,2022 Mar,321
Israel,2022 Apr,703
Israel,2022 May,930
Israel,2022 Jun,753
Israel,2022 Jul,1145
Israel,2022 Aug,1199
Israel,2022 Sep,1990
Israel,2022 Oct,2186
Israel,2022 Nov,1403
Israel,2022 Dec,916
Israel,2023 Jan,1342
Israel,2023 Feb,1510
Israel,2023 Mar,1639
Israel,2023 Apr,1275
Israel,2023 May,1184
Israel,2023 Jun,1012
Israel,2023 Jul,1596
Israel,2023 Aug,1669
Israel,2023 Sep,1805
Israel,2023 Oct,1029
Israel,2023 Nov,592
Israel,2023 Dec,693
Israel,2024 Jan,1075
Israel,2024 Feb,1346
Israel,2024 Mar,1284
Israel,2024 Apr,1447
Israel,2024 May,1303
Israel,2024 Jun,1138
Israel,2024 Jul,1321
Israel,2024 Aug,1299
Israel,2024 Sep,1779
Israel,2024 Oct,2123
Israel,2024 Nov,1877
Israel,2024 Dec,1494
Israel,2025 Jan,2116
Israel,2025 Feb,2133
Israel,2025 Mar,2413
Kuwait,2013 Jan,456
Kuwait,2013 Feb,1302
Kuwait,2013 Mar,550
Kuwait,2013 Apr,479
Kuwait,2013 May,320
Kuwait,2013 Jun,857
Kuwait,2013 Jul,475
Kuwait,2013 Aug,2943
Kuwait,2013 Sep,850
Kuwait,2013 Oct,1108
Kuwait,2013 Nov,371
Kuwait,2013 Dec,902
Kuwait,2014 Jan,766
Kuwait,2014 Feb,1471
Kuwait,2014 Mar,587
Kuwait,2014 Apr,448
Kuwait,2014 May,390
Kuwait,2014 Jun,769
Kuwait,2014 Jul,1208
Kuwait,2014 Aug,2784
Kuwait,2014 Sep,532
Kuwait,2014 Oct,896
Kuwait,2014 Nov,404
Kuwait,2014 Dec,781
Kuwait,2015 Jan,1420
Kuwait,2015 Feb,519
Kuwait,2015 Mar,546
Kuwait,2015 Apr,476
Kuwait,2015 May,463
Kuwait,2015 Jun,538
Kuwait,2015 Jul,1631
Kuwait,2015 Aug,2395
Kuwait,2015 Sep,1024
Kuwait,2015 Oct,550
Kuwait,2015 Nov,327
Kuwait,2015 Dec,878
Kuwait,2016 Jan,1682
Kuwait,2016 Feb,470
Kuwait,2016 Mar,674
Kuwait,2016 Apr,404
Kuwait,2016 May,549
Kuwait,2016 Jun,259
Kuwait,2016 Jul,1946
Kuwait,2016 Aug,2224
Kuwait,2016 Sep,1399
Kuwait,2016 Oct,372
Kuwait,2016 Nov,365
Kuwait,2016 Dec,779
Kuwait,2017 Jan,1154
Kuwait,2017 Feb,508
Kuwait,2017 Mar,703
Kuwait,2017 Apr,436
Kuwait,2017 May,314
Kuwait,2017 Jun,576
Kuwait,2017 Jul,1604
Kuwait,2017 Aug,2124
Kuwait,2017 Sep,555
Kuwait,2017 Oct,343
Kuwait,2017 Nov,422
Kuwait,2017 Dec,726
Kuwait,2018 Jan,1173
Kuwait,2018 Feb,566
Kuwait,2018 Mar,624
Kuwait,2018 Apr,511
Kuwait,2018 May,280
Kuwait,2018 Jun,751
Kuwait,2018 Jul,1634
Kuwait,2018 Aug,2347
Kuwait,2018 Sep,385
Kuwait,2018 Oct,370
Kuwait,2018 Nov,375
Kuwait,2018 Dec,778
Kuwait,2019 Jan,1174
Kuwait,2019 Feb,662
Kuwait,2019 Mar,522
Kuwait,2019 Apr,514
Kuwait,2019 May,130
Kuwait,2019 Jun,932
Kuwait,2019 Jul,1663
Kuwait,2019 Aug,2110
Kuwait,2019 Sep,382
Kuwait,2019 Oct,357
Kuwait,2019 Nov,450
Kuwait,2019 Dec,729
Kuwait,2020 Jan,1127
Kuwait,2020 Feb,125
Kuwait,2020 Mar,16
Kuwait,2020 Apr,0
Kuwait,2020 May,0
Kuwait,2020 Jun,0
Kuwait,2020 Jul,0
Kuwait,2020 Aug,6
Kuwait,2020 Sep,3
Kuwait,2020 Oct,0
Kuwait,2020 Nov,0
Kuwait,2020 Dec,1
Kuwait,2021 Jan,0
Kuwait,2021 Feb,5
Kuwait,2021 Mar,0
Kuwait,2021 Apr,0
Kuwait,2021 May,0
Kuwait,2021 Jun,0
Kuwait,2021 Jul,0
Kuwait,2021 Aug,7
Kuwait,2021 Sep,5
Kuwait,2021 Oct,4
Kuwait,2021 Nov,16
Kuwait,2021 Dec,1
Kuwait,2022 Jan,2
Kuwait,2022 Feb,4
Kuwait,2022 Mar,4
Kuwait,2022 Apr,52
Kuwait,2022 May,115
Kuwait,2022 Jun,281
Kuwait,2022 Jul,747
Kuwait,2022 Aug,1053
Kuwait,2022 Sep,468
Kuwait,2022 Oct,222
Kuwait,2022 Nov,229
Kuwait,2022 Dec,476
Kuwait,2023 Jan,672
Kuwait,2023 Feb,359
Kuwait,2023 Mar,205
Kuwait,2023 Apr,308
Kuwait,2023 May,305
Kuwait,2023 Jun,967
Kuwait,2023 Jul,1511
Kuwait,2023 Aug,2157
Kuwait,2023 Sep,521
Kuwait,2023 Oct,473
Kuwait,2023 Nov,269
Kuwait,2023 Dec,512
Kuwait,2024 Jan,955
Kuwait,2024 Feb,510
Kuwait,2024 Mar,176
Kuwait,2024 Apr,313
Kuwait,2024 May,217
Kuwait,2024 Jun,1007
Kuwait,2024 Jul,1242
Kuwait,2024 Aug,1957
Kuwait,2024 Sep,598
Kuwait,2024 Oct,352
Kuwait,2024 Nov,352
Kuwait,2024 Dec,530
Kuwait,2025 Jan,754
Kuwait,2025 Feb,496
Kuwait,2025 Mar,243
Saudi Arabia,2013 Jan,1988
Saudi Arabia,2013 Feb,972
Saudi Arabia,2013 Mar,1610
Saudi Arabia,2013 Apr,1089
Saudi Arabia,2013 May,954
Saudi Arabia,2013 Jun,2839
Saudi Arabia,2013 Jul,935
Saudi Arabia,2013 Aug,3606
Saudi Arabia,2013 Sep,1089
Saudi Arabia,2013 Oct,2588
Saudi Arabia,2013 Nov,1007
Saudi Arabia,2013 Dec,1219
Saudi Arabia,2014 Jan,2617
Saudi Arabia,2014 Feb,1322
Saudi Arabia,2014 Mar,2037
Saudi Arabia,2014 Apr,1379
Saudi Arabia,2014 May,1556
Saudi Arabia,2014 Jun,2205
Saudi Arabia,2014 Jul,1760
Saudi Arabia,2014 Aug,5290
Saudi Arabia,2014 Sep,2311
Saudi Arabia,2014 Oct,2349
Saudi Arabia,2014 Nov,1660
Saudi Arabia,2014 Dec,1292
Saudi Arabia,2015 Jan,2500
Saudi Arabia,2015 Feb,948
Saudi Arabia,2015 Mar,1777
Saudi Arabia,2015 Apr,873
Saudi Arabia,2015 May,711
Saudi Arabia,2015 Jun,735
Saudi Arabia,2015 Jul,2177
Saudi Arabia,2015 Aug,1932
Saudi Arabia,2015 Sep,1845
Saudi Arabia,2015 Oct,893
Saudi Arabia,2015 Nov,797
Saudi Arabia,2015 Dec,903
Saudi Arabia,2016 Jan,1420
Saudi Arabia,2016 Feb,797
Saudi Arabia,2016 Mar,1332
Saudi Arabia,2016 Apr,789
Saudi Arabia,2016 May,1049
Saudi Arabia,2016 Jun,501
Saudi Arabia,2016 Jul,2278
Saudi Arabia,2016 Aug,2074
Saudi Arabia,2016 Sep,1750
Saudi Arabia,2016 Oct,598
Saudi Arabia,2016 Nov,1123
Saudi Arabia,2016 Dec,809
Saudi Arabia,2017 Jan,1065
Saudi Arabia,2017 Feb,835
Saudi Arabia,2017 Mar,1111
Saudi Arabia,2017 Apr,928
Saudi Arabia,2017 May,594
Saudi Arabia,2017 Jun,640
Saudi Arabia,2017 Jul,1427
Saudi Arabia,2017 Aug,1315
Saudi Arabia,2017 Sep,883
Saudi Arabia,2017 Oct,621
Saudi Arabia,2017 Nov,754
Saudi Arabia,2017 Dec,817
Saudi Arabia,2018 Jan,1276
Saudi Arabia,2018 Feb,523
Saudi Arabia,2018 Mar,903
Saudi Arabia,2018 Apr,625
Saudi Arabia,2018 May,452
Saudi Arabia,2018 Jun,1183
Saudi Arabia,2018 Jul,1708
Saudi Arabia,2018 Aug,1677
Saudi Arabia,2018 Sep,807
Saudi Arabia,2018 Oct,703
Saudi Arabia,2018 Nov,768
Saudi Arabia,2018 Dec,1304
Saudi Arabia,2019 Jan,963
Saudi Arabia,2019 Feb,765
Saudi Arabia,2019 Mar,952
Saudi Arabia,2019 Apr,1019
Saudi Arabia,2019 May,378
Saudi Arabia,2019 Jun,2204
Saudi Arabia,2019 Jul,2489
Saudi Arabia,2019 Aug,2490
Saudi Arabia,2019 Sep,959
Saudi Arabia,2019 Oct,909
Saudi Arabia,2019 Nov,999
Saudi Arabia,2019 Dec,1344
Saudi Arabia,2020 Jan,3007
Saudi Arabia,2020 Feb,407
Saudi Arabia,2020 Mar,44
Saudi Arabia,2020 Apr,1
Saudi Arabia,2020 May,1
Saudi Arabia,2020 Jun,0
Saudi Arabia,2020 Jul,2
Saudi Arabia,2020 Aug,5
Saudi Arabia,2020 Sep,3
Saudi Arabia,2020 Oct,11
Saudi Arabia,2020 Nov,11
Saudi Arabia,2020 Dec,2
Saudi Arabia,2021 Jan,11
Saudi Arabia,2021 Feb,7
Saudi Arabia,2021 Mar,1
Saudi Arabia,2021 Apr,7
Saudi Arabia,2021 May,2
Saudi Arabia,2021 Jun,1
Saudi Arabia,2021 Jul,6
Saudi Arabia,2021 Aug,32
Saudi Arabia,2021 Sep,17
Saudi Arabia,2021 Oct,27
Saudi Arabia,2021 Nov,39
Saudi Arabia,2021 Dec,46
Saudi Arabia,2022 Jan,37
Saudi Arabia,2022 Feb,29
Saudi Arabia,2022 Mar,79
Saudi Arabia,2022 Apr,201
Saudi Arabia,2022 May,333
Saudi Arabia,2022 Jun,558
Saudi Arabia,2022 Jul,1417
Saudi Arabia,2022 Aug,1190
Saudi Arabia,2022 Sep,813
Saudi Arabia,2022 Oct,738
Saudi Arabia,2022 Nov,1085
Saudi Arabia,2022 Dec,689
Saudi Arabia,2023 Jan,532
Saudi Arabia,2023 Feb,688
Saudi Arabia,2023 Mar,880
Saudi Arabia,2023 Apr,750
Saudi Arabia,2023 May,836
Saudi Arabia,2023 Jun,2965
Saudi Arabia,2023 Jul,5249
Saudi Arabia,2023 Aug,3123
Saudi Arabia,2023 Sep,1844
Saudi Arabia,2023 Oct,1764
Saudi Arabia,2023 Nov,2652
Saudi Arabia,2023 Dec,1568
Saudi Arabia,2024 Jan,2079
Saudi Arabia,2024 Feb,2003
Saudi Arabia,2024 Mar,812
Saudi Arabia,2024 Apr,1954
Saudi Arabia,2024 May,1384
Saudi Arabia,2024 Jun,3589
Saudi Arabia,2024 Jul,4544
Saudi Arabia,2024 Aug,3065
Saudi Arabia,2024 Sep,1929
Saudi Arabia,2024 Oct,1597
Saudi Arabia,2024 Nov,3429
Saudi Arabia,2024 Dec,1914
Saudi Arabia,2025 Jan,2381
Saudi Arabia,2025 Feb,1856
Saudi Arabia,2025 Mar,1401
United Arab Emirates,2013 Jan,4424
United Arab Emirates,2013 Feb,3873
United Arab Emirates,2013 Mar,6560
United Arab Emirates,2013 Apr,6582
United Arab Emirates,2013 May,4477
United Arab Emirates,2013 Jun,5375
United Arab Emirates,2013 Jul,6403
United Arab Emirates,2013 Aug,10701
United Arab Emirates,2013 Sep,5089
United Arab Emirates,2013 Oct,7356
United Arab Emirates,2013 Nov,4674
United Arab Emirates,2013 Dec,7039
United Arab Emirates,2014 Jan,3843
United Arab Emirates,2014 Feb,4072
United Arab Emirates,2014 Mar,6286
United Arab Emirates,2014 Apr,6512
United Arab Emirates,2014 May,4609
United Arab Emirates,2014 Jun,5676
United Arab Emirates,2014 Jul,8544
United Arab Emirates,2014 Aug,11862
United Arab Emirates,2014 Sep,5012
United Arab Emirates,2014 Oct,6704
United Arab Emirates,2014 Nov,4754
United Arab Emirates,2014 Dec,7868
United Arab Emirates,2015 Jan,4612
United Arab Emirates,2015 Feb,3871
United Arab Emirates,2015 Mar,7588
United Arab Emirates,2015 Apr,6628
United Arab Emirates,2015 May,5278
United Arab Emirates,2015 Jun,5101
United Arab Emirates,2015 Jul,10044
United Arab Emirates,2015 Aug,10164
United Arab Emirates,2015 Sep,6781
United Arab Emirates,2015 Oct,4984
United Arab Emirates,2015 Nov,5450
United Arab Emirates,2015 Dec,8192
United Arab Emirates,2016 Jan,5048
United Arab Emirates,2016 Feb,4470
United Arab Emirates,2016 Mar,8349
United Arab Emirates,2016 Apr,6712
United Arab Emirates,2016 May,5670
United Arab Emirates,2016 Jun,4478
United Arab Emirates,2016 Jul,11168
United Arab Emirates,2016 Aug,9881
United Arab Emirates,2016 Sep,7531
United Arab Emirates,2016 Oct,4527
United Arab Emirates,2016 Nov,4803
United Arab Emirates,2016 Dec,7575
United Arab Emirates,2017 Jan,4578
United Arab Emirates,2017 Feb,4834
United Arab Emirates,2017 Mar,8333
United Arab Emirates,2017 Apr,6122
United Arab Emirates,2017 May,5125
United Arab Emirates,2017 Jun,6688
United Arab Emirates,2017 Jul,9640
United Arab Emirates,2017 Aug,10315
United Arab Emirates,2017 Sep,5695
United Arab Emirates,2017 Oct,4922
United Arab Emirates,2017 Nov,5592
United Arab Emirates,2017 Dec,7163
United Arab Emirates,2018 Jan,4689
United Arab Emirates,2018 Feb,4311
United Arab Emirates,2018 Mar,8694
United Arab Emirates,2018 Apr,6215
United Arab Emirates,2018 May,4811
United Arab Emirates,2018 Jun,4969
United Arab Emirates,2018 Jul,9444
United Arab Emirates,2018 Aug,10476
United Arab Emirates,2018 Sep,5174
United Arab Emirates,2018 Oct,5129
United Arab Emirates,2018 Nov,5652
United Arab Emirates,2018 Dec,6704
United Arab Emirates,2019 Jan,4805
United Arab Emirates,2019 Feb,4409
United Arab Emirates,2019 Mar,7546
United Arab Emirates,2019 Apr,7716
United Arab Emirates,2019 May,5297
United Arab Emirates,2019 Jun,6917
United Arab Emirates,2019 Jul,9561
United Arab Emirates,2019 Aug,11049
United Arab Emirates,2019 Sep,5312
United Arab Emirates,2019 Oct,5338
United Arab Emirates,2019 Nov,6406
United Arab Emirates,2019 Dec,7174
United Arab Emirates,2020 Jan,4178
United Arab Emirates,2020 Feb,2268
United Arab Emirates,2020 Mar,587
United Arab Emirates,2020 Apr,2
United Arab Emirates,2020 May,1
United Arab Emirates,2020 Jun,19
United Arab Emirates,2020 Jul,75
United Arab Emirates,2020 Aug,44
United Arab Emirates,2020 Sep,69
United Arab Emirates,2020 Oct,73
United Arab Emirates,2020 Nov,48
United Arab Emirates,2020 Dec,93
United Arab Emirates,2021 Jan,70
United Arab Emirates,2021 Feb,58
United Arab Emirates,2021 Mar,67
United Arab Emirates,2021 Apr,59
United Arab Emirates,2021 May,42
United Arab Emirates,2021 Jun,22
United Arab Emirates,2021 Jul,42
United Arab Emirates,2021 Aug,78
United Arab Emirates,2021 Sep,82
United Arab Emirates,2021 Oct,127
United Arab Emirates,2021 Nov,152
United Arab Emirates,2021 Dec,141
United Arab Emirates,2022 Jan,110
United Arab Emirates,2022 Feb,203
United Arab Emirates,2022 Mar,1084
United Arab Emirates,2022 Apr,2539
United Arab Emirates,2022 May,3047
United Arab Emirates,2022 Jun,3012
United Arab Emirates,2022 Jul,6322
United Arab Emirates,2022 Aug,5974
United Arab Emirates,2022 Sep,4980
United Arab Emirates,2022 Oct,4671
United Arab Emirates,2022 Nov,4888
United Arab Emirates,2022 Dec,6135
United Arab Emirates,2023 Jan,4074
United Arab Emirates,2023 Feb,4971
United Arab Emirates,2023 Mar,6795
United Arab Emirates,2023 Apr,6714
United Arab Emirates,2023 May,5240
United Arab Emirates,2023 Jun,7525
United Arab Emirates,2023 Jul,9793
United Arab Emirates,2023 Aug,8749
United Arab Emirates,2023 Sep,6769
United Arab Emirates,2023 Oct,5534
United Arab Emirates,2023 Nov,5120
United Arab Emirates,2023 Dec,7156
United Arab Emirates,2024 Jan,4759
United Arab Emirates,2024 Feb,4982
United Arab Emirates,2024 Mar,7311
United Arab Emirates,2024 Apr,10518
United Arab Emirates,2024 May,5435
United Arab Emirates,2024 Jun,6516
United Arab Emirates,2024 Jul,11518
United Arab Emirates,2024 Aug,10764
United Arab Emirates,2024 Sep,7831
United Arab Emirates,2024 Oct,7301
United Arab Emirates,2024 Nov,6699
United Arab Emirates,2024 Dec,7869
United Arab Emirates,2025 Jan,5750
United Arab Emirates,2025 Feb,6236
United Arab Emirates,2025 Mar,9571
Other Markets In West Asia,2013 Jan,1635
Other Markets In West Asia,2013 Feb,1660
Other Markets In West Asia,2013 Mar,2120
Other Markets In West Asia,2013 Apr,1949
Other Markets In West Asia,2013 May,1600
Other Markets In West Asia,2013 Jun,2507
Other Markets In West Asia,2013 Jul,2362
Other Markets In West Asia,2013 Aug,5258
Other Markets In West Asia,2013 Sep,2072
Other Markets In West Asia,2013 Oct,2658
Other Markets In West Asia,2013 Nov,1731
Other Markets In West Asia,2013 Dec,2647
Other Markets In West Asia,2014 Jan,2015
Other Markets In West Asia,2014 Feb,2260
Other Markets In West Asia,2014 Mar,1951
Other Markets In West Asia,2014 Apr,2155
Other Markets In West Asia,2014 May,1779
Other Markets In West Asia,2014 Jun,2400
Other Markets In West Asia,2014 Jul,3017
Other Markets In West Asia,2014 Aug,5573
Other Markets In West Asia,2014 Sep,1718
Other Markets In West Asia,2014 Oct,2752
Other Markets In West Asia,2014 Nov,1666
Other Markets In West Asia,2014 Dec,2672
Other Markets In West Asia,2015 Jan,2479
Other Markets In West Asia,2015 Feb,1756
Other Markets In West Asia,2015 Mar,2054
Other Markets In West Asia,2015 Apr,2473
Other Markets In West Asia,2015 May,1930
Other Markets In West Asia,2015 Jun,1855
Other Markets In West Asia,2015 Jul,4554
Other Markets In West Asia,2015 Aug,5345
Other Markets In West Asia,2015 Sep,2834
Other Markets In West Asia,2015 Oct,2056
Other Markets In West Asia,2015 Nov,2053
Other Markets In West Asia,2015 Dec,2931
Other Markets In West Asia,2016 Jan,3060
Other Markets In West Asia,2016 Feb,2250
Other Markets In West Asia,2016 Mar,2610
Other Markets In West Asia,2016 Apr,2270
Other Markets In West Asia,2016 May,1871
Other Markets In West Asia,2016 Jun,1412
Other Markets In West Asia,2016 Jul,5880
Other Markets In West Asia,2016 Aug,4956
Other Markets In West Asia,2016 Sep,3006
Other Markets In West Asia,2016 Oct,1570
Other Markets In West Asia,2016 Nov,1629
Other Markets In West Asia,2016 Dec,2900
Other Markets In West Asia,2017 Jan,2733
Other Markets In West Asia,2017 Feb,2069
Other Markets In West Asia,2017 Mar,2262
Other Markets In West Asia,2017 Apr,2602
Other Markets In West Asia,2017 May,1414
Other Markets In West Asia,2017 Jun,2071
Other Markets In West Asia,2017 Jul,4562
Other Markets In West Asia,2017 Aug,4064
Other Markets In West Asia,2017 Sep,2237
Other Markets In West Asia,2017 Oct,1676
Other Markets In West Asia,2017 Nov,1788
Other Markets In West Asia,2017 Dec,3058
Other Markets In West Asia,2018 Jan,2904
Other Markets In West Asia,2018 Feb,1723
Other Markets In West Asia,2018 Mar,2726
Other Markets In West Asia,2018 Apr,1967
Other Markets In West Asia,2018 May,1405
Other Markets In West Asia,2018 Jun,2434
Other Markets In West Asia,2018 Jul,4099
Other Markets In West Asia,2018 Aug,4102
Other Markets In West Asia,2018 Sep,1802
Other Markets In West Asia,2018 Oct,1929
Other Markets In West Asia,2018 Nov,1555
Other Markets In West Asia,2018 Dec,2698
Other Markets In West Asia,2019 Jan,1791
Other Markets In West Asia,2019 Feb,1757
Other Markets In West Asia,2019 Mar,2196
Other Markets In West Asia,2019 Apr,2459
Other Markets In West Asia,2019 May,1189
Other Markets In West Asia,2019 Jun,2934
Other Markets In West Asia,2019 Jul,4619
Other Markets In West Asia,2019 Aug,4463
Other Markets In West Asia,2019 Sep,1882
Other Markets In West Asia,2019 Oct,1952
Other Markets In West Asia,2019 Nov,1876
Other Markets In West Asia,2019 Dec,2897
Other Markets In West Asia,2020 Jan,1782
Other Markets In West Asia,2020 Feb,757
Other Markets In West Asia,2020 Mar,153
Other Markets In West Asia,2020 Apr,5
Other Markets In West Asia,2020 May,0
Other Markets In West Asia,2020 Jun,2
Other Markets In West Asia,2020 Jul,19
Other Markets In West Asia,2020 Aug,10
Other Markets In West Asia,2020 Sep,23
Other Markets In West Asia,2020 Oct,15
Other Markets In West Asia,2020 Nov,8
Other Markets In West Asia,2020 Dec,24
Other Markets In West Asia,2021 Jan,28
Other Markets In West Asia,2021 Feb,9
Other Markets In West Asia,2021 Mar,36
Other Markets In West Asia,2021 Apr,18
Other Markets In West Asia,2021 May,16
Other Markets In West Asia,2021 Jun,4
Other Markets In West Asia,2021 Jul,30
Other Markets In West Asia,2021 Aug,28
Other Markets In West Asia,2021 Sep,15
Other Markets In West Asia,2021 Oct,38
Other Markets In West Asia,2021 Nov,30
Other Markets In West Asia,2021 Dec,63
Other Markets In West Asia,2022 Jan,42
Other Markets In West Asia,2022 Feb,82
Other Markets In West Asia,2022 Mar,221
Other Markets In West Asia,2022 Apr,481
Other Markets In West Asia,2022 May,731
Other Markets In West Asia,2022 Jun,1066
Other Markets In West Asia,2022 Jul,2535
Other Markets In West Asia,2022 Aug,1703
Other Markets In West Asia,2022 Sep,1375
Other Markets In West Asia,2022 Oct,1333
Other Markets In West Asia,2022 Nov,1302
Other Markets In West Asia,2022 Dec,1665
Other Markets In West Asia,2023 Jan,1404
Other Markets In West Asia,2023 Feb,1456
Other Markets In West Asia,2023 Mar,1990
Other Markets In West Asia,2023 Apr,2136
Other Markets In West Asia,2023 May,1653
Other Markets In West Asia,2023 Jun,3015
Other Markets In West Asia,2023 Jul,4326
Other Markets In West Asia,2023 Aug,3686
Other Markets In West Asia,2023 Sep,1980
Other Markets In West Asia,2023 Oct,2058
Other Markets In West Asia,2023 Nov,1505
Other Markets In West Asia,2023 Dec,2374
Other Markets In West Asia,2024 Jan,2100
Other Markets In West Asia,2024 Feb,2151
Other Markets In West Asia,2024 Mar,1801
Other Markets In West Asia,2024 Apr,2834
Other Markets In West Asia,2024 May,2090
Other Markets In West Asia,2024 Jun,3320
Other Markets In West Asia,2024 Jul,4579
Other Markets In West Asia,2024 Aug,3738
Other Markets In West Asia,2024 Sep,2380
Other Markets In West Asia,2024 Oct,2949
Other Markets In West Asia,2024 Nov,2335
Other Markets In West Asia,2024 Dec,2866
Other Markets In West Asia,2025 Jan,2275
Other Markets In West Asia,2025 Feb,2513
Other Markets In West Asia,2025 Mar,2476
Americas,2013 Jan,61382
Americas,2013 Feb,54112
Americas,2013 Mar,62006
Americas,2013 Apr,52338
Americas,2013 May,47760
Americas,2013 Jun,56119
Americas,2013 Jul,56981
Americas,2013 Aug,49860
Americas,2013 Sep,43109
Americas,2013 Oct,50079
Americas,2013 Nov,51911
Americas,2013 Dec,55788
Americas,2014 Jan,60370
Americas,2014 Feb,58987
Americas,2014 Mar,66875
Americas,2014 Apr,48811
Americas,2014 May,46359
Americas,2014 Jun,50633
Americas,2014 Jul,54556
Americas,2014 Aug,47977
Americas,2014 Sep,42437
Americas,2014 Oct,47969
Americas,2014 Nov,52340
Americas,2014 Dec,57955
Americas,2015 Jan,64780
Americas,2015 Feb,57924
Americas,2015 Mar,64764
Americas,2015 Apr,49143
Americas,2015 May,48014
Americas,2015 Jun,55325
Americas,2015 Jul,56521
Americas,2015 Aug,49942
Americas,2015 Sep,42354
Americas,2015 Oct,52973
Americas,2015 Nov,55155
Americas,2015 Dec,60391
Americas,2016 Jan,66988
Americas,2016 Feb,58800
Americas,2016 Mar,63521
Americas,2016 Apr,52570
Americas,2016 May,50578
Americas,2016 Jun,56233
Americas,2016 Jul,59258
Americas,2016 Aug,48661
Americas,2016 Sep,42901
Americas,2016 Oct,53083
Americas,2016 Nov,60401
Americas,2016 Dec,67650
Americas,2017 Jan,72376
Americas,2017 Feb,68575
Americas,2017 Mar,72468
Americas,2017 Apr,55814
Americas,2017 May,54290
Americas,2017 Jun,64461
Americas,2017 Jul,66833
Americas,2017 Aug,53414
Americas,2017 Sep,48313
Americas,2017 Oct,54388
Americas,2017 Nov,74042
Americas,2017 Dec,73679
Americas,2018 Jan,81781
Americas,2018 Feb,76079
Americas,2018 Mar,85412
Americas,2018 Apr,69578
Americas,2018 May,62094
Americas,2018 Jun,70116
Americas,2018 Jul,76827
Americas,2018 Aug,60752
Americas,2018 Sep,56056
Americas,2018 Oct,62266
Americas,2018 Nov,75548
Americas,2018 Dec,85208
Americas,2019 Jan,92393
Americas,2019 Feb,77043
Americas,2019 Mar,91115
Americas,2019 Apr,75440
Americas,2019 May,69238
Americas,2019 Jun,81305
Americas,2019 Jul,88663
Americas,2019 Aug,71328
Americas,2019 Sep,64342
Americas,2019 Oct,68654
Americas,2019 Nov,82972
Americas,2019 Dec,100218
Americas,2020 Jan,98790
Americas,2020 Feb,53615
Americas,2020 Mar,15567
Americas,2020 Apr,13
Americas,2020 May,38
Americas,2020 Jun,153
Americas,2020 Jul,443
Americas,2020 Aug,506
Americas,2020 Sep,443
Americas,2020 Oct,506
Americas,2020 Nov,522
Americas,2020 Dec,656
Americas,2021 Jan,669
Americas,2021 Feb,523
Americas,2021 Mar,582
Americas,2021 Apr,684
Americas,2021 May,342
Americas,2021 Jun,245
Americas,2021 Jul,777
Americas,2021 Aug,1001
Americas,2021 Sep,867
Americas,2021 Oct,1092
Americas,2021 Nov,2231
Americas,2021 Dec,4590
Americas,2022 Jan,2928
Americas,2022 Feb,4442
Americas,2022 Mar,6521
Americas,2022 Apr,14729
Americas,2022 May,25106
Americas,2022 Jun,36723
Americas,2022 Jul,47365
Americas,2022 Aug,44100
Americas,2022 Sep,46342
Americas,2022 Oct,49922
Americas,2022 Nov,61086
Americas,2022 Dec,67342
Americas,2023 Jan,67902
Americas,2023 Feb,72702
Americas,2023 Mar,73624
Americas,2023 Apr,61029
Americas,2023 May,70426
Americas,2023 Jun,70361
Americas,2023 Jul,81637
Americas,2023 Aug,62996
Americas,2023 Sep,62765
Americas,2023 Oct,60726
Americas,2023 Nov,80020
Americas,2023 Dec,83791
Americas,2024 Jan,84243
Americas,2024 Feb,81002
Americas,2024 Mar,85431
Americas,2024 Apr,69011
Americas,2024 May,73351
Americas,2024 Jun,75896
Americas,2024 Jul,82686
Americas,2024 Aug,67753
Americas,2024 Sep,64689
Americas,2024 Oct,69879
Americas,2024 Nov,86005
Americas,2024 Dec,84452
Americas,2025 Jan,97421
Americas,2025 Feb,89899
Americas,2025 Mar,94759
Canada,2013 Jan,9798
Canada,2013 Feb,8995
Canada,2013 Mar,9635
Canada,2013 Apr,7769
Canada,2013 May,6699
Canada,2013 Jun,5748
Canada,2013 Jul,7401
Canada,2013 Aug,7008
Canada,2013 Sep,4937
Canada,2013 Oct,7158
Canada,2013 Nov,8000
Canada,2013 Dec,9537
Canada,2014 Jan,10317
Canada,2014 Feb,10118
Canada,2014 Mar,10905
Canada,2014 Apr,6861
Canada,2014 May,6803
Canada,2014 Jun,5516
Canada,2014 Jul,7052
Canada,2014 Aug,6641
Canada,2014 Sep,5022
Canada,2014 Oct,6696
Canada,2014 Nov,7662
Canada,2014 Dec,9234
Canada,2015 Jan,10875
Canada,2015 Feb,9915
Canada,2015 Mar,10515
Canada,2015 Apr,7086
Canada,2015 May,6637
Canada,2015 Jun,5914
Canada,2015 Jul,6984
Canada,2015 Aug,6734
Canada,2015 Sep,5196
Canada,2015 Oct,7858
Canada,2015 Nov,8581
Canada,2015 Dec,9952
Canada,2016 Jan,11209
Canada,2016 Feb,10558
Canada,2016 Mar,10517
Canada,2016 Apr,7598
Canada,2016 May,7211
Canada,2016 Jun,5360
Canada,2016 Jul,7547
Canada,2016 Aug,6896
Canada,2016 Sep,5257
Canada,2016 Oct,7170
Canada,2016 Nov,9104
Canada,2016 Dec,10047
Canada,2017 Jan,11225
Canada,2017 Feb,11213
Canada,2017 Mar,11493
Canada,2017 Apr,7684
Canada,2017 May,7617
Canada,2017 Jun,6217
Canada,2017 Jul,7924
Canada,2017 Aug,7808
Canada,2017 Sep,5999
Canada,2017 Oct,7388
Canada,2017 Nov,10203
Canada,2017 Dec,10443
Canada,2018 Jan,13482
Canada,2018 Feb,13438
Canada,2018 Mar,14317
Canada,2018 Apr,10655
Canada,2018 May,9354
Canada,2018 Jun,6964
Canada,2018 Jul,9182
Canada,2018 Aug,9887
Canada,2018 Sep,7669
Canada,2018 Oct,8923
Canada,2018 Nov,12031
Canada,2018 Dec,13614
Canada,2019 Jan,14958
Canada,2019 Feb,13833
Canada,2019 Mar,15968
Canada,2019 Apr,11429
Canada,2019 May,11015
Canada,2019 Jun,7436
Canada,2019 Jul,10260
Canada,2019 Aug,11130
Canada,2019 Sep,7996
Canada,2019 Oct,8869
Canada,2019 Nov,11355
Canada,2019 Dec,14314
Canada,2020 Jan,15044
Canada,2020 Feb,9146
Canada,2020 Mar,2414
Canada,2020 Apr,0
Canada,2020 May,0
Canada,2020 Jun,10
Canada,2020 Jul,49
Canada,2020 Aug,39
Canada,2020 Sep,45
Canada,2020 Oct,47
Canada,2020 Nov,62
Canada,2020 Dec,71
Canada,2021 Jan,87
Canada,2021 Feb,76
Canada,2021 Mar,77
Canada,2021 Apr,50
Canada,2021 May,27
Canada,2021 Jun,14
Canada,2021 Jul,53
Canada,2021 Aug,72
Canada,2021 Sep,139
Canada,2021 Oct,121
Canada,2021 Nov,229
Canada,2021 Dec,743
Canada,2022 Jan,469
Canada,2022 Feb,545
Canada,2022 Mar,871
Canada,2022 Apr,2004
Canada,2022 May,3604
Canada,2022 Jun,3651
Canada,2022 Jul,5268
Canada,2022 Aug,6116
Canada,2022 Sep,6594
Canada,2022 Oct,7217
Canada,2022 Nov,9638
Canada,2022 Dec,9047
Canada,2023 Jan,11207
Canada,2023 Feb,13407
Canada,2023 Mar,12626
Canada,2023 Apr,9428
Canada,2023 May,12592
Canada,2023 Jun,6664
Canada,2023 Jul,9770
Canada,2023 Aug,9877
Canada,2023 Sep,8407
Canada,2023 Oct,9006
Canada,2023 Nov,13173
Canada,2023 Dec,10998
Canada,2024 Jan,12878
Canada,2024 Feb,12948
Canada,2024 Mar,12439
Canada,2024 Apr,11325
Canada,2024 May,11155
Canada,2024 Jun,7987
Canada,2024 Jul,10894
Canada,2024 Aug,10796
Canada,2024 Sep,9230
Canada,2024 Oct,11402
Canada,2024 Nov,14791
Canada,2024 Dec,12839
Canada,2025 Jan,16854
Canada,2025 Feb,16294
Canada,2025 Mar,17576
USA,2013 Jan,45736
USA,2013 Feb,40696
