Data Series,Reporting Period,Value
Total International Visitor Arrivals By Place Of Residence,2014 Jan,1345842
Total International Visitor Arrivals By Place Of Residence,2014 Feb,1238239
Total International Visitor Arrivals By Place Of Residence,2014 Mar,1297551
Total International Visitor Arrivals By Place Of Residence,2014 Apr,1245307
Total International Visitor Arrivals By Place Of Residence,2014 May,1208532
Total International Visitor Arrivals By Place Of Residence,2014 Jun,1181422
Total International Visitor Arrivals By Place Of Residence,2014 Jul,1408400
Total International Visitor Arrivals By Place Of Residence,2014 Aug,1362935
Total International Visitor Arrivals By Place Of Residence,2014 Sep,1098626
Total International Visitor Arrivals By Place Of Residence,2014 Oct,1203527
Total International Visitor Arrivals By Place Of Residence,2014 Nov,1144230
Total International Visitor Arrivals By Place Of Residence,2014 Dec,1360541
Total International Visitor Arrivals By Place Of Residence,2015 Jan,1252608
Total International Visitor Arrivals By Place Of Residence,2015 Feb,1188818
Total International Visitor Arrivals By Place Of Residence,2015 Mar,1201648
Total International Visitor Arrivals By Place Of Residence,2015 Apr,1208624
Total International Visitor Arrivals By Place Of Residence,2015 May,1222836
Total International Visitor Arrivals By Place Of Residence,2015 Jun,1184747
Total International Visitor Arrivals By Place Of Residence,2015 Jul,1519233
Total International Visitor Arrivals By Place Of Residence,2015 Aug,1445062
Total International Visitor Arrivals By Place Of Residence,2015 Sep,1131976
Total International Visitor Arrivals By Place Of Residence,2015 Oct,1246947
Total International Visitor Arrivals By Place Of Residence,2015 Nov,1203992
Total International Visitor Arrivals By Place Of Residence,2015 Dec,1424978
Southeast Asia,2014 Jan,497205
Southeast Asia,2014 Feb,440212
Southeast Asia,2014 Mar,508913
Southeast Asia,2014 Apr,511901
Southeast Asia,2014 May,549855
Southeast Asia,2014 Jun,552708
Southeast Asia,2014 Jul,568294
Southeast Asia,2014 Aug,480265
Southeast Asia,2014 Sep,436327
Southeast Asia,2014 Oct,485039
Southeast Asia,2014 Nov,463159
Southeast Asia,2014 Dec,619198
Southeast Asia,2015 Jan,448133
Southeast Asia,2015 Feb,380389
Southeast Asia,2015 Mar,461999
Southeast Asia,2015 Apr,478213
Southeast Asia,2015 May,512074
Southeast Asia,2015 Jun,496392
Southeast Asia,2015 Jul,579570
Southeast Asia,2015 Aug,444137
Southeast Asia,2015 Sep,414155
Southeast Asia,2015 Oct,465052
Southeast Asia,2015 Nov,455128
Southeast Asia,2015 Dec,612913
Brunei Darussalam,2014 Jan,6418
Brunei Darussalam,2014 Feb,5076
Brunei Darussalam,2014 Mar,7545
Brunei Darussalam,2014 Apr,4741
Brunei Darussalam,2014 May,6254
Brunei Darussalam,2014 Jun,7393
Brunei Darussalam,2014 Jul,6305
Brunei Darussalam,2014 Aug,5079
Brunei Darussalam,2014 Sep,5601
Brunei Darussalam,2014 Oct,5440
Brunei Darussalam,2014 Nov,5806
Brunei Darussalam,2014 Dec,11998
Brunei Darussalam,2015 Jan,5521
Brunei Darussalam,2015 Feb,4759
Brunei Darussalam,2015 Mar,6989
Brunei Darussalam,2015 Apr,4977
Brunei Darussalam,2015 May,5378
Brunei Darussalam,2015 Jun,4992
Brunei Darussalam,2015 Jul,7237
Brunei Darussalam,2015 Aug,4585
Brunei Darussalam,2015 Sep,5761
Brunei Darussalam,2015 Oct,4825
Brunei Darussalam,2015 Nov,6191
Brunei Darussalam,2015 Dec,12379
Indonesia,2014 Jan,284126
Indonesia,2014 Feb,219036
Indonesia,2014 Mar,246308
Indonesia,2014 Apr,230236
Indonesia,2014 May,267714
Indonesia,2014 Jun,278181
Indonesia,2014 Jul,296880
Indonesia,2014 Aug,234710
Indonesia,2014 Sep,206593
Indonesia,2014 Oct,226630
Indonesia,2014 Nov,219369
Indonesia,2014 Dec,315395
Indonesia,2015 Jan,236295
Indonesia,2015 Feb,184183
Indonesia,2015 Mar,211347
Indonesia,2015 Apr,207138
Indonesia,2015 May,238688
Indonesia,2015 Jun,238403
Indonesia,2015 Jul,305600
Indonesia,2015 Aug,205671
Indonesia,2015 Sep,187629
Indonesia,2015 Oct,204574
Indonesia,2015 Nov,200687
Indonesia,2015 Dec,311475
Malaysia,2014 Jan,89482
Malaysia,2014 Feb,91181
Malaysia,2014 Mar,107002
Malaysia,2014 Apr,94982
Malaysia,2014 May,100648
Malaysia,2014 Jun,108945
Malaysia,2014 Jul,101461
Malaysia,2014 Aug,93222
Malaysia,2014 Sep,99339
Malaysia,2014 Oct,97184
Malaysia,2014 Nov,106313
Malaysia,2014 Dec,143276
Malaysia,2015 Jan,86193
Malaysia,2015 Feb,82408
Malaysia,2015 Mar,101929
Malaysia,2015 Apr,90515
Malaysia,2015 May,100340
Malaysia,2015 Jun,100074
Malaysia,2015 Jul,102347
Malaysia,2015 Aug,88834
Malaysia,2015 Sep,93334
Malaysia,2015 Oct,88338
Malaysia,2015 Nov,106214
Malaysia,2015 Dec,130551
Myanmar,2014 Jan,7807
Myanmar,2014 Feb,7513
Myanmar,2014 Mar,9789
Myanmar,2014 Apr,15255
Myanmar,2014 May,9538
Myanmar,2014 Jun,9530
Myanmar,2014 Jul,9345
Myanmar,2014 Aug,8903
Myanmar,2014 Sep,8294
Myanmar,2014 Oct,8958
Myanmar,2014 Nov,7973
Myanmar,2014 Dec,9859
Myanmar,2015 Jan,7825
Myanmar,2015 Feb,6204
Myanmar,2015 Mar,9681
Myanmar,2015 Apr,12969
Myanmar,2015 May,9162
Myanmar,2015 Jun,9326
Myanmar,2015 Jul,8757
Myanmar,2015 Aug,8000
Myanmar,2015 Sep,7461
Myanmar,2015 Oct,8762
Myanmar,2015 Nov,7625
Myanmar,2015 Dec,9680
Philippines,2014 Jan,43702
Philippines,2014 Feb,44539
Philippines,2014 Mar,57050
Philippines,2014 Apr,73558
Philippines,2014 May,76976
Philippines,2014 Jun,56224
Philippines,2014 Jul,49506
Philippines,2014 Aug,51074
Philippines,2014 Sep,47246
Philippines,2014 Oct,58572
Philippines,2014 Nov,53508
Philippines,2014 Dec,64526
Philippines,2015 Jan,42839
Philippines,2015 Feb,41155
Philippines,2015 Mar,53649
Philippines,2015 Apr,72259
Philippines,2015 May,72159
Philippines,2015 Jun,53329
Philippines,2015 Jul,49724
Philippines,2015 Aug,52997
Philippines,2015 Sep,48209
Philippines,2015 Oct,58357
Philippines,2015 Nov,60583
Philippines,2015 Dec,68114
Thailand,2014 Jan,35263
Thailand,2014 Feb,35161
Thailand,2014 Mar,46338
Thailand,2014 Apr,56136
Thailand,2014 May,46683
Thailand,2014 Jun,39083
Thailand,2014 Jul,43785
Thailand,2014 Aug,40849
Thailand,2014 Sep,35122
Thailand,2014 Oct,53916
Thailand,2014 Nov,35138
Thailand,2014 Dec,39035
Thailand,2015 Jan,36798
Thailand,2015 Feb,29889
Thailand,2015 Mar,43504
Thailand,2015 Apr,47838
Thailand,2015 May,45674
Thailand,2015 Jun,40121
Thailand,2015 Jul,45729
Thailand,2015 Aug,39579
Thailand,2015 Sep,39567
Thailand,2015 Oct,63693
Thailand,2015 Nov,38576
Thailand,2015 Dec,45441
Vietnam,2014 Jan,26071
Vietnam,2014 Feb,33053
Vietnam,2014 Mar,31060
Vietnam,2014 Apr,30234
Vietnam,2014 May,36630
Vietnam,2014 Jun,48999
Vietnam,2014 Jul,55951
Vietnam,2014 Aug,41775
Vietnam,2014 Sep,28960
Vietnam,2014 Oct,30552
Vietnam,2014 Nov,29938
Vietnam,2014 Dec,31185
Vietnam,2015 Jan,28632
Vietnam,2015 Feb,28150
Vietnam,2015 Mar,30907
Vietnam,2015 Apr,36472
Vietnam,2015 May,35974
Vietnam,2015 Jun,45490
Vietnam,2015 Jul,54711
Vietnam,2015 Aug,39519
Vietnam,2015 Sep,28282
Vietnam,2015 Oct,30686
Vietnam,2015 Nov,29284
Vietnam,2015 Dec,30159
Other Markets In Southeast Asia,2014 Jan,4336
Other Markets In Southeast Asia,2014 Feb,4653
Other Markets In Southeast Asia,2014 Mar,3821
Other Markets In Southeast Asia,2014 Apr,6759
Other Markets In Southeast Asia,2014 May,5412
Other Markets In Southeast Asia,2014 Jun,4353
Other Markets In Southeast Asia,2014 Jul,5061
Other Markets In Southeast Asia,2014 Aug,4653
Other Markets In Southeast Asia,2014 Sep,5172
Other Markets In Southeast Asia,2014 Oct,3787
Other Markets In Southeast Asia,2014 Nov,5114
Other Markets In Southeast Asia,2014 Dec,3924
Other Markets In Southeast Asia,2015 Jan,4030
Other Markets In Southeast Asia,2015 Feb,3641
Other Markets In Southeast Asia,2015 Mar,3993
Other Markets In Southeast Asia,2015 Apr,6045
Other Markets In Southeast Asia,2015 May,4699
Other Markets In Southeast Asia,2015 Jun,4657
Other Markets In Southeast Asia,2015 Jul,5465
Other Markets In Southeast Asia,2015 Aug,4952
Other Markets In Southeast Asia,2015 Sep,3912
Other Markets In Southeast Asia,2015 Oct,5817
Other Markets In Southeast Asia,2015 Nov,5968
Other Markets In Southeast Asia,2015 Dec,5114
Greater China,2014 Jan,264443
Greater China,2014 Feb,287243
Greater China,2014 Mar,232681
Greater China,2014 Apr,224305
Greater China,2014 May,172254
Greater China,2014 Jun,167167
Greater China,2014 Jul,309197
Greater China,2014 Aug,305291
Greater China,2014 Sep,173014
Greater China,2014 Oct,200246
Greater China,2014 Nov,194072
Greater China,2014 Dec,192653
Greater China,2015 Jan,207586
Greater China,2015 Feb,327971
Greater China,2015 Mar,198908
Greater China,2015 Apr,243881
Greater China,2015 May,214376
Greater China,2015 Jun,222897
Greater China,2015 Jul,383975
Greater China,2015 Aug,408047
Greater China,2015 Sep,219786
Greater China,2015 Oct,236418
Greater China,2015 Nov,221707
Greater China,2015 Dec,240080
China,2014 Jan,188237
China,2014 Feb,203600
China,2014 Mar,165642
China,2014 Apr,126507
China,2014 May,95987
China,2014 Jun,91485
China,2014 Jul,180653
China,2014 Aug,174150
China,2014 Sep,105780
China,2014 Oct,133993
China,2014 Nov,131731
China,2014 Dec,124615
China,2015 Jan,140548
China,2015 Feb,238011
China,2015 Mar,130827
China,2015 Apr,153784
China,2015 May,141375
China,2015 Jun,144533
China,2015 Jul,246819
China,2015 Aug,267122
China,2015 Sep,149929
China,2015 Oct,165649
China,2015 Nov,158736
China,2015 Dec,168831
Hong Kong SAR,2014 Jan,41909
Hong Kong SAR,2014 Feb,48440
Hong Kong SAR,2014 Mar,43218
Hong Kong SAR,2014 Apr,69675
Hong Kong SAR,2014 May,47859
Hong Kong SAR,2014 Jun,47182
Hong Kong SAR,2014 Jul,80808
Hong Kong SAR,2014 Aug,87173
Hong Kong SAR,2014 Sep,39931
Hong Kong SAR,2014 Oct,40146
Hong Kong SAR,2014 Nov,39019
Hong Kong SAR,2014 Dec,45669
Hong Kong SAR,2015 Jan,34012
Hong Kong SAR,2015 Feb,46985
Hong Kong SAR,2015 Mar,41803
Hong Kong SAR,2015 Apr,58959
Hong Kong SAR,2015 May,45742
Hong Kong SAR,2015 Jun,45453
Hong Kong SAR,2015 Jul,82817
Hong Kong SAR,2015 Aug,89436
Hong Kong SAR,2015 Sep,40315
Hong Kong SAR,2015 Oct,41272
Hong Kong SAR,2015 Nov,37241
Hong Kong SAR,2015 Dec,45853
Taiwan,2014 Jan,32033
Taiwan,2014 Feb,32874
Taiwan,2014 Mar,22115
Taiwan,2014 Apr,25865
Taiwan,2014 May,26699
Taiwan,2014 Jun,25807
Taiwan,2014 Jul,44229
Taiwan,2014 Aug,38422
Taiwan,2014 Sep,25373
Taiwan,2014 Oct,24197
Taiwan,2014 Nov,21240
Taiwan,2014 Dec,18577
Taiwan,2015 Jan,30685
Taiwan,2015 Feb,40059
Taiwan,2015 Mar,24694
Taiwan,2015 Apr,29229
Taiwan,2015 May,25498
Taiwan,2015 Jun,30565
Taiwan,2015 Jul,50278
Taiwan,2015 Aug,45292
Taiwan,2015 Sep,27836
Taiwan,2015 Oct,27525
Taiwan,2015 Nov,24062
Taiwan,2015 Dec,22303
Other Markets In Greater China,2014 Jan,2264
Other Markets In Greater China,2014 Feb,2329
Other Markets In Greater China,2014 Mar,1706
Other Markets In Greater China,2014 Apr,2258
Other Markets In Greater China,2014 May,1709
Other Markets In Greater China,2014 Jun,2693
Other Markets In Greater China,2014 Jul,3507
Other Markets In Greater China,2014 Aug,5546
Other Markets In Greater China,2014 Sep,1930
Other Markets In Greater China,2014 Oct,1910
Other Markets In Greater China,2014 Nov,2082
Other Markets In Greater China,2014 Dec,3792
Other Markets In Greater China,2015 Jan,2341
Other Markets In Greater China,2015 Feb,2916
Other Markets In Greater China,2015 Mar,1584
Other Markets In Greater China,2015 Apr,1909
Other Markets In Greater China,2015 May,1761
Other Markets In Greater China,2015 Jun,2346
Other Markets In Greater China,2015 Jul,4061
Other Markets In Greater China,2015 Aug,6197
Other Markets In Greater China,2015 Sep,1706
Other Markets In Greater China,2015 Oct,1972
Other Markets In Greater China,2015 Nov,1668
Other Markets In Greater China,2015 Dec,3093
North Asia,2014 Jan,119359
North Asia,2014 Feb,121222
North Asia,2014 Mar,127048
North Asia,2014 Apr,87061
North Asia,2014 May,96160
North Asia,2014 Jun,93685
North Asia,2014 Jul,116155
North Asia,2014 Aug,151961
North Asia,2014 Sep,113725
North Asia,2014 Oct,113472
North Asia,2014 Nov,109720
North Asia,2014 Dec,112880
North Asia,2015 Jan,130360
North Asia,2015 Feb,113888
North Asia,2015 Mar,122861
North Asia,2015 Apr,88349
North Asia,2015 May,96909
North Asia,2015 Jun,90541
North Asia,2015 Jul,116129
North Asia,2015 Aug,153400
North Asia,2015 Sep,113105
North Asia,2015 Oct,117039
North Asia,2015 Nov,112895
North Asia,2015 Dec,111637
Japan,2014 Jan,59578
Japan,2014 Feb,69230
Japan,2014 Mar,85946
Japan,2014 Apr,50751
Japan,2014 May,54173
Japan,2014 Jun,56044
Japan,2014 Jul,69419
Japan,2014 Aug,95248
Japan,2014 Sep,74408
Japan,2014 Oct,68609
Japan,2014 Nov,69415
Japan,2014 Dec,71920
Japan,2015 Jan,58479
Japan,2015 Feb,62422
Japan,2015 Mar,79941
Japan,2015 Apr,46687
Japan,2015 May,52971
Japan,2015 Jun,53257
Japan,2015 Jul,67682
Japan,2015 Aug,92793
Japan,2015 Sep,73972
Japan,2015 Oct,66416
Japan,2015 Nov,67840
Japan,2015 Dec,66719
South Korea,2014 Jan,59745
South Korea,2014 Feb,51930
South Korea,2014 Mar,40995
South Korea,2014 Apr,36247
South Korea,2014 May,41946
South Korea,2014 Jun,37589
South Korea,2014 Jul,46666
South Korea,2014 Aug,56623
South Korea,2014 Sep,39276
South Korea,2014 Oct,44810
South Korea,2014 Nov,40230
South Korea,2014 Dec,40918
South Korea,2015 Jan,71820
South Korea,2015 Feb,51415
South Korea,2015 Mar,42872
South Korea,2015 Apr,41602
South Korea,2015 May,43883
South Korea,2015 Jun,37193
South Korea,2015 Jul,48375
South Korea,2015 Aug,60468
South Korea,2015 Sep,39063
South Korea,2015 Oct,50582
South Korea,2015 Nov,44988
South Korea,2015 Dec,44821
Other Markets In North Asia,2014 Jan,36
Other Markets In North Asia,2014 Feb,62
Other Markets In North Asia,2014 Mar,107
Other Markets In North Asia,2014 Apr,63
Other Markets In North Asia,2014 May,41
Other Markets In North Asia,2014 Jun,52
Other Markets In North Asia,2014 Jul,70
Other Markets In North Asia,2014 Aug,90
Other Markets In North Asia,2014 Sep,41
Other Markets In North Asia,2014 Oct,53
Other Markets In North Asia,2014 Nov,75
Other Markets In North Asia,2014 Dec,42
Other Markets In North Asia,2015 Jan,61
Other Markets In North Asia,2015 Feb,51
Other Markets In North Asia,2015 Mar,48
Other Markets In North Asia,2015 Apr,60
Other Markets In North Asia,2015 May,55
Other Markets In North Asia,2015 Jun,91
Other Markets In North Asia,2015 Jul,72
Other Markets In North Asia,2015 Aug,139
Other Markets In North Asia,2015 Sep,70
Other Markets In North Asia,2015 Oct,41
Other Markets In North Asia,2015 Nov,67
Other Markets In North Asia,2015 Dec,97
South Asia,2014 Jan,85714
South Asia,2014 Feb,81187
South Asia,2014 Mar,90346
South Asia,2014 Apr,103761
South Asia,2014 May,138919
South Asia,2014 Jun,117244
South Asia,2014 Jul,91829
South Asia,2014 Aug,95406
South Asia,2014 Sep,85979
South Asia,2014 Oct,110357
South Asia,2014 Nov,92377
South Asia,2014 Dec,107009
South Asia,2015 Jan,94529
South Asia,2015 Feb,76576
South Asia,2015 Mar,91552
South Asia,2015 Apr,108179
South Asia,2015 May,151623
South Asia,2015 Jun,121413
South Asia,2015 Jul,106930
South Asia,2015 Aug,101316
South Asia,2015 Sep,91560
South Asia,2015 Oct,110301
South Asia,2015 Nov,109202
South Asia,2015 Dec,114739
Bangladesh,2014 Jan,10428
Bangladesh,2014 Feb,9343
Bangladesh,2014 Mar,10721
Bangladesh,2014 Apr,9817
Bangladesh,2014 May,9853
Bangladesh,2014 Jun,11100
Bangladesh,2014 Jul,10108
Bangladesh,2014 Aug,11690
Bangladesh,2014 Sep,9486
Bangladesh,2014 Oct,10722
Bangladesh,2014 Nov,10027
Bangladesh,2014 Dec,11631
Bangladesh,2015 Jan,10923
Bangladesh,2015 Feb,7960
Bangladesh,2015 Mar,10186
Bangladesh,2015 Apr,9809
Bangladesh,2015 May,10447
Bangladesh,2015 Jun,9737
Bangladesh,2015 Jul,11793
Bangladesh,2015 Aug,10353
Bangladesh,2015 Sep,10159
Bangladesh,2015 Oct,10394
Bangladesh,2015 Nov,9272
Bangladesh,2015 Dec,11554
India,2014 Jan,65557
India,2014 Feb,62999
India,2014 Mar,70488
India,2014 Apr,79536
India,2014 May,118953
India,2014 Jun,94738
India,2014 Jul,72724
India,2014 Aug,69960
India,2014 Sep,65751
India,2014 Oct,88855
India,2014 Nov,71555
India,2014 Dec,82520
India,2015 Jan,73605
India,2015 Feb,60016
India,2015 Mar,70302
India,2015 Apr,84041
India,2015 May,130511
India,2015 Jun,101773
India,2015 Jul,83806
India,2015 Aug,77137
India,2015 Sep,69846
India,2015 Oct,86649
India,2015 Nov,88350
India,2015 Dec,87950
Pakistan,2014 Jan,1259
Pakistan,2014 Feb,1117
Pakistan,2014 Mar,1570
Pakistan,2014 Apr,1225
Pakistan,2014 May,1357
Pakistan,2014 Jun,2799
Pakistan,2014 Jul,1374
Pakistan,2014 Aug,1951
Pakistan,2014 Sep,1115
Pakistan,2014 Oct,1161
Pakistan,2014 Nov,1242
Pakistan,2014 Dec,1505
Pakistan,2015 Jan,1500
Pakistan,2015 Feb,870
Pakistan,2015 Mar,1234
Pakistan,2015 Apr,1125
Pakistan,2015 May,1291
Pakistan,2015 Jun,1947
Pakistan,2015 Jul,2281
Pakistan,2015 Aug,2250
Pakistan,2015 Sep,1383
Pakistan,2015 Oct,1857
Pakistan,2015 Nov,1446
Pakistan,2015 Dec,1764
Sri Lanka,2014 Jan,6440
Sri Lanka,2014 Feb,6006
Sri Lanka,2014 Mar,5772
Sri Lanka,2014 Apr,11131
Sri Lanka,2014 May,6994
Sri Lanka,2014 Jun,6369
Sri Lanka,2014 Jul,5711
Sri Lanka,2014 Aug,9649
Sri Lanka,2014 Sep,7536
Sri Lanka,2014 Oct,6987
Sri Lanka,2014 Nov,7603
Sri Lanka,2014 Dec,8608
Sri Lanka,2015 Jan,6139
Sri Lanka,2015 Feb,5987
Sri Lanka,2015 Mar,7640
Sri Lanka,2015 Apr,11103
Sri Lanka,2015 May,7652
Sri Lanka,2015 Jun,5832
Sri Lanka,2015 Jul,6782
Sri Lanka,2015 Aug,8965
Sri Lanka,2015 Sep,7477
Sri Lanka,2015 Oct,8083
Sri Lanka,2015 Nov,7432
Sri Lanka,2015 Dec,9960
Other Markets In South Asia,2014 Jan,2030
Other Markets In South Asia,2014 Feb,1722
Other Markets In South Asia,2014 Mar,1795
Other Markets In South Asia,2014 Apr,2052
Other Markets In South Asia,2014 May,1762
Other Markets In South Asia,2014 Jun,2238
Other Markets In South Asia,2014 Jul,1912
Other Markets In South Asia,2014 Aug,2156
Other Markets In South Asia,2014 Sep,2091
Other Markets In South Asia,2014 Oct,2632
Other Markets In South Asia,2014 Nov,1950
Other Markets In South Asia,2014 Dec,2745
Other Markets In South Asia,2015 Jan,2362
Other Markets In South Asia,2015 Feb,1743
Other Markets In South Asia,2015 Mar,2190
Other Markets In South Asia,2015 Apr,2101
Other Markets In South Asia,2015 May,1722
Other Markets In South Asia,2015 Jun,2124
Other Markets In South Asia,2015 Jul,2268
Other Markets In South Asia,2015 Aug,2611
Other Markets In South Asia,2015 Sep,2695
Other Markets In South Asia,2015 Oct,3318
Other Markets In South Asia,2015 Nov,2702
Other Markets In South Asia,2015 Dec,3511
West Asia,2014 Jan,11464
West Asia,2014 Feb,11577
West Asia,2014 Mar,15614
West Asia,2014 Apr,12344
West Asia,2014 May,9852
West Asia,2014 Jun,12928
West Asia,2014 Jul,16438
West Asia,2014 Aug,27567
West Asia,2014 Sep,11961
West Asia,2014 Oct,14898
West Asia,2014 Nov,10844
West Asia,2014 Dec,14667
West Asia,2015 Jan,13037
West Asia,2015 Feb,9073
West Asia,2015 Mar,16316
West Asia,2015 Apr,12262
West Asia,2015 May,10058
West Asia,2015 Jun,9962
West Asia,2015 Jul,20337
West Asia,2015 Aug,22048
West Asia,2015 Sep,15313
West Asia,2015 Oct,10882
West Asia,2015 Nov,11096
West Asia,2015 Dec,15497
Iran,2014 Jan,898
Iran,2014 Feb,896
Iran,2014 Mar,3433
Iran,2014 Apr,577
Iran,2014 May,443
Iran,2014 Jun,685
Iran,2014 Jul,844
Iran,2014 Aug,892
Iran,2014 Sep,1254
Iran,2014 Oct,756
Iran,2014 Nov,758
Iran,2014 Dec,934
Iran,2015 Jan,601
Iran,2015 Feb,632
Iran,2015 Mar,2937
Iran,2015 Apr,548
Iran,2015 May,488
Iran,2015 Jun,646
Iran,2015 Jul,665
Iran,2015 Aug,889
Iran,2015 Sep,1473
Iran,2015 Oct,943
Iran,2015 Nov,1048
Iran,2015 Dec,1397
Israel,2014 Jan,1325
Israel,2014 Feb,1556
Israel,2014 Mar,1320
Israel,2014 Apr,1273
Israel,2014 May,1075
Israel,2014 Jun,1193
Israel,2014 Jul,1065
Israel,2014 Aug,1166
Israel,2014 Sep,1134
Israel,2014 Oct,1441
Israel,2014 Nov,1602
Israel,2014 Dec,1120
Israel,2015 Jan,1425
Israel,2015 Feb,1347
Israel,2015 Mar,1414
Israel,2015 Apr,1264
Israel,2015 May,1188
Israel,2015 Jun,1087
Israel,2015 Jul,1266
Israel,2015 Aug,1323
Israel,2015 Sep,1356
Israel,2015 Oct,1456
Israel,2015 Nov,1421
Israel,2015 Dec,1196
Kuwait,2014 Jan,766
Kuwait,2014 Feb,1471
Kuwait,2014 Mar,587
Kuwait,2014 Apr,448
Kuwait,2014 May,390
Kuwait,2014 Jun,769
Kuwait,2014 Jul,1208
Kuwait,2014 Aug,2784
Kuwait,2014 Sep,532
Kuwait,2014 Oct,896
Kuwait,2014 Nov,404
Kuwait,2014 Dec,781
Kuwait,2015 Jan,1420
Kuwait,2015 Feb,519
Kuwait,2015 Mar,546
Kuwait,2015 Apr,476
Kuwait,2015 May,463
Kuwait,2015 Jun,538
Kuwait,2015 Jul,1631
Kuwait,2015 Aug,2395
Kuwait,2015 Sep,1024
Kuwait,2015 Oct,550
Kuwait,2015 Nov,327
Kuwait,2015 Dec,878
Saudi Arabia,2014 Jan,2617
Saudi Arabia,2014 Feb,1322
Saudi Arabia,2014 Mar,2037
Saudi Arabia,2014 Apr,1379
Saudi Arabia,2014 May,1556
Saudi Arabia,2014 Jun,2205
Saudi Arabia,2014 Jul,1760
Saudi Arabia,2014 Aug,5290
Saudi Arabia,2014 Sep,2311
Saudi Arabia,2014 Oct,2349
Saudi Arabia,2014 Nov,1660
Saudi Arabia,2014 Dec,1292
Saudi Arabia,2015 Jan,2500
Saudi Arabia,2015 Feb,948
Saudi Arabia,2015 Mar,1777
Saudi Arabia,2015 Apr,873
Saudi Arabia,2015 May,711
Saudi Arabia,2015 Jun,735
Saudi Arabia,2015 Jul,2177
Saudi Arabia,2015 Aug,1932
Saudi Arabia,2015 Sep,1845
Saudi Arabia,2015 Oct,893
Saudi Arabia,2015 Nov,797
Saudi Arabia,2015 Dec,903
United Arab Emirates,2014 Jan,3843
United Arab Emirates,2014 Feb,4072
United Arab Emirates,2014 Mar,6286
United Arab Emirates,2014 Apr,6512
United Arab Emirates,2014 May,4609
United Arab Emirates,2014 Jun,5676
United Arab Emirates,2014 Jul,8544
United Arab Emirates,2014 Aug,11862
United Arab Emirates,2014 Sep,5012
United Arab Emirates,2014 Oct,6704
United Arab Emirates,2014 Nov,4754
United Arab Emirates,2014 Dec,7868
United Arab Emirates,2015 Jan,4612
United Arab Emirates,2015 Feb,3871
United Arab Emirates,2015 Mar,7588
United Arab Emirates,2015 Apr,6628
United Arab Emirates,2015 May,5278
United Arab Emirates,2015 Jun,5101
United Arab Emirates,2015 Jul,10044
United Arab Emirates,2015 Aug,10164
United Arab Emirates,2015 Sep,6781
United Arab Emirates,2015 Oct,4984
United Arab Emirates,2015 Nov,5450
United Arab Emirates,2015 Dec,8192
Other Markets In West Asia,2014 Jan,2015
Other Markets In West Asia,2014 Feb,2260
Other Markets In West Asia,2014 Mar,1951
Other Markets In West Asia,2014 Apr,2155
Other Markets In West Asia,2014 May,1779
Other Markets In West Asia,2014 Jun,2400
Other Markets In West Asia,2014 Jul,3017
Other Markets In West Asia,2014 Aug,5573
Other Markets In West Asia,2014 Sep,1718
Other Markets In West Asia,2014 Oct,2752
Other Markets In West Asia,2014 Nov,1666
Other Markets In West Asia,2014 Dec,2672
Other Markets In West Asia,2015 Jan,2479
Other Markets In West Asia,2015 Feb,1756
Other Markets In West Asia,2015 Mar,2054
Other Markets In West Asia,2015 Apr,2473
Other Markets In West Asia,2015 May,1930
Other Markets In West Asia,2015 Jun,1855
Other Markets In West Asia,2015 Jul,4554
Other Markets In West Asia,2015 Aug,5345
Other Markets In West Asia,2015 Sep,2834
Other Markets In West Asia,2015 Oct,2056
Other Markets In West Asia,2015 Nov,2053
Other Markets In West Asia,2015 Dec,2931
Americas,2014 Jan,60370
Americas,2014 Feb,58987
Americas,2014 Mar,66875
Americas,2014 Apr,48811
Americas,2014 May,46359
Americas,2014 Jun,50633
Americas,2014 Jul,54556
Americas,2014 Aug,47977
Americas,2014 Sep,42437
Americas,2014 Oct,47969
Americas,2014 Nov,52340
Americas,2014 Dec,57955
Americas,2015 Jan,64780
Americas,2015 Feb,57924
Americas,2015 Mar,64764
Americas,2015 Apr,49143
Americas,2015 May,48014
Americas,2015 Jun,55325
Americas,2015 Jul,56521
Americas,2015 Aug,49942
Americas,2015 Sep,42354
Americas,2015 Oct,52973
Americas,2015 Nov,55155
Americas,2015 Dec,60391
Canada,2014 Jan,10317
Canada,2014 Feb,10118
Canada,2014 Mar,10905
Canada,2014 Apr,6861
Canada,2014 May,6803
Canada,2014 Jun,5516
Canada,2014 Jul,7052
Canada,2014 Aug,6641
Canada,2014 Sep,5022
Canada,2014 Oct,6696
Canada,2014 Nov,7662
Canada,2014 Dec,9234
Canada,2015 Jan,10875
Canada,2015 Feb,9915
Canada,2015 Mar,10515
Canada,2015 Apr,7086
Canada,2015 May,6637
Canada,2015 Jun,5914
Canada,2015 Jul,6984
Canada,2015 Aug,6734
Canada,2015 Sep,5196
Canada,2015 Oct,7858
Canada,2015 Nov,8581
Canada,2015 Dec,9952
USA,2014 Jan,43746
USA,2014 Feb,44052
USA,2014 Mar,49729
USA,2014 Apr,36594
USA,2014 May,35355
USA,2014 Jun,41609
USA,2014 Jul,43508
USA,2014 Aug,38067
USA,2014 Sep,33053
USA,2014 Oct,36306
USA,2014 Nov,39705
USA,2014 Dec,43188
USA,2015 Jan,46845
USA,2015 Feb,42427
USA,2015 Mar,48341
USA,2015 Apr,36186
USA,2015 May,37117
USA,2015 Jun,44929
USA,2015 Jul,45139
USA,2015 Aug,39090
USA,2015 Sep,32749
USA,2015 Oct,39683
USA,2015 Nov,41457
USA,2015 Dec,45546
Other Markets In Americas,2014 Jan,6307
Other Markets In Americas,2014 Feb,4817
Other Markets In Americas,2014 Mar,6241
Other Markets In Americas,2014 Apr,5356
Other Markets In Americas,2014 May,4201
Other Markets In Americas,2014 Jun,3508
Other Markets In Americas,2014 Jul,3996
Other Markets In Americas,2014 Aug,3269
Other Markets In Americas,2014 Sep,4362
Other Markets In Americas,2014 Oct,4967
Other Markets In Americas,2014 Nov,4973
Other Markets In Americas,2014 Dec,5533
Other Markets In Americas,2015 Jan,7060
Other Markets In Americas,2015 Feb,5582
Other Markets In Americas,2015 Mar,5908
Other Markets In Americas,2015 Apr,5871
Other Markets In Americas,2015 May,4260
Other Markets In Americas,2015 Jun,4482
Other Markets In Americas,2015 Jul,4398
Other Markets In Americas,2015 Aug,4118
Other Markets In Americas,2015 Sep,4409
Other Markets In Americas,2015 Oct,5432
Other Markets In Americas,2015 Nov,5117
Other Markets In Americas,2015 Dec,4893
Europe,2014 Jan,162551
Europe,2014 Feb,156630
Europe,2014 Mar,168535
Europe,2014 Apr,140349
Europe,2014 May,100622
Europe,2014 Jun,88947
Europe,2014 Jul,124542
Europe,2014 Aug,153482
Europe,2014 Sep,120902
Europe,2014 Oct,129264
Europe,2014 Nov,134238
Europe,2014 Dec,137315
Europe,2015 Jan,158529
Europe,2015 Feb,147155
Europe,2015 Mar,160349
Europe,2015 Apr,128157
Europe,2015 May,99889
Europe,2015 Jun,88472
Europe,2015 Jul,136833
Europe,2015 Aug,163413
Europe,2015 Sep,119898
Europe,2015 Oct,139262
Europe,2015 Nov,146342
Europe,2015 Dec,147577
Belgium & Luxembourg,2014 Jan,2220
Belgium & Luxembourg,2014 Feb,2482
Belgium & Luxembourg,2014 Mar,2821
Belgium & Luxembourg,2014 Apr,2664
Belgium & Luxembourg,2014 May,1792
Belgium & Luxembourg,2014 Jun,1654
Belgium & Luxembourg,2014 Jul,2987
Belgium & Luxembourg,2014 Aug,2946
Belgium & Luxembourg,2014 Sep,2233
Belgium & Luxembourg,2014 Oct,2029
Belgium & Luxembourg,2014 Nov,2546
Belgium & Luxembourg,2014 Dec,2321
Belgium & Luxembourg,2015 Jan,2063
Belgium & Luxembourg,2015 Feb,1968
Belgium & Luxembourg,2015 Mar,2594
Belgium & Luxembourg,2015 Apr,2369
Belgium & Luxembourg,2015 May,1765
Belgium & Luxembourg,2015 Jun,1599
Belgium & Luxembourg,2015 Jul,3225
Belgium & Luxembourg,2015 Aug,2905
Belgium & Luxembourg,2015 Sep,2155
Belgium & Luxembourg,2015 Oct,2336
Belgium & Luxembourg,2015 Nov,2271
Belgium & Luxembourg,2015 Dec,2329
Denmark,2014 Jan,3717
Denmark,2014 Feb,3860
Denmark,2014 Mar,3234
Denmark,2014 Apr,2649
Denmark,2014 May,1624
Denmark,2014 Jun,1653
Denmark,2014 Jul,3293
Denmark,2014 Aug,2052
Denmark,2014 Sep,2199
Denmark,2014 Oct,2754
Denmark,2014 Nov,2372
Denmark,2014 Dec,2485
Denmark,2015 Jan,3440
Denmark,2015 Feb,3634
Denmark,2015 Mar,3246
Denmark,2015 Apr,2301
Denmark,2015 May,1642
Denmark,2015 Jun,1635
Denmark,2015 Jul,3786
Denmark,2015 Aug,2161
Denmark,2015 Sep,1974
Denmark,2015 Oct,2590
Denmark,2015 Nov,2656
Denmark,2015 Dec,2324
Finland,2014 Jan,4427
Finland,2014 Feb,4580
Finland,2014 Mar,3449
Finland,2014 Apr,2305
Finland,2014 May,1495
Finland,2014 Jun,1532
Finland,2014 Jul,1266
Finland,2014 Aug,1108
Finland,2014 Sep,1759
Finland,2014 Oct,2522
Finland,2014 Nov,3054
Finland,2014 Dec,3210
Finland,2015 Jan,3740
Finland,2015 Feb,3390
Finland,2015 Mar,3110
Finland,2015 Apr,2198
Finland,2015 May,1373
Finland,2015 Jun,1551
Finland,2015 Jul,1308
Finland,2015 Aug,1222
Finland,2015 Sep,1451
Finland,2015 Oct,2569
Finland,2015 Nov,2761
Finland,2015 Dec,3231
France,2014 Jan,11966
France,2014 Feb,14180
France,2014 Mar,15735
France,2014 Apr,13643
France,2014 May,11980
France,2014 Jun,9288
France,2014 Jul,14405
France,2014 Aug,20541
France,2014 Sep,10323
France,2014 Oct,12351
France,2014 Nov,11762
France,2014 Dec,10708
France,2015 Jan,11285
France,2015 Feb,13590
France,2015 Mar,12789
France,2015 Apr,13135
France,2015 May,11686
France,2015 Jun,8969
France,2015 Jul,16926
France,2015 Aug,22241
France,2015 Sep,9816
France,2015 Oct,13334
France,2015 Nov,12269
France,2015 Dec,11443
Germany,2014 Jan,25176
Germany,2014 Feb,25422
Germany,2014 Mar,30806
Germany,2014 Apr,22125
Germany,2014 May,15425
Germany,2014 Jun,13270
Germany,2014 Jul,17014
Germany,2014 Aug,24544
Germany,2014 Sep,22156
Germany,2014 Oct,21905
Germany,2014 Nov,21514
Germany,2014 Dec,24156
Germany,2015 Jan,24529
Germany,2015 Feb,24937
Germany,2015 Mar,31468
Germany,2015 Apr,20086
Germany,2015 May,16266
Germany,2015 Jun,13660
Germany,2015 Jul,18815
Germany,2015 Aug,26784
Germany,2015 Sep,22303
Germany,2015 Oct,24718
Germany,2015 Nov,27994
Germany,2015 Dec,35172
Italy,2014 Jan,5429
Italy,2014 Feb,4944
Italy,2014 Mar,5940
Italy,2014 Apr,4684
Italy,2014 May,3712
Italy,2014 Jun,3674
Italy,2014 Jul,5153
Italy,2014 Aug,13280
Italy,2014 Sep,5164
Italy,2014 Oct,4389
Italy,2014 Nov,5559
Italy,2014 Dec,5124
Italy,2015 Jan,5470
Italy,2015 Feb,4192
Italy,2015 Mar,5311
Italy,2015 Apr,4870
Italy,2015 May,3923
Italy,2015 Jun,3915
Italy,2015 Jul,5402
Italy,2015 Aug,15817
Italy,2015 Sep,5291
Italy,2015 Oct,5042
Italy,2015 Nov,5317
Italy,2015 Dec,4800
Netherlands,2014 Jan,7640
Netherlands,2014 Feb,7458
Netherlands,2014 Mar,7969
Netherlands,2014 Apr,6517
Netherlands,2014 May,5888
Netherlands,2014 Jun,4962
Netherlands,2014 Jul,8089
Netherlands,2014 Aug,8541
Netherlands,2014 Sep,6027
Netherlands,2014 Oct,6051
Netherlands,2014 Nov,6447
Netherlands,2014 Dec,6222
Netherlands,2015 Jan,6405
Netherlands,2015 Feb,6678
Netherlands,2015 Mar,7127
Netherlands,2015 Apr,5989
Netherlands,2015 May,5797
Netherlands,2015 Jun,4553
Netherlands,2015 Jul,9364
Netherlands,2015 Aug,8040
Netherlands,2015 Sep,5761
Netherlands,2015 Oct,6557
Netherlands,2015 Nov,6627
Netherlands,2015 Dec,6154
Norway,2014 Jan,3435
Norway,2014 Feb,3516
Norway,2014 Mar,3397
Norway,2014 Apr,3938
Norway,2014 May,1854
Norway,2014 Jun,2093
Norway,2014 Jul,3328
Norway,2014 Aug,2040
Norway,2014 Sep,2132
Norway,2014 Oct,2328
Norway,2014 Nov,2689
Norway,2014 Dec,2758
Norway,2015 Jan,2859
Norway,2015 Feb,3123
Norway,2015 Mar,3535
Norway,2015 Apr,2652
Norway,2015 May,1497
Norway,2015 Jun,2260
Norway,2015 Jul,3874
Norway,2015 Aug,1978
Norway,2015 Sep,2068
Norway,2015 Oct,2675
Norway,2015 Nov,2615
Norway,2015 Dec,2514
Rep Of Ireland,2014 Jan,1514
Rep Of Ireland,2014 Feb,1325
Rep Of Ireland,2014 Mar,1464
Rep Of Ireland,2014 Apr,1278
Rep Of Ireland,2014 May,1113
Rep Of Ireland,2014 Jun,1357
Rep Of Ireland,2014 Jul,1734
Rep Of Ireland,2014 Aug,1429
Rep Of Ireland,2014 Sep,1281
Rep Of Ireland,2014 Oct,1353
Rep Of Ireland,2014 Nov,1363
Rep Of Ireland,2014 Dec,1198
Rep Of Ireland,2015 Jan,1551
Rep Of Ireland,2015 Feb,1277
Rep Of Ireland,2015 Mar,1617
Rep Of Ireland,2015 Apr,1434
Rep Of Ireland,2015 May,1224
Rep Of Ireland,2015 Jun,1369
Rep Of Ireland,2015 Jul,1576
Rep Of Ireland,2015 Aug,1631
Rep Of Ireland,2015 Sep,1335
Rep Of Ireland,2015 Oct,1386
Rep Of Ireland,2015 Nov,1480
Rep Of Ireland,2015 Dec,1467
Russian Federation,2014 Jan,15770
Russian Federation,2014 Feb,9154
Russian Federation,2014 Mar,9563
Russian Federation,2014 Apr,6996
Russian Federation,2014 May,5746
Russian Federation,2014 Jun,4874
Russian Federation,2014 Jul,5280
Russian Federation,2014 Aug,6129
Russian Federation,2014 Sep,5384
Russian Federation,2014 Oct,6507
Russian Federation,2014 Nov,7246
Russian Federation,2014 Dec,8004
Russian Federation,2015 Jan,12650
Russian Federation,2015 Feb,4861
Russian Federation,2015 Mar,5154
Russian Federation,2015 Apr,4371
Russian Federation,2015 May,4523
Russian Federation,2015 Jun,3644
Russian Federation,2015 Jul,4071
Russian Federation,2015 Aug,4618
Russian Federation,2015 Sep,3725
Russian Federation,2015 Oct,4900
Russian Federation,2015 Nov,5518
Russian Federation,2015 Dec,5807
Spain,2014 Jan,3095
Spain,2014 Feb,3022
Spain,2014 Mar,3444
Spain,2014 Apr,3394
Spain,2014 May,2657
Spain,2014 Jun,2515
Spain,2014 Jul,4047
Spain,2014 Aug,7295
Spain,2014 Sep,4153
Spain,2014 Oct,3488
Spain,2014 Nov,3757
Spain,2014 Dec,3348
Spain,2015 Jan,3546
Spain,2015 Feb,2893
Spain,2015 Mar,3715
Spain,2015 Apr,3094
Spain,2015 May,2953
Spain,2015 Jun,2717
Spain,2015 Jul,4875
Spain,2015 Aug,8377
Spain,2015 Sep,4330
Spain,2015 Oct,4046
Spain,2015 Nov,4464
Spain,2015 Dec,3064
Sweden,2014 Jan,6910
Sweden,2014 Feb,5289
Sweden,2014 Mar,4821
Sweden,2014 Apr,3676
Sweden,2014 May,2417
Sweden,2014 Jun,2160
Sweden,2014 Jul,2716
Sweden,2014 Aug,1841
Sweden,2014 Sep,2034
Sweden,2014 Oct,3331
Sweden,2014 Nov,3498
Sweden,2014 Dec,5363
Sweden,2015 Jan,6295
Sweden,2015 Feb,4556
Sweden,2015 Mar,4284
Sweden,2015 Apr,3138
Sweden,2015 May,1985
Sweden,2015 Jun,2091
Sweden,2015 Jul,2911
Sweden,2015 Aug,1946
Sweden,2015 Sep,2102
Sweden,2015 Oct,3753
Sweden,2015 Nov,4078
Sweden,2015 Dec,5423
Switzerland,2014 Jan,9319
Switzerland,2014 Feb,8994
Switzerland,2014 Mar,8829
Switzerland,2014 Apr,10025
Switzerland,2014 May,6710
Switzerland,2014 Jun,5454
Switzerland,2014 Jul,10503
Switzerland,2014 Aug,8837
Switzerland,2014 Sep,7645
Switzerland,2014 Oct,9515
Switzerland,2014 Nov,8983
Switzerland,2014 Dec,8630
Switzerland,2015 Jan,9470
Switzerland,2015 Feb,8475
Switzerland,2015 Mar,8777
Switzerland,2015 Apr,9308
Switzerland,2015 May,6699
Switzerland,2015 Jun,5203
Switzerland,2015 Jul,10657
Switzerland,2015 Aug,8253
Switzerland,2015 Sep,6938
Switzerland,2015 Oct,9188
Switzerland,2015 Nov,9481
Switzerland,2015 Dec,8400
United Kingdom,2014 Jan,42345
United Kingdom,2014 Feb,43998
United Kingdom,2014 Mar,49474
United Kingdom,2014 Apr,43708
United Kingdom,2014 May,27667
United Kingdom,2014 Jun,25135
United Kingdom,2014 Jul,32056
United Kingdom,2014 Aug,38360
United Kingdom,2014 Sep,35981
United Kingdom,2014 Oct,36986
United Kingdom,2014 Nov,37919
United Kingdom,2014 Dec,38438
United Kingdom,2015 Jan,44923
United Kingdom,2015 Feb,47051
United Kingdom,2015 Mar,50741
United Kingdom,2015 Apr,39822
United Kingdom,2015 May,28125
United Kingdom,2015 Jun,25543
United Kingdom,2015 Jul,36643
United Kingdom,2015 Aug,41077
United Kingdom,2015 Sep,37374
United Kingdom,2015 Oct,40871
United Kingdom,2015 Nov,42034
United Kingdom,2015 Dec,39757
Other Markets In Europe,2014 Jan,19588
Other Markets In Europe,2014 Feb,18406
Other Markets In Europe,2014 Mar,17589
Other Markets In Europe,2014 Apr,12747
Other Markets In Europe,2014 May,10542
Other Markets In Europe,2014 Jun,9326
Other Markets In Europe,2014 Jul,12671
Other Markets In Europe,2014 Aug,14539
Other Markets In Europe,2014 Sep,12431
Other Markets In Europe,2014 Oct,13755
Other Markets In Europe,2014 Nov,15529
Other Markets In Europe,2014 Dec,15350
Other Markets In Europe,2015 Jan,20303
Other Markets In Europe,2015 Feb,16530
Other Markets In Europe,2015 Mar,16881
Other Markets In Europe,2015 Apr,13390
Other Markets In Europe,2015 May,10431
Other Markets In Europe,2015 Jun,9763
Other Markets In Europe,2015 Jul,13400
Other Markets In Europe,2015 Aug,16363
Other Markets In Europe,2015 Sep,13275
Other Markets In Europe,2015 Oct,15297
Other Markets In Europe,2015 Nov,16777
Other Markets In Europe,2015 Dec,15692
Oceania,2014 Jan,138986
Oceania,2014 Feb,76921
Oceania,2014 Mar,82577
Oceania,2014 Apr,110478
Oceania,2014 May,90197
Oceania,2014 Jun,93721
Oceania,2014 Jul,121954
Oceania,2014 Aug,94518
Oceania,2014 Sep,109434
Oceania,2014 Oct,97886
Oceania,2014 Nov,81969
Oceania,2014 Dec,109269
Oceania,2015 Jan,129274
Oceania,2015 Feb,72276
Oceania,2015 Mar,79761
Oceania,2015 Apr,94029
Oceania,2015 May,85227
Oceania,2015 Jun,95694
Oceania,2015 Jul,113554
Oceania,2015 Aug,96656
Oceania,2015 Sep,110596
Oceania,2015 Oct,109160
Oceania,2015 Nov,87045
Oceania,2015 Dec,113008
Australia,2014 Jan,126119
Australia,2014 Feb,69119
Australia,2014 Mar,74578
Australia,2014 Apr,99811
Australia,2014 May,78280
Australia,2014 Jun,81558
Australia,2014 Jul,106641
Australia,2014 Aug,82448
Australia,2014 Sep,97642
Australia,2014 Oct,87565
Australia,2014 Nov,73262
Australia,2014 Dec,97855
Australia,2015 Jan,115584
Australia,2015 Feb,65009
Australia,2015 Mar,70708
Australia,2015 Apr,83497
Australia,2015 May,73965
Australia,2015 Jun,82755
Australia,2015 Jul,97583
Australia,2015 Aug,83063
Australia,2015 Sep,97071
Australia,2015 Oct,96340
Australia,2015 Nov,76369
Australia,2015 Dec,101624
New Zealand,2014 Jan,11466
New Zealand,2014 Feb,6893
New Zealand,2014 Mar,6872
New Zealand,2014 Apr,9520
New Zealand,2014 May,10812
New Zealand,2014 Jun,10922
New Zealand,2014 Jul,14075
New Zealand,2014 Aug,10939
New Zealand,2014 Sep,10593
New Zealand,2014 Oct,9146
New Zealand,2014 Nov,7435
New Zealand,2014 Dec,10015
New Zealand,2015 Jan,12330
New Zealand,2015 Feb,6349
New Zealand,2015 Mar,7854
New Zealand,2015 Apr,9492
New Zealand,2015 May,10077
New Zealand,2015 Jun,11593
New Zealand,2015 Jul,14756
New Zealand,2015 Aug,12497
New Zealand,2015 Sep,12412
New Zealand,2015 Oct,11462
New Zealand,2015 Nov,9070
New Zealand,2015 Dec,9726
Other Markets In Oceania,2014 Jan,1401
Other Markets In Oceania,2014 Feb,909
Other Markets In Oceania,2014 Mar,1127
Other Markets In Oceania,2014 Apr,1147
Other Markets In Oceania,2014 May,1105
Other Markets In Oceania,2014 Jun,1241
Other Markets In Oceania,2014 Jul,1238
Other Markets In Oceania,2014 Aug,1131
Other Markets In Oceania,2014 Sep,1199
Other Markets In Oceania,2014 Oct,1175
Other Markets In Oceania,2014 Nov,1272
Other Markets In Oceania,2014 Dec,1399
Other Markets In Oceania,2015 Jan,1360
Other Markets In Oceania,2015 Feb,918
Other Markets In Oceania,2015 Mar,1199
Other Markets In Oceania,2015 Apr,1040
Other Markets In Oceania,2015 May,1185
Other Markets In Oceania,2015 Jun,1346
Other Markets In Oceania,2015 Jul,1215
Other Markets In Oceania,2015 Aug,1096
Other Markets In Oceania,2015 Sep,1113
Other Markets In Oceania,2015 Oct,1358
Other Markets In Oceania,2015 Nov,1606
Other Markets In Oceania,2015 Dec,1658
Africa,2014 Jan,5729
Africa,2014 Feb,4238
Africa,2014 Mar,4948
Africa,2014 Apr,6291
Africa,2014 May,4305
Africa,2014 Jun,4382
Africa,2014 Jul,5435
Africa,2014 Aug,6468
Africa,2014 Sep,4846
Africa,2014 Oct,4191
Africa,2014 Nov,5507
Africa,2014 Dec,9594
Africa,2015 Jan,6377
Africa,2015 Feb,3562
Africa,2015 Mar,5138
Africa,2015 Apr,6410
Africa,2015 May,4663
Africa,2015 Jun,4051
Africa,2015 Jul,5383
Africa,2015 Aug,6102
Africa,2015 Sep,5206
Africa,2015 Oct,5857
Africa,2015 Nov,5417
Africa,2015 Dec,9136
Egypt,2014 Jan,399
Egypt,2014 Feb,351
Egypt,2014 Mar,328
Egypt,2014 Apr,333
Egypt,2014 May,322
Egypt,2014 Jun,307
Egypt,2014 Jul,214
Egypt,2014 Aug,448
Egypt,2014 Sep,399
Egypt,2014 Oct,406
Egypt,2014 Nov,397
Egypt,2014 Dec,457
Egypt,2015 Jan,453
Egypt,2015 Feb,268
Egypt,2015 Mar,419
Egypt,2015 Apr,348
Egypt,2015 May,355
Egypt,2015 Jun,226
Egypt,2015 Jul,296
Egypt,2015 Aug,574
Egypt,2015 Sep,444
Egypt,2015 Oct,532
Egypt,2015 Nov,325
Egypt,2015 Dec,298
Mauritius,2014 Jan,646
Mauritius,2014 Feb,481
Mauritius,2014 Mar,478
Mauritius,2014 Apr,748
Mauritius,2014 May,390
Mauritius,2014 Jun,525
Mauritius,2014 Jul,708
Mauritius,2014 Aug,655
Mauritius,2014 Sep,475
Mauritius,2014 Oct,475
Mauritius,2014 Nov,1024
Mauritius,2014 Dec,1420
Mauritius,2015 Jan,828
Mauritius,2015 Feb,557
Mauritius,2015 Mar,567
Mauritius,2015 Apr,858
Mauritius,2015 May,513
Mauritius,2015 Jun,600
Mauritius,2015 Jul,601
Mauritius,2015 Aug,694
Mauritius,2015 Sep,411
Mauritius,2015 Oct,474
Mauritius,2015 Nov,1087
Mauritius,2015 Dec,1549
South Africa (Rep Of),2014 Jan,2829
South Africa (Rep Of),2014 Feb,1729
South Africa (Rep Of),2014 Mar,2280
South Africa (Rep Of),2014 Apr,3364
South Africa (Rep Of),2014 May,1912
South Africa (Rep Of),2014 Jun,1800
South Africa (Rep Of),2014 Jul,2448
South Africa (Rep Of),2014 Aug,2037
South Africa (Rep Of),2014 Sep,2354
South Africa (Rep Of),2014 Oct,1853
South Africa (Rep Of),2014 Nov,2310
South Africa (Rep Of),2014 Dec,4842
South Africa (Rep Of),2015 Jan,3255
South Africa (Rep Of),2015 Feb,1619
South Africa (Rep Of),2015 Mar,2541
South Africa (Rep Of),2015 Apr,2885
South Africa (Rep Of),2015 May,2351
South Africa (Rep Of),2015 Jun,2048
South Africa (Rep Of),2015 Jul,2752
South Africa (Rep Of),2015 Aug,2183
South Africa (Rep Of),2015 Sep,2642
South Africa (Rep Of),2015 Oct,2981
South Africa (Rep Of),2015 Nov,2347
South Africa (Rep Of),2015 Dec,4866
Other Markets In Africa,2014 Jan,1855
Other Markets In Africa,2014 Feb,1677
Other Markets In Africa,2014 Mar,1862
Other Markets In Africa,2014 Apr,1846
Other Markets In Africa,2014 May,1681
Other Markets In Africa,2014 Jun,1750
Other Markets In Africa,2014 Jul,2065
Other Markets In Africa,2014 Aug,3328
Other Markets In Africa,2014 Sep,1618
Other Markets In Africa,2014 Oct,1457
Other Markets In Africa,2014 Nov,1776
Other Markets In Africa,2014 Dec,2875
Other Markets In Africa,2015 Jan,1841
Other Markets In Africa,2015 Feb,1118
Other Markets In Africa,2015 Mar,1611
Other Markets In Africa,2015 Apr,2319
Other Markets In Africa,2015 May,1444
Other Markets In Africa,2015 Jun,1177
Other Markets In Africa,2015 Jul,1734
Other Markets In Africa,2015 Aug,2651
Other Markets In Africa,2015 Sep,1709
Other Markets In Africa,2015 Oct,1870
Other Markets In Africa,2015 Nov,1658
Other Markets In Africa,2015 Dec,2423
Others,2014 Jan,21
Others,2014 Feb,22
Others,2014 Mar,14
Others,2014 Apr,6
Others,2014 May,9
Others,2014 Jun,7
Others,2014 Jul,0
Others,2014 Aug,0
Others,2014 Sep,1
Others,2014 Oct,205
Others,2014 Nov,4
Others,2014 Dec,1
Others,2015 Jan,3
Others,2015 Feb,4
Others,2015 Mar,0
Others,2015 Apr,1
Others,2015 May,3
Others,2015 Jun,0
Others,2015 Jul,1
Others,2015 Aug,1
Others,2015 Sep,3
Others,2015 Oct,3
Others,2015 Nov,5
Others,2015 Dec,0
Total International Visitor Arrivals By Place Of Residence,2016 Jan,1412123
Total International Visitor Arrivals By Place Of Residence,2016 Feb,1335097
Total International Visitor Arrivals By Place Of Residence,2016 Mar,1406607
Total International Visitor Arrivals By Place Of Residence,2016 Apr,1393972
Total International Visitor Arrivals By Place Of Residence,2016 May,1357543
Total International Visitor Arrivals By Place Of Residence,2016 Jun,1270531
Total International Visitor Arrivals By Place Of Residence,2016 Jul,1622405
Total International Visitor Arrivals By Place Of Residence,2016 Aug,1481876
Total International Visitor Arrivals By Place Of Residence,2016 Sep,1144063
Total International Visitor Arrivals By Place Of Residence,2016 Oct,1237675
Total International Visitor Arrivals By Place Of Residence,2016 Nov,1235433
Total International Visitor Arrivals By Place Of Residence,2016 Dec,1506134
Total International Visitor Arrivals By Place Of Residence,2017 Jan,1480479
Total International Visitor Arrivals By Place Of Residence,2017 Feb,1361010
Total International Visitor Arrivals By Place Of Residence,2017 Mar,1480161
Total International Visitor Arrivals By Place Of Residence,2017 Apr,1470750
Total International Visitor Arrivals By Place Of Residence,2017 May,1363897
Total International Visitor Arrivals By Place Of Residence,2017 Jun,1387601
Total International Visitor Arrivals By Place Of Residence,2017 Jul,1632135
Total International Visitor Arrivals By Place Of Residence,2017 Aug,1559283
Total International Visitor Arrivals By Place Of Residence,2017 Sep,1320050
Total International Visitor Arrivals By Place Of Residence,2017 Oct,1402299
Total International Visitor Arrivals By Place Of Residence,2017 Nov,1397330
Total International Visitor Arrivals By Place Of Residence,2017 Dec,1569616
Southeast Asia,2016 Jan,473005
Southeast Asia,2016 Feb,440596
Southeast Asia,2016 Mar,499023
Southeast Asia,2016 Apr,516058
Southeast Asia,2016 May,541795
Southeast Asia,2016 Jun,493485
Southeast Asia,2016 Jul,607290
Southeast Asia,2016 Aug,447752
Southeast Asia,2016 Sep,413178
Southeast Asia,2016 Oct,471598
Southeast Asia,2016 Nov,465948
Southeast Asia,2016 Dec,637752
Southeast Asia,2017 Jan,478812
Southeast Asia,2017 Feb,437738
Southeast Asia,2017 Mar,534535
Southeast Asia,2017 Apr,555812
Southeast Asia,2017 May,502134
Southeast Asia,2017 Jun,567156
Southeast Asia,2017 Jul,560387
Southeast Asia,2017 Aug,477817
Southeast Asia,2017 Sep,464113
Southeast Asia,2017 Oct,501024
Southeast Asia,2017 Nov,503852
Southeast Asia,2017 Dec,641734
Brunei Darussalam,2016 Jan,5596
Brunei Darussalam,2016 Feb,4768
Brunei Darussalam,2016 Mar,7100
Brunei Darussalam,2016 Apr,5466
Brunei Darussalam,2016 May,5768
Brunei Darussalam,2016 Jun,5061
Brunei Darussalam,2016 Jul,6409
Brunei Darussalam,2016 Aug,4665
Brunei Darussalam,2016 Sep,5551
Brunei Darussalam,2016 Oct,4022
Brunei Darussalam,2016 Nov,5256
Brunei Darussalam,2016 Dec,10229
Brunei Darussalam,2017 Jan,5297
Brunei Darussalam,2017 Feb,4379
Brunei Darussalam,2017 Mar,7835
Brunei Darussalam,2017 Apr,4662
Brunei Darussalam,2017 May,4645
Brunei Darussalam,2017 Jun,5758
Brunei Darussalam,2017 Jul,5625
Brunei Darussalam,2017 Aug,4610
Brunei Darussalam,2017 Sep,5387
Brunei Darussalam,2017 Oct,4202
Brunei Darussalam,2017 Nov,5258
Brunei Darussalam,2017 Dec,10761
Indonesia,2016 Jan,249876
Indonesia,2016 Feb,216284
Indonesia,2016 Mar,238160
Indonesia,2016 Apr,215353
Indonesia,2016 May,258606
Indonesia,2016 Jun,235444
Indonesia,2016 Jul,319759
Indonesia,2016 Aug,210626
Indonesia,2016 Sep,186610
Indonesia,2016 Oct,213070
Indonesia,2016 Nov,219845
Indonesia,2016 Dec,329994
Indonesia,2017 Jan,254634
Indonesia,2017 Feb,208853
Indonesia,2017 Mar,256636
Indonesia,2017 Apr,248048
Indonesia,2017 May,220534
Indonesia,2017 Jun,281171
Indonesia,2017 Jul,268010
Indonesia,2017 Aug,217339
Indonesia,2017 Sep,216278
Indonesia,2017 Oct,221036
Indonesia,2017 Nov,231705
Indonesia,2017 Dec,330156
Malaysia,2016 Jan,87208
Malaysia,2016 Feb,85850
Malaysia,2016 Mar,98135
Malaysia,2016 Apr,97070
Malaysia,2016 May,92668
Malaysia,2016 Jun,91901
Malaysia,2016 Jul,100397
Malaysia,2016 Aug,81655
Malaysia,2016 Sep,93519
Malaysia,2016 Oct,92736
Malaysia,2016 Nov,101549
Malaysia,2016 Dec,128897
Malaysia,2017 Jan,84504
Malaysia,2017 Feb,85058
Malaysia,2017 Mar,105372
Malaysia,2017 Apr,94550
Malaysia,2017 May,90335
Malaysia,2017 Jun,102776
Malaysia,2017 Jul,87138
Malaysia,2017 Aug,91135
Malaysia,2017 Sep,90837
Malaysia,2017 Oct,96015
Malaysia,2017 Nov,105404
Malaysia,2017 Dec,135260
Myanmar,2016 Jan,7703
Myanmar,2016 Feb,7090
Myanmar,2016 Mar,10517
Myanmar,2016 Apr,14495
Myanmar,2016 May,9470
Myanmar,2016 Jun,9731
Myanmar,2016 Jul,9937
Myanmar,2016 Aug,8012
Myanmar,2016 Sep,7102
Myanmar,2016 Oct,8218
Myanmar,2016 Nov,7648
Myanmar,2016 Dec,13691
Myanmar,2017 Jan,9902
Myanmar,2017 Feb,9783
Myanmar,2017 Mar,12656
Myanmar,2017 Apr,19610
Myanmar,2017 May,11705
Myanmar,2017 Jun,12144
Myanmar,2017 Jul,12619
Myanmar,2017 Aug,10934
Myanmar,2017 Sep,9888
Myanmar,2017 Oct,11616
Myanmar,2017 Nov,11402
Myanmar,2017 Dec,13462
Philippines,2016 Jan,44334
Philippines,2016 Feb,47217
Philippines,2016 Mar,58963
Philippines,2016 Apr,74245
Philippines,2016 May,76646
Philippines,2016 Jun,56702
Philippines,2016 Jul,55005
Philippines,2016 Aug,50362
Philippines,2016 Sep,45804
Philippines,2016 Oct,57924
Philippines,2016 Nov,55814
Philippines,2016 Dec,68624
Philippines,2017 Jan,46187
Philippines,2017 Feb,51160
Philippines,2017 Mar,61816
Philippines,2017 Apr,81952
Philippines,2017 May,77671
Philippines,2017 Jun,62002
Philippines,2017 Jul,58727
Philippines,2017 Aug,53539
Philippines,2017 Sep,52500
Philippines,2017 Oct,60194
Philippines,2017 Nov,64826
Philippines,2017 Dec,65926
Thailand,2016 Jan,44330
Thailand,2016 Feb,38650
Thailand,2016 Mar,48381
Thailand,2016 Apr,62514
Thailand,2016 May,52331
Thailand,2016 Jun,36982
Thailand,2016 Jul,49788
Thailand,2016 Aug,39434
Thailand,2016 Sep,36911
Thailand,2016 Oct,58094
Thailand,2016 Nov,35520
Thailand,2016 Dec,43619
Thailand,2017 Jan,36813
Thailand,2017 Feb,38502
Thailand,2017 Mar,47025
Thailand,2017 Apr,58504
Thailand,2017 May,47074
Thailand,2017 Jun,34623
Thailand,2017 Jul,48620
Thailand,2017 Aug,40993
Thailand,2017 Sep,39692
Thailand,2017 Oct,61448
Thailand,2017 Nov,39331
Thailand,2017 Dec,38710
Vietnam,2016 Jan,29145
Vietnam,2016 Feb,35731
Vietnam,2016 Mar,33122
Vietnam,2016 Apr,38398
Vietnam,2016 May,40046
Vietnam,2016 Jun,52449
Vietnam,2016 Jul,59800
Vietnam,2016 Aug,46773
Vietnam,2016 Sep,32777
Vietnam,2016 Oct,32192
Vietnam,2016 Nov,33482
Vietnam,2016 Dec,35494
Vietnam,2017 Jan,35367
Vietnam,2017 Feb,34586
Vietnam,2017 Mar,37887
Vietnam,2017 Apr,39370
Vietnam,2017 May,43434
Vietnam,2017 Jun,62831
Vietnam,2017 Jul,71153
Vietnam,2017 Aug,51866
Vietnam,2017 Sep,40270
Vietnam,2017 Oct,39013
Vietnam,2017 Nov,36964
Vietnam,2017 Dec,38618
Other Markets In Southeast Asia,2016 Jan,4813
Other Markets In Southeast Asia,2016 Feb,5006
Other Markets In Southeast Asia,2016 Mar,4645
Other Markets In Southeast Asia,2016 Apr,8517
Other Markets In Southeast Asia,2016 May,6260
Other Markets In Southeast Asia,2016 Jun,5215
Other Markets In Southeast Asia,2016 Jul,6195
Other Markets In Southeast Asia,2016 Aug,6225
Other Markets In Southeast Asia,2016 Sep,4904
Other Markets In Southeast Asia,2016 Oct,5342
Other Markets In Southeast Asia,2016 Nov,6834
Other Markets In Southeast Asia,2016 Dec,7204
Other Markets In Southeast Asia,2017 Jan,6108
Other Markets In Southeast Asia,2017 Feb,5417
Other Markets In Southeast Asia,2017 Mar,5308
Other Markets In Southeast Asia,2017 Apr,9116
Other Markets In Southeast Asia,2017 May,6736
Other Markets In Southeast Asia,2017 Jun,5851
Other Markets In Southeast Asia,2017 Jul,8495
Other Markets In Southeast Asia,2017 Aug,7401
Other Markets In Southeast Asia,2017 Sep,9261
Other Markets In Southeast Asia,2017 Oct,7500
Other Markets In Southeast Asia,2017 Nov,8962
Other Markets In Southeast Asia,2017 Dec,8841
Greater China,2016 Jan,302777
Greater China,2016 Feb,373011
Greater China,2016 Mar,328713
Greater China,2016 Apr,346908
Greater China,2016 May,304453
Greater China,2016 Jun,302687
Greater China,2016 Jul,430751
Greater China,2016 Aug,433176
Greater China,2016 Sep,232061
Greater China,2016 Oct,232317
Greater China,2016 Nov,247733
Greater China,2016 Dec,286667
Greater China,2017 Jan,389744
Greater China,2017 Feb,342756
Greater China,2017 Mar,328080
Greater China,2017 Apr,338068
Greater China,2017 May,298939
Greater China,2017 Jun,283320
Greater China,2017 Jul,455964
Greater China,2017 Aug,458502
Greater China,2017 Sep,289803
Greater China,2017 Oct,313669
Greater China,2017 Nov,311846
Greater China,2017 Dec,305363
China,2016 Jan,229150
China,2016 Feb,277926
China,2016 Mar,241230
China,2016 Apr,269560
China,2016 May,234089
China,2016 Jun,221614
China,2016 Jul,311124
China,2016 Aug,315548
China,2016 Sep,170204
China,2016 Oct,173185
China,2016 Nov,193984
China,2016 Dec,226020
China,2017 Jan,316805
China,2017 Feb,268993
China,2017 Mar,264711
China,2017 Apr,252135
China,2017 May,232361
China,2017 Jun,218118
China,2017 Jul,349654
China,2017 Aug,357287
China,2017 Sep,226978
China,2017 Oct,245755
China,2017 Nov,251096
China,2017 Dec,244241
Hong Kong SAR,2016 Jan,34742
Hong Kong SAR,2016 Feb,49837
Hong Kong SAR,2016 Mar,58341
Hong Kong SAR,2016 Apr,42712
Hong Kong SAR,2016 May,39959
Hong Kong SAR,2016 Jun,42330
Hong Kong SAR,2016 Jul,69847
Hong Kong SAR,2016 Aug,70842
Hong Kong SAR,2016 Sep,30252
Hong Kong SAR,2016 Oct,31512
Hong Kong SAR,2016 Nov,30832
Hong Kong SAR,2016 Dec,36763
Hong Kong SAR,2017 Jan,34436
Hong Kong SAR,2017 Feb,33169
Hong Kong SAR,2017 Mar,33561
Hong Kong SAR,2017 Apr,53971
Hong Kong SAR,2017 May,33784
Hong Kong SAR,2017 Jun,32684
Hong Kong SAR,2017 Jul,54124
Hong Kong SAR,2017 Aug,55265
Hong Kong SAR,2017 Sep,31937
Hong Kong SAR,2017 Oct,32964
Hong Kong SAR,2017 Nov,33174
Hong Kong SAR,2017 Dec,36712
Taiwan,2016 Jan,37087
Taiwan,2016 Feb,42569
Taiwan,2016 Mar,27401
Taiwan,2016 Apr,33107
Taiwan,2016 May,28809
Taiwan,2016 Jun,36718
Taiwan,2016 Jul,46691
Taiwan,2016 Aug,42274
Taiwan,2016 Sep,30267
Taiwan,2016 Oct,26270
Taiwan,2016 Nov,21568
Taiwan,2016 Dec,21454
Taiwan,2017 Jan,36187
Taiwan,2017 Feb,38866
Taiwan,2017 Mar,27976
Taiwan,2017 Apr,30142
Taiwan,2017 May,31092
Taiwan,2017 Jun,30655
Taiwan,2017 Jul,48487
Taiwan,2017 Aug,42151
Taiwan,2017 Sep,29364
Taiwan,2017 Oct,33282
Taiwan,2017 Nov,25919
Taiwan,2017 Dec,21430
Other Markets In Greater China,2016 Jan,1798
Other Markets In Greater China,2016 Feb,2679
Other Markets In Greater China,2016 Mar,1741
Other Markets In Greater China,2016 Apr,1529
Other Markets In Greater China,2016 May,1596
Other Markets In Greater China,2016 Jun,2025
Other Markets In Greater China,2016 Jul,3089
Other Markets In Greater China,2016 Aug,4512
Other Markets In Greater China,2016 Sep,1338
Other Markets In Greater China,2016 Oct,1350
Other Markets In Greater China,2016 Nov,1349
Other Markets In Greater China,2016 Dec,2430
Other Markets In Greater China,2017 Jan,2316
Other Markets In Greater China,2017 Feb,1728
Other Markets In Greater China,2017 Mar,1832
Other Markets In Greater China,2017 Apr,1820
Other Markets In Greater China,2017 May,1702
Other Markets In Greater China,2017 Jun,1863
Other Markets In Greater China,2017 Jul,3699
Other Markets In Greater China,2017 Aug,3799
Other Markets In Greater China,2017 Sep,1524
Other Markets In Greater China,2017 Oct,1668
Other Markets In Greater China,2017 Nov,1657
Other Markets In Greater China,2017 Dec,2980
North Asia,2016 Jan,136486
North Asia,2016 Feb,123252
North Asia,2016 Mar,120159
North Asia,2016 Apr,91011
North Asia,2016 May,99965
North Asia,2016 Jun,98803
North Asia,2016 Jul,119480
North Asia,2016 Aug,155678
North Asia,2016 Sep,106835
North Asia,2016 Oct,97212
North Asia,2016 Nov,100810
North Asia,2016 Dec,101187
North Asia,2017 Jan,113643
North Asia,2017 Feb,132843
North Asia,2017 Mar,126243
North Asia,2017 Apr,95081
North Asia,2017 May,106798
North Asia,2017 Jun,102427
North Asia,2017 Jul,121532
North Asia,2017 Aug,155871
North Asia,2017 Sep,117359
North Asia,2017 Oct,118060
North Asia,2017 Nov,127487
North Asia,2017 Dec,107072
Japan,2016 Jan,62275
Japan,2016 Feb,65604
Japan,2016 Mar,79146
Japan,2016 Apr,49613
Japan,2016 May,55006
Japan,2016 Jun,54993
Japan,2016 Jul,64715
Japan,2016 Aug,93619
Japan,2016 Sep,68997
Japan,2016 Oct,62858
Japan,2016 Nov,64466
Japan,2016 Dec,62570
Japan,2017 Jan,53377
Japan,2017 Feb,72654
Japan,2017 Mar,82293
Japan,2017 Apr,46245
Japan,2017 May,54012
Japan,2017 Jun,52932
Japan,2017 Jul,63193
Japan,2017 Aug,94900
Japan,2017 Sep,69742
Japan,2017 Oct,64624
Japan,2017 Nov,75348
Japan,2017 Dec,63553
South Korea,2016 Jan,74180
South Korea,2016 Feb,57595
South Korea,2016 Mar,40959
South Korea,2016 Apr,41356
South Korea,2016 May,44932
South Korea,2016 Jun,43766
South Korea,2016 Jul,54700
South Korea,2016 Aug,62018
South Korea,2016 Sep,37742
South Korea,2016 Oct,34346
South Korea,2016 Nov,36314
South Korea,2016 Dec,38601
South Korea,2017 Jan,60247
South Korea,2017 Feb,60174
South Korea,2017 Mar,43942
South Korea,2017 Apr,48829
South Korea,2017 May,52762
South Korea,2017 Jun,49487
South Korea,2017 Jul,58326
South Korea,2017 Aug,60957
South Korea,2017 Sep,47602
South Korea,2017 Oct,53430
South Korea,2017 Nov,52123
South Korea,2017 Dec,43484
Other Markets In North Asia,2016 Jan,31
Other Markets In North Asia,2016 Feb,53
Other Markets In North Asia,2016 Mar,54
Other Markets In North Asia,2016 Apr,42
Other Markets In North Asia,2016 May,27
Other Markets In North Asia,2016 Jun,44
Other Markets In North Asia,2016 Jul,65
Other Markets In North Asia,2016 Aug,41
Other Markets In North Asia,2016 Sep,96
Other Markets In North Asia,2016 Oct,8
Other Markets In North Asia,2016 Nov,30
Other Markets In North Asia,2016 Dec,16
Other Markets In North Asia,2017 Jan,19
Other Markets In North Asia,2017 Feb,15
Other Markets In North Asia,2017 Mar,8
Other Markets In North Asia,2017 Apr,7
Other Markets In North Asia,2017 May,24
Other Markets In North Asia,2017 Jun,8
Other Markets In North Asia,2017 Jul,13
Other Markets In North Asia,2017 Aug,14
Other Markets In North Asia,2017 Sep,15
Other Markets In North Asia,2017 Oct,6
Other Markets In North Asia,2017 Nov,16
Other Markets In North Asia,2017 Dec,35
South Asia,2016 Jan,103184
South Asia,2016 Feb,82979
South Asia,2016 Mar,99974
South Asia,2016 Apr,121482
South Asia,2016 May,164572
South Asia,2016 Jun,130189
South Asia,2016 Jul,115028
South Asia,2016 Aug,107278
South Asia,2016 Sep,97415
South Asia,2016 Oct,119033
South Asia,2016 Nov,114255
South Asia,2016 Dec,123606
South Asia,2017 Jan,100555
South Asia,2017 Feb,95038
South Asia,2017 Mar,107296
South Asia,2017 Apr,134505
South Asia,2017 May,195198
South Asia,2017 Jun,156862
South Asia,2017 Jul,123743
South Asia,2017 Aug,118131
South Asia,2017 Sep,128319
South Asia,2017 Oct,144299
South Asia,2017 Nov,109309
South Asia,2017 Dec,146232
Bangladesh,2016 Jan,11151
Bangladesh,2016 Feb,8445
Bangladesh,2016 Mar,10845
Bangladesh,2016 Apr,10303
Bangladesh,2016 May,10700
Bangladesh,2016 Jun,8949
Bangladesh,2016 Jul,12303
Bangladesh,2016 Aug,9694
Bangladesh,2016 Sep,10081
Bangladesh,2016 Oct,10078
Bangladesh,2016 Nov,9830
Bangladesh,2016 Dec,10960
Bangladesh,2017 Jan,9712
Bangladesh,2017 Feb,8788
Bangladesh,2017 Mar,10218
Bangladesh,2017 Apr,8949
Bangladesh,2017 May,9548
Bangladesh,2017 Jun,9972
Bangladesh,2017 Jul,11416
Bangladesh,2017 Aug,9652
Bangladesh,2017 Sep,11277
Bangladesh,2017 Oct,9555
Bangladesh,2017 Nov,9023
Bangladesh,2017 Dec,12479
India,2016 Jan,81363
India,2016 Feb,64702
India,2016 Mar,78859
India,2016 Apr,94578
India,2016 May,141986
India,2016 Jun,112026
India,2016 Jul,87919
India,2016 Aug,80977
India,2016 Sep,75074
India,2016 Oct,94649
India,2016 Nov,90734
India,2016 Dec,94323
India,2017 Jan,80062
India,2017 Feb,75905
India,2017 Mar,85299
India,2017 Apr,109303
India,2017 May,172822
India,2017 Jun,136478
India,2017 Jul,97125
India,2017 Aug,91551
India,2017 Sep,102262
India,2017 Oct,120100
India,2017 Nov,86432
India,2017 Dec,114738
Pakistan,2016 Jan,1563
Pakistan,2016 Feb,1250
Pakistan,2016 Mar,1409
Pakistan,2016 Apr,1439
Pakistan,2016 May,1824
Pakistan,2016 Jun,1196
Pakistan,2016 Jul,3823
Pakistan,2016 Aug,2494
Pakistan,2016 Sep,1893
Pakistan,2016 Oct,1901
Pakistan,2016 Nov,1473
Pakistan,2016 Dec,1947
Pakistan,2017 Jan,1520
Pakistan,2017 Feb,1522
Pakistan,2017 Mar,2050
Pakistan,2017 Apr,1434
Pakistan,2017 May,1383
Pakistan,2017 Jun,1421
Pakistan,2017 Jul,4160
Pakistan,2017 Aug,2159
Pakistan,2017 Sep,1968
Pakistan,2017 Oct,1552
Pakistan,2017 Nov,1816
Pakistan,2017 Dec,2521
Sri Lanka,2016 Jan,6624
Sri Lanka,2016 Feb,6577
Sri Lanka,2016 Mar,6699
Sri Lanka,2016 Apr,12708
Sri Lanka,2016 May,7434
Sri Lanka,2016 Jun,5764
Sri Lanka,2016 Jul,7919
Sri Lanka,2016 Aug,11142
Sri Lanka,2016 Sep,7745
Sri Lanka,2016 Oct,7825
Sri Lanka,2016 Nov,9161
Sri Lanka,2016 Dec,12307
Sri Lanka,2017 Jan,5931
Sri Lanka,2017 Feb,6246
Sri Lanka,2017 Mar,7058
Sri Lanka,2017 Apr,12363
Sri Lanka,2017 May,8870
Sri Lanka,2017 Jun,6806
Sri Lanka,2017 Jul,7806
Sri Lanka,2017 Aug,11805
Sri Lanka,2017 Sep,9322
Sri Lanka,2017 Oct,9313
Sri Lanka,2017 Nov,9585
Sri Lanka,2017 Dec,12684
Other Markets In South Asia,2016 Jan,2483
Other Markets In South Asia,2016 Feb,2005
Other Markets In South Asia,2016 Mar,2162
Other Markets In South Asia,2016 Apr,2454
Other Markets In South Asia,2016 May,2628
Other Markets In South Asia,2016 Jun,2254
Other Markets In South Asia,2016 Jul,3064
Other Markets In South Asia,2016 Aug,2971
Other Markets In South Asia,2016 Sep,2622
Other Markets In South Asia,2016 Oct,4580
Other Markets In South Asia,2016 Nov,3057
Other Markets In South Asia,2016 Dec,4069
Other Markets In South Asia,2017 Jan,3330
Other Markets In South Asia,2017 Feb,2577
Other Markets In South Asia,2017 Mar,2671
Other Markets In South Asia,2017 Apr,2456
Other Markets In South Asia,2017 May,2575
Other Markets In South Asia,2017 Jun,2185
Other Markets In South Asia,2017 Jul,3236
Other Markets In South Asia,2017 Aug,2964
Other Markets In South Asia,2017 Sep,3490
Other Markets In South Asia,2017 Oct,3779
Other Markets In South Asia,2017 Nov,2453
Other Markets In South Asia,2017 Dec,3810
West Asia,2016 Jan,14073
West Asia,2016 Feb,11158
West Asia,2016 Mar,20822
West Asia,2016 Apr,12264
West Asia,2016 May,11708
West Asia,2016 Jun,8629
West Asia,2016 Jul,24247
West Asia,2016 Aug,22592
West Asia,2016 Sep,17859
West Asia,2016 Oct,11017
West Asia,2016 Nov,11281
West Asia,2016 Dec,14895
West Asia,2017 Jan,12581
West Asia,2017 Feb,11749
West Asia,2017 Mar,22042
West Asia,2017 Apr,12708
West Asia,2017 May,10189
West Asia,2017 Jun,12753
West Asia,2017 Jul,20463
West Asia,2017 Aug,21152
West Asia,2017 Sep,13738
West Asia,2017 Oct,11036
West Asia,2017 Nov,11524
West Asia,2017 Dec,14639
Iran,2016 Jan,1156
Iran,2016 Feb,1516
Iran,2016 Mar,6275
Iran,2016 Apr,819
Iran,2016 May,1198
Iran,2016 Jun,972
Iran,2016 Jul,1529
Iran,2016 Aug,1901
Iran,2016 Sep,2534
Iran,2016 Oct,1718
Iran,2016 Nov,1632
Iran,2016 Dec,1391
Iran,2017 Jan,1421
Iran,2017 Feb,1704
Iran,2017 Mar,8000
Iran,2017 Apr,922
Iran,2017 May,1115
Iran,2017 Jun,1607
Iran,2017 Jul,1423
Iran,2017 Aug,1724
Iran,2017 Sep,2840
Iran,2017 Oct,1423
Iran,2017 Nov,1402
Iran,2017 Dec,1304
Israel,2016 Jan,1707
Israel,2016 Feb,1655
Israel,2016 Mar,1582
Israel,2016 Apr,1270
Israel,2016 May,1371
Israel,2016 Jun,1007
Israel,2016 Jul,1446
Israel,2016 Aug,1556
Israel,2016 Sep,1639
Israel,2016 Oct,2232
Israel,2016 Nov,1729
Israel,2016 Dec,1441
Israel,2017 Jan,1630
Israel,2017 Feb,1799
Israel,2017 Mar,1633
Israel,2017 Apr,1698
Israel,2017 May,1627
Israel,2017 Jun,1171
Israel,2017 Jul,1807
Israel,2017 Aug,1610
Israel,2017 Sep,1528
Israel,2017 Oct,2051
Israel,2017 Nov,1566
Israel,2017 Dec,1571
Kuwait,2016 Jan,1682
Kuwait,2016 Feb,470
Kuwait,2016 Mar,674
Kuwait,2016 Apr,404
Kuwait,2016 May,549
Kuwait,2016 Jun,259
Kuwait,2016 Jul,1946
Kuwait,2016 Aug,2224
Kuwait,2016 Sep,1399
Kuwait,2016 Oct,372
Kuwait,2016 Nov,365
Kuwait,2016 Dec,779
Kuwait,2017 Jan,1154
Kuwait,2017 Feb,508
Kuwait,2017 Mar,703
Kuwait,2017 Apr,436
Kuwait,2017 May,314
Kuwait,2017 Jun,576
Kuwait,2017 Jul,1604
Kuwait,2017 Aug,2124
Kuwait,2017 Sep,555
Kuwait,2017 Oct,343
Kuwait,2017 Nov,422
Kuwait,2017 Dec,726
Saudi Arabia,2016 Jan,1420
Saudi Arabia,2016 Feb,797
Saudi Arabia,2016 Mar,1332
Saudi Arabia,2016 Apr,789
Saudi Arabia,2016 May,1049
Saudi Arabia,2016 Jun,501
Saudi Arabia,2016 Jul,2278
Saudi Arabia,2016 Aug,2074
Saudi Arabia,2016 Sep,1750
Saudi Arabia,2016 Oct,598
Saudi Arabia,2016 Nov,1123
Saudi Arabia,2016 Dec,809
Saudi Arabia,2017 Jan,1065
Saudi Arabia,2017 Feb,835
Saudi Arabia,2017 Mar,1111
Saudi Arabia,2017 Apr,928
Saudi Arabia,2017 May,594
Saudi Arabia,2017 Jun,640
Saudi Arabia,2017 Jul,1427
Saudi Arabia,2017 Aug,1315
Saudi Arabia,2017 Sep,883
Saudi Arabia,2017 Oct,621
Saudi Arabia,2017 Nov,754
Saudi Arabia,2017 Dec,817
United Arab Emirates,2016 Jan,5048
United Arab Emirates,2016 Feb,4470
United Arab Emirates,2016 Mar,8349
United Arab Emirates,2016 Apr,6712
United Arab Emirates,2016 May,5670
United Arab Emirates,2016 Jun,4478
United Arab Emirates,2016 Jul,11168
United Arab Emirates,2016 Aug,9881
United Arab Emirates,2016 Sep,7531
United Arab Emirates,2016 Oct,4527
United Arab Emirates,2016 Nov,4803
United Arab Emirates,2016 Dec,7575
United Arab Emirates,2017 Jan,4578
United Arab Emirates,2017 Feb,4834
United Arab Emirates,2017 Mar,8333
United Arab Emirates,2017 Apr,6122
United Arab Emirates,2017 May,5125
United Arab Emirates,2017 Jun,6688
United Arab Emirates,2017 Jul,9640
United Arab Emirates,2017 Aug,10315
United Arab Emirates,2017 Sep,5695
United Arab Emirates,2017 Oct,4922
United Arab Emirates,2017 Nov,5592
United Arab Emirates,2017 Dec,7163
Other Markets In West Asia,2016 Jan,3060
Other Markets In West Asia,2016 Feb,2250
Other Markets In West Asia,2016 Mar,2610
Other Markets In West Asia,2016 Apr,2270
Other Markets In West Asia,2016 May,1871
Other Markets In West Asia,2016 Jun,1412
Other Markets In West Asia,2016 Jul,5880
Other Markets In West Asia,2016 Aug,4956
Other Markets In West Asia,2016 Sep,3006
Other Markets In West Asia,2016 Oct,1570
Other Markets In West Asia,2016 Nov,1629
Other Markets In West Asia,2016 Dec,2900
Other Markets In West Asia,2017 Jan,2733
Other Markets In West Asia,2017 Feb,2069
Other Markets In West Asia,2017 Mar,2262
Other Markets In West Asia,2017 Apr,2602
Other Markets In West Asia,2017 May,1414
Other Markets In West Asia,2017 Jun,2071
Other Markets In West Asia,2017 Jul,4562
Other Markets In West Asia,2017 Aug,4064
Other Markets In West Asia,2017 Sep,2237
Other Markets In West Asia,2017 Oct,1676
Other Markets In West Asia,2017 Nov,1788
Other Markets In West Asia,2017 Dec,3058
Americas,2016 Jan,66988
Americas,2016 Feb,58800
Americas,2016 Mar,63521
Americas,2016 Apr,52570
Americas,2016 May,50578
Americas,2016 Jun,56233
Americas,2016 Jul,59258
Americas,2016 Aug,48661
Americas,2016 Sep,42901
Americas,2016 Oct,53083
Americas,2016 Nov,60401
Americas,2016 Dec,67650
Americas,2017 Jan,72376
Americas,2017 Feb,68575
Americas,2017 Mar,72468
Americas,2017 Apr,55814
Americas,2017 May,54290
Americas,2017 Jun,64461
Americas,2017 Jul,66833
Americas,2017 Aug,53414
Americas,2017 Sep,48313
Americas,2017 Oct,54388
Americas,2017 Nov,74042
Americas,2017 Dec,73679
Canada,2016 Jan,11209
Canada,2016 Feb,10558
Canada,2016 Mar,10517
Canada,2016 Apr,7598
Canada,2016 May,7211
Canada,2016 Jun,5360
Canada,2016 Jul,7547
Canada,2016 Aug,6896
Canada,2016 Sep,5257
Canada,2016 Oct,7170
Canada,2016 Nov,9104
Canada,2016 Dec,10047
Canada,2017 Jan,11225
Canada,2017 Feb,11213
Canada,2017 Mar,11493
Canada,2017 Apr,7684
Canada,2017 May,7617
Canada,2017 Jun,6217
Canada,2017 Jul,7924
Canada,2017 Aug,7808
Canada,2017 Sep,5999
Canada,2017 Oct,7388
Canada,2017 Nov,10203
Canada,2017 Dec,10443
USA,2016 Jan,48852
USA,2016 Feb,42751
USA,2016 Mar,46658
USA,2016 Apr,39355
USA,2016 May,38422
USA,2016 Jun,46155
USA,2016 Jul,47089
USA,2016 Aug,38116
USA,2016 Sep,33262
USA,2016 Oct,40277
USA,2016 Nov,44971
USA,2016 Dec,50542
USA,2017 Jan,51562
USA,2017 Feb,49370
USA,2017 Mar,52107
USA,2017 Apr,40662
USA,2017 May,40789
USA,2017 Jun,52583
USA,2017 Jul,53111
USA,2017 Aug,41163
USA,2017 Sep,36834
USA,2017 Oct,40428
USA,2017 Nov,52454
USA,2017 Dec,54367
Other Markets In Americas,2016 Jan,6927
Other Markets In Americas,2016 Feb,5491
Other Markets In Americas,2016 Mar,6346
Other Markets In Americas,2016 Apr,5617
Other Markets In Americas,2016 May,4945
Other Markets In Americas,2016 Jun,4718
Other Markets In Americas,2016 Jul,4622
Other Markets In Americas,2016 Aug,3649
Other Markets In Americas,2016 Sep,4382
Other Markets In Americas,2016 Oct,5636
Other Markets In Americas,2016 Nov,6326
Other Markets In Americas,2016 Dec,7061
Other Markets In Americas,2017 Jan,9589
Other Markets In Americas,2017 Feb,7992
Other Markets In Americas,2017 Mar,8868
Other Markets In Americas,2017 Apr,7468
Other Markets In Americas,2017 May,5884
Other Markets In Americas,2017 Jun,5661
Other Markets In Americas,2017 Jul,5798
Other Markets In Americas,2017 Aug,4443
Other Markets In Americas,2017 Sep,5480
Other Markets In Americas,2017 Oct,6572
Other Markets In Americas,2017 Nov,11385
Other Markets In Americas,2017 Dec,8869
Europe,2016 Jan,179868
Europe,2016 Feb,173348
Europe,2016 Mar,181967
Europe,2016 Apr,141925
Europe,2016 May,103933
Europe,2016 Jun,86155
Europe,2016 Jul,140279
Europe,2016 Aug,167971
Europe,2016 Sep,123106
Europe,2016 Oct,149426
Europe,2016 Nov,144990
Europe,2016 Dec,150103
Europe,2017 Jan,177009
Europe,2017 Feb,188107
Europe,2017 Mar,188890
Europe,2017 Apr,163089
Europe,2017 May,107646
Europe,2017 Jun,97934
Europe,2017 Jul,154203
Europe,2017 Aug,179183
Europe,2017 Sep,138100
Europe,2017 Oct,149618
Europe,2017 Nov,159370
Europe,2017 Dec,150754
Belgium & Luxembourg,2016 Jan,2289
Belgium & Luxembourg,2016 Feb,2503
Belgium & Luxembourg,2016 Mar,2760
Belgium & Luxembourg,2016 Apr,2411
Belgium & Luxembourg,2016 May,1848
Belgium & Luxembourg,2016 Jun,1586
Belgium & Luxembourg,2016 Jul,3310
Belgium & Luxembourg,2016 Aug,3147
Belgium & Luxembourg,2016 Sep,2282
Belgium & Luxembourg,2016 Oct,2565
Belgium & Luxembourg,2016 Nov,2491
Belgium & Luxembourg,2016 Dec,2166
Belgium & Luxembourg,2017 Jan,2336
Belgium & Luxembourg,2017 Feb,2431
Belgium & Luxembourg,2017 Mar,2678
Belgium & Luxembourg,2017 Apr,2955
Belgium & Luxembourg,2017 May,1758
Belgium & Luxembourg,2017 Jun,1741
Belgium & Luxembourg,2017 Jul,4055
Belgium & Luxembourg,2017 Aug,3249
Belgium & Luxembourg,2017 Sep,2500
Belgium & Luxembourg,2017 Oct,2425
Belgium & Luxembourg,2017 Nov,2454
Belgium & Luxembourg,2017 Dec,2218
Denmark,2016 Jan,3833
Denmark,2016 Feb,3988
Denmark,2016 Mar,3441
Denmark,2016 Apr,2273
Denmark,2016 May,1618
Denmark,2016 Jun,1515
Denmark,2016 Jul,3506
Denmark,2016 Aug,1940
Denmark,2016 Sep,1891
Denmark,2016 Oct,2795
Denmark,2016 Nov,2273
Denmark,2016 Dec,2173
Denmark,2017 Jan,3364
Denmark,2017 Feb,4099
Denmark,2017 Mar,3182
Denmark,2017 Apr,2977
Denmark,2017 May,1671
Denmark,2017 Jun,1685
Denmark,2017 Jul,4278
Denmark,2017 Aug,2321
Denmark,2017 Sep,2152
Denmark,2017 Oct,2942
Denmark,2017 Nov,2785
Denmark,2017 Dec,2530
Finland,2016 Jan,4431
Finland,2016 Feb,3959
Finland,2016 Mar,3186
Finland,2016 Apr,1889
Finland,2016 May,1490
Finland,2016 Jun,1434
Finland,2016 Jul,1586
Finland,2016 Aug,1114
Finland,2016 Sep,1688
Finland,2016 Oct,2725
Finland,2016 Nov,2390
Finland,2016 Dec,2750
Finland,2017 Jan,3929
Finland,2017 Feb,3834
Finland,2017 Mar,3101
Finland,2017 Apr,2492
Finland,2017 May,1596
Finland,2017 Jun,1885
Finland,2017 Jul,1618
Finland,2017 Aug,1294
Finland,2017 Sep,2076
Finland,2017 Oct,2940
Finland,2017 Nov,3170
Finland,2017 Dec,3392
France,2016 Jan,12144
France,2016 Feb,16417
France,2016 Mar,14259
France,2016 Apr,16628
France,2016 May,11789
France,2016 Jun,8954
France,2016 Jul,16844
France,2016 Aug,23795
France,2016 Sep,11176
France,2016 Oct,14543
France,2016 Nov,12615
France,2016 Dec,11749
France,2017 Jan,12356
France,2017 Feb,16851
France,2017 Mar,14751
France,2017 Apr,15681
France,2017 May,12333
France,2017 Jun,9643
France,2017 Jul,18255
France,2017 Aug,23815
France,2017 Sep,11584
France,2017 Oct,14082
France,2017 Nov,14210
France,2017 Dec,11852
Germany,2016 Jan,39133
Germany,2016 Feb,37455
Germany,2016 Mar,40603
Germany,2016 Apr,21371
Germany,2016 May,17868
Germany,2016 Jun,13776
Germany,2016 Jul,19327
Germany,2016 Aug,25895
Germany,2016 Sep,22567
Germany,2016 Oct,27153
Germany,2016 Nov,28441
Germany,2016 Dec,35176
Germany,2017 Jan,37068
Germany,2017 Feb,40022
Germany,2017 Mar,43618
Germany,2017 Apr,30420
Germany,2017 May,17427
Germany,2017 Jun,16274
Germany,2017 Jul,21206
Germany,2017 Aug,26590
Germany,2017 Sep,24858
Germany,2017 Oct,27617
Germany,2017 Nov,28423
Germany,2017 Dec,28863
Italy,2016 Jan,6186
Italy,2016 Feb,4883
Italy,2016 Mar,4825
Italy,2016 Apr,5783
Italy,2016 May,4300
Italy,2016 Jun,4272
Italy,2016 Jul,6093
Italy,2016 Aug,16139
Italy,2016 Sep,5731
Italy,2016 Oct,5336
Italy,2016 Nov,5425
Italy,2016 Dec,5656
Italy,2017 Jan,6231
Italy,2017 Feb,5320
Italy,2017 Mar,5470
Italy,2017 Apr,5450
Italy,2017 May,4337
Italy,2017 Jun,4048
Italy,2017 Jul,6984
Italy,2017 Aug,19114
Italy,2017 Sep,6568
Italy,2017 Oct,5280
Italy,2017 Nov,6425
Italy,2017 Dec,5201
Netherlands,2016 Jan,7135
Netherlands,2016 Feb,6753
Netherlands,2016 Mar,6646
Netherlands,2016 Apr,6362
Netherlands,2016 May,6273
Netherlands,2016 Jun,4510
Netherlands,2016 Jul,9454
Netherlands,2016 Aug,9452
Netherlands,2016 Sep,6078
Netherlands,2016 Oct,6602
Netherlands,2016 Nov,6777
Netherlands,2016 Dec,6200
Netherlands,2017 Jan,7187
Netherlands,2017 Feb,6971
Netherlands,2017 Mar,6755
Netherlands,2017 Apr,6641
Netherlands,2017 May,5842
Netherlands,2017 Jun,4859
Netherlands,2017 Jul,10462
Netherlands,2017 Aug,10254
Netherlands,2017 Sep,6902
Netherlands,2017 Oct,7147
Netherlands,2017 Nov,7387
Netherlands,2017 Dec,6504
Norway,2016 Jan,2992
Norway,2016 Feb,2749
Norway,2016 Mar,4125
Norway,2016 Apr,2267
Norway,2016 May,1849
Norway,2016 Jun,1887
Norway,2016 Jul,3166
Norway,2016 Aug,1668
Norway,2016 Sep,1651
Norway,2016 Oct,2286
Norway,2016 Nov,2440
Norway,2016 Dec,2170
Norway,2017 Jan,2522
Norway,2017 Feb,2990
Norway,2017 Mar,2675
Norway,2017 Apr,3041
Norway,2017 May,1387
Norway,2017 Jun,2134
Norway,2017 Jul,3872
Norway,2017 Aug,1704
Norway,2017 Sep,1721
Norway,2017 Oct,2232
Norway,2017 Nov,2480
Norway,2017 Dec,2235
Rep Of Ireland,2016 Jan,1916
Rep Of Ireland,2016 Feb,1418
Rep Of Ireland,2016 Mar,1823
Rep Of Ireland,2016 Apr,1406
Rep Of Ireland,2016 May,1349
Rep Of Ireland,2016 Jun,1579
Rep Of Ireland,2016 Jul,2006
Rep Of Ireland,2016 Aug,1443
Rep Of Ireland,2016 Sep,1425
Rep Of Ireland,2016 Oct,1693
Rep Of Ireland,2016 Nov,1453
Rep Of Ireland,2016 Dec,1432
Rep Of Ireland,2017 Jan,1706
Rep Of Ireland,2017 Feb,1625
Rep Of Ireland,2017 Mar,1738
Rep Of Ireland,2017 Apr,1731
Rep Of Ireland,2017 May,1476
Rep Of Ireland,2017 Jun,1545
Rep Of Ireland,2017 Jul,2229
Rep Of Ireland,2017 Aug,1815
Rep Of Ireland,2017 Sep,1657
Rep Of Ireland,2017 Oct,1807
Rep Of Ireland,2017 Nov,1753
Rep Of Ireland,2017 Dec,1525
Russian Federation,2016 Jan,9504
Russian Federation,2016 Feb,6412
Russian Federation,2016 Mar,6744
Russian Federation,2016 Apr,4961
Russian Federation,2016 May,4411
Russian Federation,2016 Jun,3486
Russian Federation,2016 Jul,4349
Russian Federation,2016 Aug,5002
Russian Federation,2016 Sep,4503
Russian Federation,2016 Oct,6006
Russian Federation,2016 Nov,7286
Russian Federation,2016 Dec,7739
Russian Federation,2017 Jan,12262
Russian Federation,2017 Feb,8949
Russian Federation,2017 Mar,8963
Russian Federation,2017 Apr,6616
Russian Federation,2017 May,5123
Russian Federation,2017 Jun,3992
Russian Federation,2017 Jul,4374
Russian Federation,2017 Aug,4933
Russian Federation,2017 Sep,4483
Russian Federation,2017 Oct,5459
Russian Federation,2017 Nov,7084
Russian Federation,2017 Dec,7896
Spain,2016 Jan,3432
Spain,2016 Feb,3159
Spain,2016 Mar,4382
Spain,2016 Apr,3156
Spain,2016 May,2973
Spain,2016 Jun,2541
Spain,2016 Jul,4973
Spain,2016 Aug,8652
Spain,2016 Sep,4377
Spain,2016 Oct,4166
Spain,2016 Nov,4088
Spain,2016 Dec,3592
Spain,2017 Jan,3529
Spain,2017 Feb,3625
Spain,2017 Mar,3866
Spain,2017 Apr,4391
Spain,2017 May,3244
Spain,2017 Jun,3305
Spain,2017 Jul,6321
Spain,2017 Aug,11064
Spain,2017 Sep,6101
Spain,2017 Oct,5534
Spain,2017 Nov,5615
Spain,2017 Dec,4041
Sweden,2016 Jan,6852
Sweden,2016 Feb,5075
Sweden,2016 Mar,5278
Sweden,2016 Apr,3165
Sweden,2016 May,2063
Sweden,2016 Jun,1963
Sweden,2016 Jul,2991
Sweden,2016 Aug,1908
Sweden,2016 Sep,2076
Sweden,2016 Oct,3422
Sweden,2016 Nov,4142
Sweden,2016 Dec,4830
Sweden,2017 Jan,6232
Sweden,2017 Feb,5726
Sweden,2017 Mar,4664
Sweden,2017 Apr,3662
Sweden,2017 May,2079
Sweden,2017 Jun,2421
Sweden,2017 Jul,4027
Sweden,2017 Aug,2443
Sweden,2017 Sep,2226
Sweden,2017 Oct,4054
Sweden,2017 Nov,4425
Sweden,2017 Dec,6052
Switzerland,2016 Jan,9072
Switzerland,2016 Feb,9181
Switzerland,2016 Mar,8782
Switzerland,2016 Apr,9192
Switzerland,2016 May,6626
Switzerland,2016 Jun,4779
Switzerland,2016 Jul,10602
Switzerland,2016 Aug,8475
Switzerland,2016 Sep,7003
Switzerland,2016 Oct,10464
Switzerland,2016 Nov,8766
Switzerland,2016 Dec,8513
Switzerland,2017 Jan,9079
Switzerland,2017 Feb,9867
Switzerland,2017 Mar,8197
Switzerland,2017 Apr,11697
Switzerland,2017 May,6683
Switzerland,2017 Jun,5201
Switzerland,2017 Jul,10967
Switzerland,2017 Aug,8432
Switzerland,2017 Sep,7272
Switzerland,2017 Oct,9833
Switzerland,2017 Nov,9023
Switzerland,2017 Dec,8508
United Kingdom,2016 Jan,48413
United Kingdom,2016 Feb,48378
United Kingdom,2016 Mar,54800
United Kingdom,2016 Apr,45552
United Kingdom,2016 May,27667
United Kingdom,2016 Jun,24413
United Kingdom,2016 Jul,37272
United Kingdom,2016 Aug,43301
United Kingdom,2016 Sep,36529
United Kingdom,2016 Oct,43841
United Kingdom,2016 Nov,39718
United Kingdom,2016 Dec,39465
United Kingdom,2017 Jan,46364
United Kingdom,2017 Feb,54456
United Kingdom,2017 Mar,58635
United Kingdom,2017 Apr,48170
United Kingdom,2017 May,30066
United Kingdom,2017 Jun,27974
United Kingdom,2017 Jul,38424
United Kingdom,2017 Aug,43467
United Kingdom,2017 Sep,42423
United Kingdom,2017 Oct,41920
United Kingdom,2017 Nov,45133
United Kingdom,2017 Dec,42007
Other Markets In Europe,2016 Jan,22536
Other Markets In Europe,2016 Feb,21018
Other Markets In Europe,2016 Mar,20313
Other Markets In Europe,2016 Apr,15509
Other Markets In Europe,2016 May,11809
Other Markets In Europe,2016 Jun,9460
Other Markets In Europe,2016 Jul,14800
Other Markets In Europe,2016 Aug,16040
Other Markets In Europe,2016 Sep,14129
Other Markets In Europe,2016 Oct,15829
Other Markets In Europe,2016 Nov,16685
Other Markets In Europe,2016 Dec,16492
Other Markets In Europe,2017 Jan,22844
Other Markets In Europe,2017 Feb,21341
Other Markets In Europe,2017 Mar,20597
Other Markets In Europe,2017 Apr,17165
Other Markets In Europe,2017 May,12624
Other Markets In Europe,2017 Jun,11227
Other Markets In Europe,2017 Jul,17131
Other Markets In Europe,2017 Aug,18688
Other Markets In Europe,2017 Sep,15577
Other Markets In Europe,2017 Oct,16346
Other Markets In Europe,2017 Nov,19003
Other Markets In Europe,2017 Dec,17930
Oceania,2016 Jan,129377
Oceania,2016 Feb,68362
Oceania,2016 Mar,86381
Oceania,2016 Apr,105445
Oceania,2016 May,75598
Oceania,2016 Jun,90417
Oceania,2016 Jul,119907
Oceania,2016 Aug,92290
Oceania,2016 Sep,105400
Oceania,2016 Oct,97974
Oceania,2016 Nov,83536
Oceania,2016 Dec,113380
Oceania,2017 Jan,128719
Oceania,2017 Feb,79801
Oceania,2017 Mar,95041
Oceania,2017 Apr,108478
Oceania,2017 May,83916
Oceania,2017 Jun,98259
Oceania,2017 Jul,122061
Oceania,2017 Aug,88232
Oceania,2017 Sep,114853
Oceania,2017 Oct,104578
Oceania,2017 Nov,93191
Oceania,2017 Dec,118557
Australia,2016 Jan,117073
Australia,2016 Feb,61900
Australia,2016 Mar,78701
Australia,2016 Apr,93320
Australia,2016 May,64175
Australia,2016 Jun,77805
Australia,2016 Jul,103689
Australia,2016 Aug,78888
Australia,2016 Sep,92210
Australia,2016 Oct,85395
Australia,2016 Nov,73308
Australia,2016 Dec,100849
Australia,2017 Jan,115930
Australia,2017 Feb,71416
Australia,2017 Mar,85040
Australia,2017 Apr,93927
Australia,2017 May,71970
Australia,2017 Jun,84840
Australia,2017 Jul,104873
Australia,2017 Aug,75171
Australia,2017 Sep,100987
Australia,2017 Oct,90940
Australia,2017 Nov,81822
Australia,2017 Dec,105085
New Zealand,2016 Jan,10983
New Zealand,2016 Feb,5463
New Zealand,2016 Mar,6616
New Zealand,2016 Apr,10042
New Zealand,2016 May,9715
New Zealand,2016 Jun,10862
New Zealand,2016 Jul,14548
New Zealand,2016 Aug,11873
New Zealand,2016 Sep,11514
New Zealand,2016 Oct,10961
New Zealand,2016 Nov,8529
New Zealand,2016 Dec,9994
New Zealand,2017 Jan,10778
New Zealand,2017 Feb,6928
New Zealand,2017 Mar,8459
New Zealand,2017 Apr,12447
New Zealand,2017 May,10261
New Zealand,2017 Jun,11805
New Zealand,2017 Jul,15358
New Zealand,2017 Aug,11197
New Zealand,2017 Sep,12021
New Zealand,2017 Oct,11834
New Zealand,2017 Nov,9349
New Zealand,2017 Dec,10801
Other Markets In Oceania,2016 Jan,1321
Other Markets In Oceania,2016 Feb,999
Other Markets In Oceania,2016 Mar,1064
Other Markets In Oceania,2016 Apr,2083
Other Markets In Oceania,2016 May,1708
Other Markets In Oceania,2016 Jun,1750
Other Markets In Oceania,2016 Jul,1670
Other Markets In Oceania,2016 Aug,1529
Other Markets In Oceania,2016 Sep,1676
Other Markets In Oceania,2016 Oct,1618
Other Markets In Oceania,2016 Nov,1699
Other Markets In Oceania,2016 Dec,2537
Other Markets In Oceania,2017 Jan,2011
Other Markets In Oceania,2017 Feb,1457
Other Markets In Oceania,2017 Mar,1542
Other Markets In Oceania,2017 Apr,2104
Other Markets In Oceania,2017 May,1685
Other Markets In Oceania,2017 Jun,1614
Other Markets In Oceania,2017 Jul,1830
Other Markets In Oceania,2017 Aug,1864
Other Markets In Oceania,2017 Sep,1845
Other Markets In Oceania,2017 Oct,1804
Other Markets In Oceania,2017 Nov,2020
Other Markets In Oceania,2017 Dec,2671
Africa,2016 Jan,6364
Africa,2016 Feb,3591
Africa,2016 Mar,6045
Africa,2016 Apr,6308
Africa,2016 May,4941
Africa,2016 Jun,3932
Africa,2016 Jul,6165
Africa,2016 Aug,6478
Africa,2016 Sep,5308
Africa,2016 Oct,6015
Africa,2016 Nov,6478
Africa,2016 Dec,10784
Africa,2017 Jan,7040
Africa,2017 Feb,4403
Africa,2017 Mar,5566
Africa,2017 Apr,7195
Africa,2017 May,4787
Africa,2017 Jun,4427
Africa,2017 Jul,6948
Africa,2017 Aug,6979
Africa,2017 Sep,5451
Africa,2017 Oct,5627
Africa,2017 Nov,6705
Africa,2017 Dec,11583
Egypt,2016 Jan,387
Egypt,2016 Feb,416
Egypt,2016 Mar,283
Egypt,2016 Apr,410
Egypt,2016 May,424
Egypt,2016 Jun,197
Egypt,2016 Jul,340
Egypt,2016 Aug,462
Egypt,2016 Sep,448
Egypt,2016 Oct,370
Egypt,2016 Nov,350
Egypt,2016 Dec,338
Egypt,2017 Jan,281
Egypt,2017 Feb,312
Egypt,2017 Mar,390
Egypt,2017 Apr,342
Egypt,2017 May,260
Egypt,2017 Jun,191
Egypt,2017 Jul,368
Egypt,2017 Aug,373
Egypt,2017 Sep,339
Egypt,2017 Oct,403
Egypt,2017 Nov,388
Egypt,2017 Dec,382
Mauritius,2016 Jan,841
Mauritius,2016 Feb,425
Mauritius,2016 Mar,892
Mauritius,2016 Apr,1196
Mauritius,2016 May,621
Mauritius,2016 Jun,579
Mauritius,2016 Jul,823
Mauritius,2016 Aug,882
Mauritius,2016 Sep,688
Mauritius,2016 Oct,1013
Mauritius,2016 Nov,2478
Mauritius,2016 Dec,2394
Mauritius,2017 Jan,1142
Mauritius,2017 Feb,908
Mauritius,2017 Mar,864
Mauritius,2017 Apr,1221
Mauritius,2017 May,619
Mauritius,2017 Jun,539
Mauritius,2017 Jul,1205
Mauritius,2017 Aug,998
Mauritius,2017 Sep,639
Mauritius,2017 Oct,765
Mauritius,2017 Nov,2328
Mauritius,2017 Dec,2174
South Africa (Rep Of),2016 Jan,3359
South Africa (Rep Of),2016 Feb,1696
South Africa (Rep Of),2016 Mar,2966
South Africa (Rep Of),2016 Apr,3055
South Africa (Rep Of),2016 May,2202
South Africa (Rep Of),2016 Jun,1832
South Africa (Rep Of),2016 Jul,2806
South Africa (Rep Of),2016 Aug,2282
South Africa (Rep Of),2016 Sep,2430
South Africa (Rep Of),2016 Oct,2809
South Africa (Rep Of),2016 Nov,2092
South Africa (Rep Of),2016 Dec,5305
South Africa (Rep Of),2017 Jan,3724
South Africa (Rep Of),2017 Feb,1687
South Africa (Rep Of),2017 Mar,2759
South Africa (Rep Of),2017 Apr,3789
South Africa (Rep Of),2017 May,2311
South Africa (Rep Of),2017 Jun,1936
South Africa (Rep Of),2017 Jul,2900
South Africa (Rep Of),2017 Aug,2226
South Africa (Rep Of),2017 Sep,2638
South Africa (Rep Of),2017 Oct,2416
South Africa (Rep Of),2017 Nov,2200
South Africa (Rep Of),2017 Dec,6040
Other Markets In Africa,2016 Jan,1777
Other Markets In Africa,2016 Feb,1054
Other Markets In Africa,2016 Mar,1904
Other Markets In Africa,2016 Apr,1647
Other Markets In Africa,2016 May,1694
Other Markets In Africa,2016 Jun,1324
Other Markets In Africa,2016 Jul,2196
Other Markets In Africa,2016 Aug,2852
Other Markets In Africa,2016 Sep,1742
Other Markets In Africa,2016 Oct,1823
Other Markets In Africa,2016 Nov,1558
Other Markets In Africa,2016 Dec,2747
Other Markets In Africa,2017 Jan,1893
Other Markets In Africa,2017 Feb,1496
Other Markets In Africa,2017 Mar,1553
Other Markets In Africa,2017 Apr,1843
Other Markets In Africa,2017 May,1597
Other Markets In Africa,2017 Jun,1761
Other Markets In Africa,2017 Jul,2475
Other Markets In Africa,2017 Aug,3382
Other Markets In Africa,2017 Sep,1835
Other Markets In Africa,2017 Oct,2043
Other Markets In Africa,2017 Nov,1789
Other Markets In Africa,2017 Dec,2987
Others,2016 Jan,1
Others,2016 Feb,0
Others,2016 Mar,2
Others,2016 Apr,1
Others,2016 May,0
Others,2016 Jun,1
Others,2016 Jul,0
Others,2016 Aug,0
Others,2016 Sep,0
Others,2016 Oct,0
Others,2016 Nov,1
Others,2016 Dec,110
Others,2017 Jan,0
Others,2017 Feb,0
Others,2017 Mar,0
Others,2017 Apr,0
Others,2017 May,0
Others,2017 Jun,2
Others,2017 Jul,1
Others,2017 Aug,2
Others,2017 Sep,1
Others,2017 Oct,0
Others,2017 Nov,4
Others,2017 Dec,3
Total International Visitor Arrivals By Place Of Residence,2018 Jan,1563359
Total International Visitor Arrivals By Place Of Residence,2018 Feb,1491970
Total International Visitor Arrivals By Place Of Residence,2018 Mar,1584406
Total International Visitor Arrivals By Place Of Residence,2018 Apr,1544248
Total International Visitor Arrivals By Place Of Residence,2018 May,1470891
Total International Visitor Arrivals By Place Of Residence,2018 Jun,1544679
Total International Visitor Arrivals By Place Of Residence,2018 Jul,1732896
Total International Visitor Arrivals By Place Of Residence,2018 Aug,1683122
Total International Visitor Arrivals By Place Of Residence,2018 Sep,1415149
Total International Visitor Arrivals By Place Of Residence,2018 Oct,1467380
Total International Visitor Arrivals By Place Of Residence,2018 Nov,1406985
Total International Visitor Arrivals By Place Of Residence,2018 Dec,1603217
Total International Visitor Arrivals By Place Of Residence,2019 Jan,1624593
Total International Visitor Arrivals By Place Of Residence,2019 Feb,1499051
Total International Visitor Arrivals By Place Of Residence,2019 Mar,1564664
Total International Visitor Arrivals By Place Of Residence,2019 Apr,1596724
Total International Visitor Arrivals By Place Of Residence,2019 May,1487791
Total International Visitor Arrivals By Place Of Residence,2019 Jun,1551847
Total International Visitor Arrivals By Place Of Residence,2019 Jul,1802593
Total International Visitor Arrivals By Place Of Residence,2019 Aug,1736102
Total International Visitor Arrivals By Place Of Residence,2019 Sep,1463543
Total International Visitor Arrivals By Place Of Residence,2019 Oct,1530479
Total International Visitor Arrivals By Place Of Residence,2019 Nov,1533668
Total International Visitor Arrivals By Place Of Residence,2019 Dec,1724961
Southeast Asia,2018 Jan,495111
Southeast Asia,2018 Feb,451842
Southeast Asia,2018 Mar,553248
Southeast Asia,2018 Apr,556681
Southeast Asia,2018 May,533719
Southeast Asia,2018 Jun,648291
Southeast Asia,2018 Jul,583679
Southeast Asia,2018 Aug,509153
Southeast Asia,2018 Sep,497316
Southeast Asia,2018 Oct,533250
Southeast Asia,2018 Nov,514632
Southeast Asia,2018 Dec,644044
Southeast Asia,2019 Jan,491810
Southeast Asia,2019 Feb,455405
Southeast Asia,2019 Mar,530303
Southeast Asia,2019 Apr,554453
Southeast Asia,2019 May,535242
Southeast Asia,2019 Jun,622117
Southeast Asia,2019 Jul,617788
Southeast Asia,2019 Aug,520958
Southeast Asia,2019 Sep,511664
Southeast Asia,2019 Oct,555996
Southeast Asia,2019 Nov,565680
Southeast Asia,2019 Dec,662907
Brunei Darussalam,2018 Jan,6076
Brunei Darussalam,2018 Feb,5105
Brunei Darussalam,2018 Mar,8171
Brunei Darussalam,2018 Apr,5766
Brunei Darussalam,2018 May,5250
Brunei Darussalam,2018 Jun,5897
Brunei Darussalam,2018 Jul,5769
Brunei Darussalam,2018 Aug,5168
Brunei Darussalam,2018 Sep,6133
Brunei Darussalam,2018 Oct,5017
Brunei Darussalam,2018 Nov,6118
Brunei Darussalam,2018 Dec,10490
Brunei Darussalam,2019 Jan,5953
Brunei Darussalam,2019 Feb,4105
Brunei Darussalam,2019 Mar,7996
Brunei Darussalam,2019 Apr,5159
Brunei Darussalam,2019 May,5370
Brunei Darussalam,2019 Jun,5276
Brunei Darussalam,2019 Jul,5882
Brunei Darussalam,2019 Aug,5156
Brunei Darussalam,2019 Sep,6356
Brunei Darussalam,2019 Oct,4687
Brunei Darussalam,2019 Nov,6366
Brunei Darussalam,2019 Dec,10298
Indonesia,2018 Jan,265384
Indonesia,2018 Feb,221178
Indonesia,2018 Mar,260685
Indonesia,2018 Apr,235260
Indonesia,2018 May,227536
Indonesia,2018 Jun,332990
Indonesia,2018 Jul,263277
Indonesia,2018 Aug,217787
Indonesia,2018 Sep,224629
Indonesia,2018 Oct,225244
Indonesia,2018 Nov,226425
Indonesia,2018 Dec,321060
Indonesia,2019 Jan,261622
Indonesia,2019 Feb,213991
Indonesia,2019 Mar,249164
Indonesia,2019 Apr,240868
Indonesia,2019 May,215825
Indonesia,2019 Jun,311036
Indonesia,2019 Jul,294173
Indonesia,2019 Aug,228095
Indonesia,2019 Sep,237637
Indonesia,2019 Oct,251936
Indonesia,2019 Nov,266774
Indonesia,2019 Dec,339505
Malaysia,2018 Jan,86833
Malaysia,2018 Feb,85212
Malaysia,2018 Mar,109897
Malaysia,2018 Apr,98351
Malaysia,2018 May,91244
Malaysia,2018 Jun,113049
Malaysia,2018 Jul,94611
Malaysia,2018 Aug,103490
Malaysia,2018 Sep,106880
Malaysia,2018 Oct,103676
Malaysia,2018 Nov,117793
Malaysia,2018 Dec,142986
Malaysia,2019 Jan,88293
Malaysia,2019 Feb,88706
Malaysia,2019 Mar,106200
Malaysia,2019 Apr,95076
Malaysia,2019 May,106518
Malaysia,2019 Jun,102074
Malaysia,2019 Jul,93071
Malaysia,2019 Aug,100225
Malaysia,2019 Sep,98438
Malaysia,2019 Oct,97378
Malaysia,2019 Nov,111473
Malaysia,2019 Dec,133278
Myanmar,2018 Jan,9883
Myanmar,2018 Feb,9594
Myanmar,2018 Mar,13797
Myanmar,2018 Apr,16422
Myanmar,2018 May,12274
Myanmar,2018 Jun,12008
Myanmar,2018 Jul,13189
Myanmar,2018 Aug,10759
Myanmar,2018 Sep,10211
Myanmar,2018 Oct,12874
Myanmar,2018 Nov,11846
Myanmar,2018 Dec,12753
Myanmar,2019 Jan,11074
Myanmar,2019 Feb,10522
Myanmar,2019 Mar,13499
Myanmar,2019 Apr,16252
Myanmar,2019 May,13300
Myanmar,2019 Jun,12899
Myanmar,2019 Jul,14805
Myanmar,2019 Aug,11942
Myanmar,2019 Sep,11742
Myanmar,2019 Oct,13824
Myanmar,2019 Nov,12598
Myanmar,2019 Dec,13536
Philippines,2018 Jan,45184
Philippines,2018 Feb,45279
Philippines,2018 Mar,62876
Philippines,2018 Apr,79128
Philippines,2018 May,83657
Philippines,2018 Jun,68932
Philippines,2018 Jul,64757
Philippines,2018 Aug,63556
Philippines,2018 Sep,57241
Philippines,2018 Oct,68218
Philippines,2018 Nov,66526
Philippines,2018 Dec,72787
Philippines,2019 Jan,49245
Philippines,2019 Feb,52211
Philippines,2019 Mar,59383
Philippines,2019 Apr,83453
Philippines,2019 May,89800
Philippines,2019 Jun,73977
Philippines,2019 Jul,68893
Philippines,2019 Aug,66587
Philippines,2019 Sep,62660
Philippines,2019 Oct,73812
Philippines,2019 Nov,72701
Philippines,2019 Dec,76603
Thailand,2018 Jan,38143
Thailand,2018 Feb,34566
Thailand,2018 Mar,47744
Thailand,2018 Apr,61015
Thailand,2018 May,49858
Thailand,2018 Jun,38113
Thailand,2018 Jul,53379
Thailand,2018 Aug,40452
Thailand,2018 Sep,40580
Thailand,2018 Oct,65734
Thailand,2018 Nov,38796
Thailand,2018 Dec,37270
Thailand,2019 Jan,34822
Thailand,2019 Feb,33685
Thailand,2019 Mar,45072
Thailand,2019 Apr,57010
Thailand,2019 May,45735
Thailand,2019 Jun,35558
Thailand,2019 Jul,51916
Thailand,2019 Aug,39919
Thailand,2019 Sep,39776
Thailand,2019 Oct,63335
Thailand,2019 Nov,40986
Thailand,2019 Dec,40733
Vietnam,2018 Jan,35882
Vietnam,2018 Feb,42823
Vietnam,2018 Mar,41109
Vietnam,2018 Apr,48758
Vietnam,2018 May,53025
Vietnam,2018 Jun,69697
Vietnam,2018 Jul,79816
Vietnam,2018 Aug,60051
Vietnam,2018 Sep,43407
Vietnam,2018 Oct,41185
Vietnam,2018 Nov,38089
Vietnam,2018 Dec,37772
Vietnam,2019 Jan,32747
Vietnam,2019 Feb,44283
Vietnam,2019 Mar,41153
Vietnam,2019 Apr,45613
Vietnam,2019 May,49071
Vietnam,2019 Jun,72441
Vietnam,2019 Jul,78515
Vietnam,2019 Aug,59034
Vietnam,2019 Sep,44012
Vietnam,2019 Oct,41501
Vietnam,2019 Nov,45125
Vietnam,2019 Dec,38451
Other Markets In Southeast Asia,2018 Jan,7726
Other Markets In Southeast Asia,2018 Feb,8085
Other Markets In Southeast Asia,2018 Mar,8969
Other Markets In Southeast Asia,2018 Apr,11981
Other Markets In Southeast Asia,2018 May,10875
Other Markets In Southeast Asia,2018 Jun,7605
Other Markets In Southeast Asia,2018 Jul,8881
Other Markets In Southeast Asia,2018 Aug,7890
Other Markets In Southeast Asia,2018 Sep,8235
Other Markets In Southeast Asia,2018 Oct,11302
Other Markets In Southeast Asia,2018 Nov,9039
Other Markets In Southeast Asia,2018 Dec,8926
Other Markets In Southeast Asia,2019 Jan,8054
Other Markets In Southeast Asia,2019 Feb,7902
Other Markets In Southeast Asia,2019 Mar,7836
Other Markets In Southeast Asia,2019 Apr,11022
Other Markets In Southeast Asia,2019 May,9623
Other Markets In Southeast Asia,2019 Jun,8856
Other Markets In Southeast Asia,2019 Jul,10533
Other Markets In Southeast Asia,2019 Aug,10000
Other Markets In Southeast Asia,2019 Sep,11043
Other Markets In Southeast Asia,2019 Oct,9523
Other Markets In Southeast Asia,2019 Nov,9657
Other Markets In Southeast Asia,2019 Dec,10503
Greater China,2018 Jan,358429
Greater China,2018 Feb,452920
Greater China,2018 Mar,349144
Greater China,2018 Apr,370121
Greater China,2018 May,330962
Greater China,2018 Jun,316668
Greater China,2018 Jul,470287
Greater China,2018 Aug,487260
Greater China,2018 Sep,309748
Greater China,2018 Oct,314537
Greater China,2018 Nov,280164
Greater China,2018 Dec,302561
Greater China,2019 Jan,393850
Greater China,2019 Feb,423941
Greater China,2019 Mar,365215
Greater China,2019 Apr,389376
Greater China,2019 May,349842
Greater China,2019 Jun,338988
Greater China,2019 Jul,498897
Greater China,2019 Aug,499809
Greater China,2019 Sep,318888
Greater China,2019 Oct,331072
Greater China,2019 Nov,319671
Greater China,2019 Dec,342199
China,2018 Jan,291208
China,2018 Feb,366616
China,2018 Mar,274879
China,2018 Apr,291119
China,2018 May,264802
China,2018 Jun,242118
China,2018 Jul,361019
China,2018 Aug,380108
China,2018 Sep,239824
China,2018 Oct,247664
China,2018 Nov,220053
China,2018 Dec,238194
China,2019 Jan,320581
China,2019 Feb,339550
China,2019 Mar,300209
China,2019 Apr,302098
China,2019 May,283445
China,2019 Jun,266107
China,2019 Jul,389503
China,2019 Aug,397070
China,2019 Sep,248568
China,2019 Oct,258611
China,2019 Nov,248636
China,2019 Dec,272742
Hong Kong SAR,2018 Jan,29758
Hong Kong SAR,2018 Feb,36433
Hong Kong SAR,2018 Mar,41979
Hong Kong SAR,2018 Apr,41414
Hong Kong SAR,2018 May,36379
Hong Kong SAR,2018 Jun,38115
Hong Kong SAR,2018 Jul,52507
Hong Kong SAR,2018 Aug,56484
Hong Kong SAR,2018 Sep,35588
Hong Kong SAR,2018 Oct,34865
Hong Kong SAR,2018 Nov,32620
Hong Kong SAR,2018 Dec,36982
Hong Kong SAR,2019 Jan,30056
Hong Kong SAR,2019 Feb,38921
Hong Kong SAR,2019 Mar,34355
Hong Kong SAR,2019 Apr,52206
Hong Kong SAR,2019 May,36429
Hong Kong SAR,2019 Jun,36226
Hong Kong SAR,2019 Jul,50820
Hong Kong SAR,2019 Aug,52768
Hong Kong SAR,2019 Sep,35351
Hong Kong SAR,2019 Oct,36073
Hong Kong SAR,2019 Nov,40383
Hong Kong SAR,2019 Dec,44954
Taiwan,2018 Jan,34907
Taiwan,2018 Feb,47769
Taiwan,2018 Mar,30448
Taiwan,2018 Apr,35913
Taiwan,2018 May,28056
Taiwan,2018 Jun,34122
Taiwan,2018 Jul,52987
Taiwan,2018 Aug,46429
Taiwan,2018 Sep,32317
Taiwan,2018 Oct,30334
Taiwan,2018 Nov,25608
Taiwan,2018 Dec,24048
Taiwan,2019 Jan,40086
Taiwan,2019 Feb,42977
Taiwan,2019 Mar,29032
Taiwan,2019 Apr,32924
Taiwan,2019 May,28308
Taiwan,2019 Jun,34189
Taiwan,2019 Jul,55340
Taiwan,2019 Aug,45776
Taiwan,2019 Sep,33138
Taiwan,2019 Oct,34588
Taiwan,2019 Nov,28548
Taiwan,2019 Dec,20723
Other Markets In Greater China,2018 Jan,2556
Other Markets In Greater China,2018 Feb,2102
Other Markets In Greater China,2018 Mar,1838
Other Markets In Greater China,2018 Apr,1675
Other Markets In Greater China,2018 May,1725
Other Markets In Greater China,2018 Jun,2313
Other Markets In Greater China,2018 Jul,3774
Other Markets In Greater China,2018 Aug,4239
Other Markets In Greater China,2018 Sep,2019
Other Markets In Greater China,2018 Oct,1674
Other Markets In Greater China,2018 Nov,1883
Other Markets In Greater China,2018 Dec,3337
Other Markets In Greater China,2019 Jan,3127
Other Markets In Greater China,2019 Feb,2493
Other Markets In Greater China,2019 Mar,1619
Other Markets In Greater China,2019 Apr,2148
Other Markets In Greater China,2019 May,1660
Other Markets In Greater China,2019 Jun,2466
Other Markets In Greater China,2019 Jul,3234
Other Markets In Greater China,2019 Aug,4195
Other Markets In Greater China,2019 Sep,1831
Other Markets In Greater China,2019 Oct,1800
Other Markets In Greater China,2019 Nov,2104
Other Markets In Greater China,2019 Dec,3780
North Asia,2018 Jan,139610
North Asia,2018 Feb,121367
North Asia,2018 Mar,132206
North Asia,2018 Apr,94826
North Asia,2018 May,100225
North Asia,2018 Jun,98947
North Asia,2018 Jul,125988
North Asia,2018 Aug,163269
North Asia,2018 Sep,124766
North Asia,2018 Oct,127966
North Asia,2018 Nov,124453
North Asia,2018 Dec,105988
North Asia,2019 Jan,139127
North Asia,2019 Feb,132146
North Asia,2019 Mar,131235
North Asia,2019 Apr,104688
North Asia,2019 May,102715
North Asia,2019 Jun,102441
North Asia,2019 Jul,130551
North Asia,2019 Aug,173762
North Asia,2019 Sep,132515
North Asia,2019 Oct,136707
North Asia,2019 Nov,125534
North Asia,2019 Dec,118932
Japan,2018 Jan,64087
Japan,2018 Feb,68191
Japan,2018 Mar,83064
Japan,2018 Apr,50253
Japan,2018 May,53474
Japan,2018 Jun,53413
Japan,2018 Jul,68146
Japan,2018 Aug,100491
Japan,2018 Sep,77013
Japan,2018 Oct,74019
Japan,2018 Nov,73787
Japan,2018 Dec,63738
Japan,2019 Jan,66402
Japan,2019 Feb,69885
Japan,2019 Mar,84048
Japan,2019 Apr,65212
Japan,2019 May,59138
Japan,2019 Jun,56709
Japan,2019 Jul,71410
Japan,2019 Aug,108104
Japan,2019 Sep,80823
Japan,2019 Oct,80106
Japan,2019 Nov,72765
Japan,2019 Dec,69706
South Korea,2018 Jan,75502
South Korea,2018 Feb,53161
South Korea,2018 Mar,49127
South Korea,2018 Apr,44550
South Korea,2018 May,46720
South Korea,2018 Jun,45325
South Korea,2018 Jul,57823
South Korea,2018 Aug,62729
South Korea,2018 Sep,47734
South Korea,2018 Oct,53926
South Korea,2018 Nov,50634
South Korea,2018 Dec,42223
South Korea,2019 Jan,72704
South Korea,2019 Feb,62241
South Korea,2019 Mar,47168
South Korea,2019 Apr,39464
South Korea,2019 May,43561
South Korea,2019 Jun,45706
South Korea,2019 Jul,59119
South Korea,2019 Aug,65643
South Korea,2019 Sep,51660
South Korea,2019 Oct,56598
South Korea,2019 Nov,52765
South Korea,2019 Dec,49219
Other Markets In North Asia,2018 Jan,21
Other Markets In North Asia,2018 Feb,15
Other Markets In North Asia,2018 Mar,15
Other Markets In North Asia,2018 Apr,23
Other Markets In North Asia,2018 May,31
Other Markets In North Asia,2018 Jun,209
Other Markets In North Asia,2018 Jul,19
Other Markets In North Asia,2018 Aug,49
Other Markets In North Asia,2018 Sep,19
Other Markets In North Asia,2018 Oct,21
Other Markets In North Asia,2018 Nov,32
Other Markets In North Asia,2018 Dec,27
Other Markets In North Asia,2019 Jan,21
Other Markets In North Asia,2019 Feb,20
Other Markets In North Asia,2019 Mar,19
Other Markets In North Asia,2019 Apr,12
Other Markets In North Asia,2019 May,16
Other Markets In North Asia,2019 Jun,26
Other Markets In North Asia,2019 Jul,22
Other Markets In North Asia,2019 Aug,15
Other Markets In North Asia,2019 Sep,32
Other Markets In North Asia,2019 Oct,3
Other Markets In North Asia,2019 Nov,4
Other Markets In North Asia,2019 Dec,7
South Asia,2018 Jan,133622
South Asia,2018 Feb,102173
South Asia,2018 Mar,130137
South Asia,2018 Apr,152229
South Asia,2018 May,218406
South Asia,2018 Jun,179143
South Asia,2018 Jul,145372
South Asia,2018 Aug,130017
South Asia,2018 Sep,126605
South Asia,2018 Oct,140584
South Asia,2018 Nov,142818
South Asia,2018 Dec,144231
South Asia,2019 Jan,126665
South Asia,2019 Feb,108449
South Asia,2019 Mar,128593
South Asia,2019 Apr,145854
South Asia,2019 May,202168
South Asia,2019 Jun,170742
South Asia,2019 Jul,138129
South Asia,2019 Aug,135500
South Asia,2019 Sep,129203
South Asia,2019 Oct,142972
South Asia,2019 Nov,139058
South Asia,2019 Dec,146360
Bangladesh,2018 Jan,11716
Bangladesh,2018 Feb,9397
Bangladesh,2018 Mar,11243
Bangladesh,2018 Apr,10084
Bangladesh,2018 May,9341
Bangladesh,2018 Jun,11161
Bangladesh,2018 Jul,10784
Bangladesh,2018 Aug,11010
Bangladesh,2018 Sep,10074
Bangladesh,2018 Oct,11206
Bangladesh,2018 Nov,9001
Bangladesh,2018 Dec,11297
Bangladesh,2019 Jan,9960
Bangladesh,2019 Feb,9321
Bangladesh,2019 Mar,10894
Bangladesh,2019 Apr,11091
Bangladesh,2019 May,9595
Bangladesh,2019 Jun,13393
Bangladesh,2019 Jul,12564
Bangladesh,2019 Aug,11808
Bangladesh,2019 Sep,10698
Bangladesh,2019 Oct,12810
Bangladesh,2019 Nov,11040
Bangladesh,2019 Dec,13812
India,2018 Jan,108067
India,2018 Feb,81797
India,2018 Mar,105560
India,2018 Apr,122229
India,2018 May,196072
India,2018 Jun,154945
India,2018 Jul,117798
India,2018 Aug,100744
India,2018 Sep,102251
India,2018 Oct,114000
India,2018 Nov,121319
India,2018 Dec,117495
India,2019 Jan,104562
India,2019 Feb,88926
India,2019 Mar,106506
India,2019 Apr,120225
India,2019 May,182727
India,2019 Jun,144118
India,2019 Jul,112026
India,2019 Aug,108736
India,2019 Sep,105075
India,2019 Oct,116182
India,2019 Nov,113717
India,2019 Dec,115193
Pakistan,2018 Jan,2071
Pakistan,2018 Feb,1302
Pakistan,2018 Mar,2382
Pakistan,2018 Apr,1893
Pakistan,2018 May,1492
Pakistan,2018 Jun,2550
Pakistan,2018 Jul,3833
Pakistan,2018 Aug,2519
Pakistan,2018 Sep,1808
Pakistan,2018 Oct,1643
Pakistan,2018 Nov,1464
Pakistan,2018 Dec,2373
Pakistan,2019 Jan,1959
Pakistan,2019 Feb,1327
Pakistan,2019 Mar,1419
Pakistan,2019 Apr,1293
Pakistan,2019 May,856
Pakistan,2019 Jun,2698
Pakistan,2019 Jul,2581
Pakistan,2019 Aug,1547
Pakistan,2019 Sep,1474
Pakistan,2019 Oct,1370
Pakistan,2019 Nov,1474
Pakistan,2019 Dec,1976
Sri Lanka,2018 Jan,8059
Sri Lanka,2018 Feb,7316
Sri Lanka,2018 Mar,8101
Sri Lanka,2018 Apr,15128
Sri Lanka,2018 May,8880
Sri Lanka,2018 Jun,7904
Sri Lanka,2018 Jul,10183
Sri Lanka,2018 Aug,12264
Sri Lanka,2018 Sep,9442
Sri Lanka,2018 Oct,9312
Sri Lanka,2018 Nov,8097
Sri Lanka,2018 Dec,9116
Sri Lanka,2019 Jan,6367
Sri Lanka,2019 Feb,6277
Sri Lanka,2019 Mar,7044
Sri Lanka,2019 Apr,10438
Sri Lanka,2019 May,6772
Sri Lanka,2019 Jun,7221
Sri Lanka,2019 Jul,7768
Sri Lanka,2019 Aug,9693
Sri Lanka,2019 Sep,8314
Sri Lanka,2019 Oct,8108
Sri Lanka,2019 Nov,9755
Sri Lanka,2019 Dec,10983
Other Markets In South Asia,2018 Jan,3709
Other Markets In South Asia,2018 Feb,2361
Other Markets In South Asia,2018 Mar,2851
Other Markets In South Asia,2018 Apr,2895
Other Markets In South Asia,2018 May,2621
Other Markets In South Asia,2018 Jun,2583
Other Markets In South Asia,2018 Jul,2774
Other Markets In South Asia,2018 Aug,3480
Other Markets In South Asia,2018 Sep,3030
Other Markets In South Asia,2018 Oct,4423
Other Markets In South Asia,2018 Nov,2937
Other Markets In South Asia,2018 Dec,3950
Other Markets In South Asia,2019 Jan,3817
Other Markets In South Asia,2019 Feb,2598
Other Markets In South Asia,2019 Mar,2730
Other Markets In South Asia,2019 Apr,2807
Other Markets In South Asia,2019 May,2218
Other Markets In South Asia,2019 Jun,3312
Other Markets In South Asia,2019 Jul,3190
Other Markets In South Asia,2019 Aug,3716
Other Markets In South Asia,2019 Sep,3642
Other Markets In South Asia,2019 Oct,4502
Other Markets In South Asia,2019 Nov,3072
Other Markets In South Asia,2019 Dec,4396
West Asia,2018 Jan,13833
West Asia,2018 Feb,11038
West Asia,2018 Mar,20025
West Asia,2018 Apr,12030
West Asia,2018 May,8787
West Asia,2018 Jun,11585
West Asia,2018 Jul,19564
West Asia,2018 Aug,21407
West Asia,2018 Sep,11098
West Asia,2018 Oct,10437
West Asia,2018 Nov,10396
West Asia,2018 Dec,13458
West Asia,2019 Jan,11527
West Asia,2019 Feb,9935
West Asia,2019 Mar,15025
West Asia,2019 Apr,14102
West Asia,2019 May,8729
West Asia,2019 Jun,14877
West Asia,2019 Jul,20611
West Asia,2019 Aug,22847
West Asia,2019 Sep,11778
West Asia,2019 Oct,12276
West Asia,2019 Nov,12438
West Asia,2019 Dec,14757
Iran,2018 Jan,1673
Iran,2018 Feb,1777
Iran,2018 Mar,4963
Iran,2018 Apr,937
Iran,2018 May,551
Iran,2018 Jun,822
Iran,2018 Jul,923
Iran,2018 Aug,874
Iran,2018 Sep,551
Iran,2018 Oct,233
Iran,2018 Nov,342
Iran,2018 Dec,292
Iran,2019 Jan,420
Iran,2019 Feb,446
Iran,2019 Mar,1864
Iran,2019 Apr,323
Iran,2019 May,212
Iran,2019 Jun,388
Iran,2019 Jul,413
Iran,2019 Aug,798
Iran,2019 Sep,1083
Iran,2019 Oct,738
Iran,2019 Nov,698
Iran,2019 Dec,581
Israel,2018 Jan,2118
Israel,2018 Feb,2138
Israel,2018 Mar,2115
Israel,2018 Apr,1775
Israel,2018 May,1288
Israel,2018 Jun,1426
Israel,2018 Jul,1756
Israel,2018 Aug,1931
Israel,2018 Sep,2379
Israel,2018 Oct,2073
Israel,2018 Nov,1704
Israel,2018 Dec,1682
Israel,2019 Jan,2374
Israel,2019 Feb,1896
Israel,2019 Mar,1945
Israel,2019 Apr,2071
Israel,2019 May,1523
Israel,2019 Jun,1502
Israel,2019 Jul,1866
Israel,2019 Aug,1937
Israel,2019 Sep,2160
Israel,2019 Oct,2982
Israel,2019 Nov,2009
Israel,2019 Dec,2032
Kuwait,2018 Jan,1173
Kuwait,2018 Feb,566
Kuwait,2018 Mar,624
Kuwait,2018 Apr,511
Kuwait,2018 May,280
Kuwait,2018 Jun,751
Kuwait,2018 Jul,1634
Kuwait,2018 Aug,2347
Kuwait,2018 Sep,385
Kuwait,2018 Oct,370
Kuwait,2018 Nov,375
Kuwait,2018 Dec,778
Kuwait,2019 Jan,1174
Kuwait,2019 Feb,662
Kuwait,2019 Mar,522
Kuwait,2019 Apr,514
Kuwait,2019 May,130
Kuwait,2019 Jun,932
Kuwait,2019 Jul,1663
Kuwait,2019 Aug,2110
Kuwait,2019 Sep,382
Kuwait,2019 Oct,357
Kuwait,2019 Nov,450
Kuwait,2019 Dec,729
Saudi Arabia,2018 Jan,1276
Saudi Arabia,2018 Feb,523
Saudi Arabia,2018 Mar,903
Saudi Arabia,2018 Apr,625
Saudi Arabia,2018 May,452
Saudi Arabia,2018 Jun,1183
Saudi Arabia,2018 Jul,1708
Saudi Arabia,2018 Aug,1677
Saudi Arabia,2018 Sep,807
Saudi Arabia,2018 Oct,703
Saudi Arabia,2018 Nov,768
Saudi Arabia,2018 Dec,1304
Saudi Arabia,2019 Jan,963
Saudi Arabia,2019 Feb,765
Saudi Arabia,2019 Mar,952
Saudi Arabia,2019 Apr,1019
Saudi Arabia,2019 May,378
Saudi Arabia,2019 Jun,2204
Saudi Arabia,2019 Jul,2489
Saudi Arabia,2019 Aug,2490
Saudi Arabia,2019 Sep,959
Saudi Arabia,2019 Oct,909
Saudi Arabia,2019 Nov,999
Saudi Arabia,2019 Dec,1344
United Arab Emirates,2018 Jan,4689
United Arab Emirates,2018 Feb,4311
United Arab Emirates,2018 Mar,8694
United Arab Emirates,2018 Apr,6215
United Arab Emirates,2018 May,4811
United Arab Emirates,2018 Jun,4969
United Arab Emirates,2018 Jul,9444
United Arab Emirates,2018 Aug,10476
United Arab Emirates,2018 Sep,5174
United Arab Emirates,2018 Oct,5129
United Arab Emirates,2018 Nov,5652
United Arab Emirates,2018 Dec,6704
United Arab Emirates,2019 Jan,4805
United Arab Emirates,2019 Feb,4409
United Arab Emirates,2019 Mar,7546
United Arab Emirates,2019 Apr,7716
United Arab Emirates,2019 May,5297
United Arab Emirates,2019 Jun,6917
United Arab Emirates,2019 Jul,9561
United Arab Emirates,2019 Aug,11049
United Arab Emirates,2019 Sep,5312
United Arab Emirates,2019 Oct,5338
United Arab Emirates,2019 Nov,6406
United Arab Emirates,2019 Dec,7174
Other Markets In West Asia,2018 Jan,2904
Other Markets In West Asia,2018 Feb,1723
Other Markets In West Asia,2018 Mar,2726
Other Markets In West Asia,2018 Apr,1967
Other Markets In West Asia,2018 May,1405
Other Markets In West Asia,2018 Jun,2434
Other Markets In West Asia,2018 Jul,4099
Other Markets In West Asia,2018 Aug,4102
Other Markets In West Asia,2018 Sep,1802
Other Markets In West Asia,2018 Oct,1929
Other Markets In West Asia,2018 Nov,1555
Other Markets In West Asia,2018 Dec,2698
Other Markets In West Asia,2019 Jan,1791
Other Markets In West Asia,2019 Feb,1757
Other Markets In West Asia,2019 Mar,2196
Other Markets In West Asia,2019 Apr,2459
Other Markets In West Asia,2019 May,1189
Other Markets In West Asia,2019 Jun,2934
Other Markets In West Asia,2019 Jul,4619
Other Markets In West Asia,2019 Aug,4463
Other Markets In West Asia,2019 Sep,1882
Other Markets In West Asia,2019 Oct,1952
Other Markets In West Asia,2019 Nov,1876
Other Markets In West Asia,2019 Dec,2897
Americas,2018 Jan,81781
Americas,2018 Feb,76079
Americas,2018 Mar,85412
Americas,2018 Apr,69578
Americas,2018 May,62094
Americas,2018 Jun,70116
Americas,2018 Jul,76827
Americas,2018 Aug,60752
Americas,2018 Sep,56056
Americas,2018 Oct,62266
Americas,2018 Nov,75548
Americas,2018 Dec,85208
Americas,2019 Jan,92393
Americas,2019 Feb,77043
Americas,2019 Mar,91115
Americas,2019 Apr,75440
Americas,2019 May,69238
Americas,2019 Jun,81305
Americas,2019 Jul,88663
Americas,2019 Aug,71328
Americas,2019 Sep,64342
Americas,2019 Oct,68654
Americas,2019 Nov,82972
Americas,2019 Dec,100218
Canada,2018 Jan,13482
Canada,2018 Feb,13438
Canada,2018 Mar,14317
Canada,2018 Apr,10655
Canada,2018 May,9354
Canada,2018 Jun,6964
Canada,2018 Jul,9182
Canada,2018 Aug,9887
Canada,2018 Sep,7669
Canada,2018 Oct,8923
Canada,2018 Nov,12031
Canada,2018 Dec,13614
Canada,2019 Jan,14958
Canada,2019 Feb,13833
Canada,2019 Mar,15968
Canada,2019 Apr,11429
Canada,2019 May,11015
Canada,2019 Jun,7436
Canada,2019 Jul,10260
Canada,2019 Aug,11130
Canada,2019 Sep,7996
Canada,2019 Oct,8869
Canada,2019 Nov,11355
Canada,2019 Dec,14314
USA,2018 Jan,57991
USA,2018 Feb,54240
USA,2018 Mar,61354
USA,2018 Apr,50463
USA,2018 May,45553
USA,2018 Jun,57674
USA,2018 Jul,60786
USA,2018 Aug,46269
USA,2018 Sep,42379
USA,2018 Oct,46260
USA,2018 Nov,56184
USA,2018 Dec,64115
USA,2019 Jan,67151
USA,2019 Feb,56240
USA,2019 Mar,65415
USA,2019 Apr,54189
USA,2019 May,51455
USA,2019 Jun,67088
USA,2019 Jul,71343
USA,2019 Aug,54865
USA,2019 Sep,49493
USA,2019 Oct,52674
USA,2019 Nov,63363
USA,2019 Dec,76133
Other Markets In Americas,2018 Jan,10308
Other Markets In Americas,2018 Feb,8401
Other Markets In Americas,2018 Mar,9741
Other Markets In Americas,2018 Apr,8460
Other Markets In Americas,2018 May,7187
Other Markets In Americas,2018 Jun,5478
Other Markets In Americas,2018 Jul,6859
Other Markets In Americas,2018 Aug,4596
Other Markets In Americas,2018 Sep,6008
Other Markets In Americas,2018 Oct,7083
Other Markets In Americas,2018 Nov,7333
Other Markets In Americas,2018 Dec,7479
Other Markets In Americas,2019 Jan,10284
Other Markets In Americas,2019 Feb,6970
Other Markets In Americas,2019 Mar,9732
Other Markets In Americas,2019 Apr,9822
Other Markets In Americas,2019 May,6768
Other Markets In Americas,2019 Jun,6781
Other Markets In Americas,2019 Jul,7060
Other Markets In Americas,2019 Aug,5333
Other Markets In Americas,2019 Sep,6853
Other Markets In Americas,2019 Oct,7111
Other Markets In Americas,2019 Nov,8254
Other Markets In Americas,2019 Dec,9771
Europe,2018 Jan,204876
Europe,2018 Feb,200960
Europe,2018 Mar,210751
Europe,2018 Apr,168796
Europe,2018 May,121103
Europe,2018 Jun,108999
Europe,2018 Jul,176230
Europe,2018 Aug,206031
Europe,2018 Sep,159993
Europe,2018 Oct,162926
Europe,2018 Nov,167566
Europe,2018 Dec,175053
Europe,2019 Jan,224478
Europe,2019 Feb,213198
Europe,2019 Mar,213342
Europe,2019 Apr,181375
Europe,2019 May,119900
Europe,2019 Jun,110587
Europe,2019 Jul,173060
Europe,2019 Aug,203813
Europe,2019 Sep,159864
Europe,2019 Oct,164050
Europe,2019 Nov,179959
Europe,2019 Dec,189183
Belgium & Luxembourg,2018 Jan,2482
Belgium & Luxembourg,2018 Feb,2591
Belgium & Luxembourg,2018 Mar,3029
Belgium & Luxembourg,2018 Apr,2938
Belgium & Luxembourg,2018 May,1874
Belgium & Luxembourg,2018 Jun,1845
Belgium & Luxembourg,2018 Jul,4902
Belgium & Luxembourg,2018 Aug,4142
Belgium & Luxembourg,2018 Sep,2586
Belgium & Luxembourg,2018 Oct,2670
Belgium & Luxembourg,2018 Nov,2727
Belgium & Luxembourg,2018 Dec,2481
Belgium & Luxembourg,2019 Jan,2632
Belgium & Luxembourg,2019 Feb,2489
Belgium & Luxembourg,2019 Mar,2800
Belgium & Luxembourg,2019 Apr,3530
Belgium & Luxembourg,2019 May,1967
Belgium & Luxembourg,2019 Jun,1860
Belgium & Luxembourg,2019 Jul,4483
Belgium & Luxembourg,2019 Aug,4092
Belgium & Luxembourg,2019 Sep,2677
Belgium & Luxembourg,2019 Oct,2576
Belgium & Luxembourg,2019 Nov,2820
Belgium & Luxembourg,2019 Dec,2536
Denmark,2018 Jan,3903
Denmark,2018 Feb,4597
Denmark,2018 Mar,4091
Denmark,2018 Apr,2734
Denmark,2018 May,1996
Denmark,2018 Jun,1868
Denmark,2018 Jul,4796
Denmark,2018 Aug,2525
Denmark,2018 Sep,2519
Denmark,2018 Oct,3097
Denmark,2018 Nov,2631
Denmark,2018 Dec,2660
Denmark,2019 Jan,3542
Denmark,2019 Feb,4049
Denmark,2019 Mar,3562
Denmark,2019 Apr,3286
Denmark,2019 May,1850
Denmark,2019 Jun,1881
Denmark,2019 Jul,5408
Denmark,2019 Aug,2781
Denmark,2019 Sep,2878
Denmark,2019 Oct,3168
Denmark,2019 Nov,2800
Denmark,2019 Dec,2844
Finland,2018 Jan,4558
Finland,2018 Feb,4780
Finland,2018 Mar,3963
Finland,2018 Apr,2203
Finland,2018 May,1379
Finland,2018 Jun,1876
Finland,2018 Jul,1835
Finland,2018 Aug,1156
Finland,2018 Sep,2021
Finland,2018 Oct,2867
Finland,2018 Nov,2585
Finland,2018 Dec,3357
Finland,2019 Jan,3642
Finland,2019 Feb,4220
Finland,2019 Mar,3106
Finland,2019 Apr,2148
Finland,2019 May,1483
Finland,2019 Jun,1867
Finland,2019 Jul,1992
Finland,2019 Aug,1226
Finland,2019 Sep,2210
Finland,2019 Oct,2843
Finland,2019 Nov,2775
Finland,2019 Dec,3263
France,2018 Jan,15788
France,2018 Feb,18539
France,2018 Mar,17579
France,2018 Apr,18647
France,2018 May,15071
France,2018 Jun,10706
France,2018 Jul,21991
France,2018 Aug,28097
France,2018 Sep,13550
France,2018 Oct,15717
France,2018 Nov,16162
France,2018 Dec,12922
France,2019 Jan,18052
France,2019 Feb,19884
France,2019 Mar,19099
France,2019 Apr,17974
France,2019 May,14413
France,2019 Jun,11822
France,2019 Jul,21953
France,2019 Aug,28953
France,2019 Sep,15137
France,2019 Oct,16369
France,2019 Nov,15407
France,2019 Dec,13745
Germany,2018 Jan,38733
Germany,2018 Feb,36701
Germany,2018 Mar,36973
Germany,2018 Apr,26640
Germany,2018 May,20136
Germany,2018 Jun,17397
Germany,2018 Jul,25215
Germany,2018 Aug,29525
Germany,2018 Sep,28000
Germany,2018 Oct,28808
Germany,2018 Nov,29465
Germany,2018 Dec,39214
Germany,2019 Jan,46784
Germany,2019 Feb,41522
Germany,2019 Mar,44963
Germany,2019 Apr,33428
Germany,2019 May,18753
Germany,2019 Jun,17574
Germany,2019 Jul,23843
Germany,2019 Aug,27209
Germany,2019 Sep,26979
Germany,2019 Oct,28485
Germany,2019 Nov,37191
Germany,2019 Dec,34026
Italy,2018 Jan,9760
Italy,2018 Feb,8919
Italy,2018 Mar,7967
Italy,2018 Apr,6599
Italy,2018 May,5299
Italy,2018 Jun,4997
Italy,2018 Jul,7779
Italy,2018 Aug,22950
Italy,2018 Sep,7349
Italy,2018 Oct,5777
Italy,2018 Nov,5973
Italy,2018 Dec,8637
Italy,2019 Jan,10910
Italy,2019 Feb,10085
Italy,2019 Mar,7201
Italy,2019 Apr,6381
Italy,2019 May,4775
Italy,2019 Jun,4404
Italy,2019 Jul,7418
Italy,2019 Aug,21699
Italy,2019 Sep,6993
Italy,2019 Oct,5655
Italy,2019 Nov,6074
Italy,2019 Dec,11129
Netherlands,2018 Jan,7680
Netherlands,2018 Feb,7699
Netherlands,2018 Mar,7772
Netherlands,2018 Apr,7996
Netherlands,2018 May,6932
Netherlands,2018 Jun,5647
Netherlands,2018 Jul,11596
Netherlands,2018 Aug,12488
Netherlands,2018 Sep,7998
Netherlands,2018 Oct,7839
Netherlands,2018 Nov,7686
Netherlands,2018 Dec,6999
Netherlands,2019 Jan,8212
Netherlands,2019 Feb,7435
Netherlands,2019 Mar,8288
Netherlands,2019 Apr,7791
Netherlands,2019 May,6589
Netherlands,2019 Jun,5341
Netherlands,2019 Jul,11757
Netherlands,2019 Aug,12792
Netherlands,2019 Sep,8423
Netherlands,2019 Oct,7566
Netherlands,2019 Nov,8111
Netherlands,2019 Dec,7148
Norway,2018 Jan,3204
Norway,2018 Feb,3517
Norway,2018 Mar,3883
Norway,2018 Apr,2449
Norway,2018 May,1483
Norway,2018 Jun,2464
Norway,2018 Jul,4842
Norway,2018 Aug,2206
Norway,2018 Sep,2124
Norway,2018 Oct,2608
Norway,2018 Nov,2611
Norway,2018 Dec,2570
Norway,2019 Jan,2902
Norway,2019 Feb,3441
Norway,2019 Mar,2811
Norway,2019 Apr,3405
Norway,2019 May,1791
Norway,2019 Jun,2319
Norway,2019 Jul,5103
Norway,2019 Aug,2106
Norway,2019 Sep,1975
Norway,2019 Oct,2633
Norway,2019 Nov,2584
Norway,2019 Dec,2860
Rep Of Ireland,2018 Jan,1980
Rep Of Ireland,2018 Feb,1737
Rep Of Ireland,2018 Mar,2232
Rep Of Ireland,2018 Apr,1841
Rep Of Ireland,2018 May,1514
Rep Of Ireland,2018 Jun,1741
Rep Of Ireland,2018 Jul,2515
Rep Of Ireland,2018 Aug,2069
Rep Of Ireland,2018 Sep,1762
Rep Of Ireland,2018 Oct,1842
Rep Of Ireland,2018 Nov,1862
Rep Of Ireland,2018 Dec,1582
Rep Of Ireland,2019 Jan,1999
Rep Of Ireland,2019 Feb,1737
Rep Of Ireland,2019 Mar,2115
Rep Of Ireland,2019 Apr,2026
Rep Of Ireland,2019 May,1623
Rep Of Ireland,2019 Jun,2108
Rep Of Ireland,2019 Jul,2722
Rep Of Ireland,2019 Aug,2093
Rep Of Ireland,2019 Sep,1945
Rep Of Ireland,2019 Oct,2117
Rep Of Ireland,2019 Nov,2201
Rep Of Ireland,2019 Dec,2006
Russian Federation,2018 Jan,15838
Russian Federation,2018 Feb,8901
Russian Federation,2018 Mar,9516
Russian Federation,2018 Apr,7017
Russian Federation,2018 May,5265
Russian Federation,2018 Jun,3960
Russian Federation,2018 Jul,4158
Russian Federation,2018 Aug,5014
Russian Federation,2018 Sep,4456
Russian Federation,2018 Oct,5274
Russian Federation,2018 Nov,7139
Russian Federation,2018 Dec,7989
Russian Federation,2019 Jan,12763
Russian Federation,2019 Feb,8145
Russian Federation,2019 Mar,8585
Russian Federation,2019 Apr,6112
Russian Federation,2019 May,5276
Russian Federation,2019 Jun,3535
Russian Federation,2019 Jul,4030
Russian Federation,2019 Aug,4059
Russian Federation,2019 Sep,4385
Russian Federation,2019 Oct,5569
Russian Federation,2019 Nov,8171
Russian Federation,2019 Dec,9629
Spain,2018 Jan,4664
Spain,2018 Feb,4399
Spain,2018 Mar,5684
Spain,2018 Apr,4483
Spain,2018 May,3770
Spain,2018 Jun,3811
Spain,2018 Jul,7079
Spain,2018 Aug,11978
Spain,2018 Sep,6652
Spain,2018 Oct,5138
Spain,2018 Nov,5173
Spain,2018 Dec,4053
Spain,2019 Jan,4212
Spain,2019 Feb,4065
Spain,2019 Mar,4274
Spain,2019 Apr,4865
Spain,2019 May,3374
Spain,2019 Jun,3746
Spain,2019 Jul,6997
Spain,2019 Aug,12701
Spain,2019 Sep,6479
Spain,2019 Oct,4798
Spain,2019 Nov,4946
Spain,2019 Dec,4942
Sweden,2018 Jan,7574
Sweden,2018 Feb,6765
Sweden,2018 Mar,6403
Sweden,2018 Apr,3620
Sweden,2018 May,2143
Sweden,2018 Jun,2677
Sweden,2018 Jul,4279
Sweden,2018 Aug,2708
Sweden,2018 Sep,2306
Sweden,2018 Oct,4051
Sweden,2018 Nov,4308
Sweden,2018 Dec,6588
Sweden,2019 Jan,7721
Sweden,2019 Feb,5707
Sweden,2019 Mar,4849
Sweden,2019 Apr,3920
Sweden,2019 May,2402
Sweden,2019 Jun,2612
Sweden,2019 Jul,4199
Sweden,2019 Aug,2454
Sweden,2019 Sep,2307
Sweden,2019 Oct,3677
Sweden,2019 Nov,3908
Sweden,2019 Dec,6391
Switzerland,2018 Jan,9137
Switzerland,2018 Feb,9607
Switzerland,2018 Mar,9691
Switzerland,2018 Apr,9584
Switzerland,2018 May,6849
Switzerland,2018 Jun,5025
Switzerland,2018 Jul,10670
Switzerland,2018 Aug,8406
Switzerland,2018 Sep,7084
Switzerland,2018 Oct,9085
Switzerland,2018 Nov,8447
Switzerland,2018 Dec,8809
Switzerland,2019 Jan,9232
Switzerland,2019 Feb,8564
Switzerland,2019 Mar,8336
Switzerland,2019 Apr,9929
Switzerland,2019 May,6347
Switzerland,2019 Jun,5089
Switzerland,2019 Jul,9690
Switzerland,2019 Aug,7687
Switzerland,2019 Sep,6753
Switzerland,2019 Oct,8629
Switzerland,2019 Nov,8759
Switzerland,2019 Dec,8986
United Kingdom,2018 Jan,51537
United Kingdom,2018 Feb,57901
United Kingdom,2018 Mar,68106
United Kingdom,2018 Apr,54566
United Kingdom,2018 May,33852
United Kingdom,2018 Jun,30952
United Kingdom,2018 Jul,44778
United Kingdom,2018 Aug,51036
United Kingdom,2018 Sep,53207
United Kingdom,2018 Oct,48279
United Kingdom,2018 Nov,48748
United Kingdom,2018 Dec,46047
United Kingdom,2019 Jan,59288
United Kingdom,2019 Feb,62481
United Kingdom,2019 Mar,66796
United Kingdom,2019 Apr,56004
United Kingdom,2019 May,34740
United Kingdom,2019 Jun,32813
United Kingdom,2019 Jul,43869
United Kingdom,2019 Aug,50718
United Kingdom,2019 Sep,49918
United Kingdom,2019 Oct,48679
United Kingdom,2019 Nov,48343
United Kingdom,2019 Dec,54172
Other Markets In Europe,2018 Jan,28038
Other Markets In Europe,2018 Feb,24307
Other Markets In Europe,2018 Mar,23862
Other Markets In Europe,2018 Apr,17479
Other Markets In Europe,2018 May,13540
Other Markets In Europe,2018 Jun,14033
Other Markets In Europe,2018 Jul,19795
Other Markets In Europe,2018 Aug,21731
Other Markets In Europe,2018 Sep,18379
Other Markets In Europe,2018 Oct,19874
Other Markets In Europe,2018 Nov,22049
Other Markets In Europe,2018 Dec,21145
Other Markets In Europe,2019 Jan,32587
Other Markets In Europe,2019 Feb,29374
Other Markets In Europe,2019 Mar,26557
Other Markets In Europe,2019 Apr,20576
Other Markets In Europe,2019 May,14517
Other Markets In Europe,2019 Jun,13616
Other Markets In Europe,2019 Jul,19596
Other Markets In Europe,2019 Aug,23243
Other Markets In Europe,2019 Sep,20805
Other Markets In Europe,2019 Oct,21286
Other Markets In Europe,2019 Nov,25869
Other Markets In Europe,2019 Dec,25506
Oceania,2018 Jan,128660
Oceania,2018 Feb,70873
Oceania,2018 Mar,96834
Oceania,2018 Apr,112641
Oceania,2018 May,90743
Oceania,2018 Jun,105642
Oceania,2018 Jul,126691
Oceania,2018 Aug,97395
Oceania,2018 Sep,123418
Oceania,2018 Oct,109285
Oceania,2018 Nov,85319
Oceania,2018 Dec,119602
Oceania,2019 Jan,137660
Oceania,2019 Feb,74454
Oceania,2019 Mar,83730
Oceania,2019 Apr,124189
Oceania,2019 May,94996
Oceania,2019 Jun,104003
Oceania,2019 Jul,127346
Oceania,2019 Aug,99796
Oceania,2019 Sep,127327
Oceania,2019 Oct,112052
Oceania,2019 Nov,100883
Oceania,2019 Dec,134070
Australia,2018 Jan,114846
Australia,2018 Feb,63229
Australia,2018 Mar,87152
Australia,2018 Apr,99046
Australia,2018 May,78210
Australia,2018 Jun,90665
Australia,2018 Jul,108107
Australia,2018 Aug,83185
Australia,2018 Sep,107933
Australia,2018 Oct,95096
Australia,2018 Nov,74827
Australia,2018 Dec,104928
Australia,2019 Jan,122672
Australia,2019 Feb,66199
Australia,2019 Mar,73841
Australia,2019 Apr,107503
Australia,2019 May,80476
Australia,2019 Jun,87793
Australia,2019 Jul,107383
Australia,2019 Aug,84023
Australia,2019 Sep,109506
Australia,2019 Oct,97092
Australia,2019 Nov,89052
Australia,2019 Dec,117796
New Zealand,2018 Jan,11914
New Zealand,2018 Feb,6311
New Zealand,2018 Mar,8005
New Zealand,2018 Apr,11412
New Zealand,2018 May,10907
New Zealand,2018 Jun,13120
New Zealand,2018 Jul,16705
New Zealand,2018 Aug,12669
New Zealand,2018 Sep,13767
New Zealand,2018 Oct,12404
New Zealand,2018 Nov,8603
New Zealand,2018 Dec,11860
New Zealand,2019 Jan,12969
New Zealand,2019 Feb,6831
New Zealand,2019 Mar,8108
New Zealand,2019 Apr,14142
New Zealand,2019 May,12791
New Zealand,2019 Jun,14219
New Zealand,2019 Jul,17922
New Zealand,2019 Aug,13913
New Zealand,2019 Sep,15783
New Zealand,2019 Oct,13233
New Zealand,2019 Nov,9615
New Zealand,2019 Dec,13501
Other Markets In Oceania,2018 Jan,1900
Other Markets In Oceania,2018 Feb,1333
Other Markets In Oceania,2018 Mar,1677
Other Markets In Oceania,2018 Apr,2183
Other Markets In Oceania,2018 May,1626
Other Markets In Oceania,2018 Jun,1857
Other Markets In Oceania,2018 Jul,1879
Other Markets In Oceania,2018 Aug,1541
Other Markets In Oceania,2018 Sep,1718
Other Markets In Oceania,2018 Oct,1785
Other Markets In Oceania,2018 Nov,1889
Other Markets In Oceania,2018 Dec,2814
Other Markets In Oceania,2019 Jan,2019
Other Markets In Oceania,2019 Feb,1424
Other Markets In Oceania,2019 Mar,1781
Other Markets In Oceania,2019 Apr,2544
Other Markets In Oceania,2019 May,1729
Other Markets In Oceania,2019 Jun,1991
Other Markets In Oceania,2019 Jul,2041
Other Markets In Oceania,2019 Aug,1860
Other Markets In Oceania,2019 Sep,2038
Other Markets In Oceania,2019 Oct,1727
Other Markets In Oceania,2019 Nov,2216
Other Markets In Oceania,2019 Dec,2773
Africa,2018 Jan,7433
Africa,2018 Feb,4715
Africa,2018 Mar,6648
Africa,2018 Apr,7346
Africa,2018 May,4851
Africa,2018 Jun,5287
Africa,2018 Jul,8256
Africa,2018 Aug,7834
Africa,2018 Sep,6146
Africa,2018 Oct,6129
Africa,2018 Nov,6088
Africa,2018 Dec,13072
Africa,2019 Jan,7083
Africa,2019 Feb,4480
Africa,2019 Mar,6106
Africa,2019 Apr,7247
Africa,2019 May,4961
Africa,2019 Jun,6787
Africa,2019 Jul,7548
Africa,2019 Aug,8289
Africa,2019 Sep,7961
Africa,2019 Oct,6697
Africa,2019 Nov,7472
Africa,2019 Dec,16335
Egypt,2018 Jan,419
Egypt,2018 Feb,265
Egypt,2018 Mar,466
Egypt,2018 Apr,427
Egypt,2018 May,271
Egypt,2018 Jun,240
Egypt,2018 Jul,423
Egypt,2018 Aug,368
Egypt,2018 Sep,372
Egypt,2018 Oct,393
Egypt,2018 Nov,289
Egypt,2018 Dec,435
Egypt,2019 Jan,349
Egypt,2019 Feb,341
Egypt,2019 Mar,314
Egypt,2019 Apr,415
Egypt,2019 May,198
Egypt,2019 Jun,493
Egypt,2019 Jul,705
Egypt,2019 Aug,440
Egypt,2019 Sep,414
Egypt,2019 Oct,402
Egypt,2019 Nov,474
Egypt,2019 Dec,637
Mauritius,2018 Jan,1041
Mauritius,2018 Feb,1006
Mauritius,2018 Mar,749
Mauritius,2018 Apr,1337
Mauritius,2018 May,721
Mauritius,2018 Jun,659
Mauritius,2018 Jul,1240
Mauritius,2018 Aug,956
Mauritius,2018 Sep,746
Mauritius,2018 Oct,915
Mauritius,2018 Nov,1894
Mauritius,2018 Dec,2835
Mauritius,2019 Jan,973
Mauritius,2019 Feb,842
Mauritius,2019 Mar,846
Mauritius,2019 Apr,1192
Mauritius,2019 May,590
Mauritius,2019 Jun,802
Mauritius,2019 Jul,1180
Mauritius,2019 Aug,943
Mauritius,2019 Sep,625
Mauritius,2019 Oct,773
Mauritius,2019 Nov,1410
Mauritius,2019 Dec,2920
South Africa (Rep Of),2018 Jan,3934
South Africa (Rep Of),2018 Feb,1899
South Africa (Rep Of),2018 Mar,3210
South Africa (Rep Of),2018 Apr,3373
South Africa (Rep Of),2018 May,2237
South Africa (Rep Of),2018 Jun,2772
South Africa (Rep Of),2018 Jul,3606
South Africa (Rep Of),2018 Aug,3052
South Africa (Rep Of),2018 Sep,3084
South Africa (Rep Of),2018 Oct,2712
South Africa (Rep Of),2018 Nov,2154
South Africa (Rep Of),2018 Dec,6378
South Africa (Rep Of),2019 Jan,3566
South Africa (Rep Of),2019 Feb,1845
South Africa (Rep Of),2019 Mar,3219
South Africa (Rep Of),2019 Apr,3422
South Africa (Rep Of),2019 May,2560
South Africa (Rep Of),2019 Jun,3428
South Africa (Rep Of),2019 Jul,2900
South Africa (Rep Of),2019 Aug,2815
South Africa (Rep Of),2019 Sep,4257
South Africa (Rep Of),2019 Oct,3087
South Africa (Rep Of),2019 Nov,3042
South Africa (Rep Of),2019 Dec,8596
Other Markets In Africa,2018 Jan,2039
Other Markets In Africa,2018 Feb,1545
Other Markets In Africa,2018 Mar,2223
Other Markets In Africa,2018 Apr,2209
Other Markets In Africa,2018 May,1622
Other Markets In Africa,2018 Jun,1616
Other Markets In Africa,2018 Jul,2987
Other Markets In Africa,2018 Aug,3458
Other Markets In Africa,2018 Sep,1944
Other Markets In Africa,2018 Oct,2109
Other Markets In Africa,2018 Nov,1751
Other Markets In Africa,2018 Dec,3424
Other Markets In Africa,2019 Jan,2195
Other Markets In Africa,2019 Feb,1452
Other Markets In Africa,2019 Mar,1727
Other Markets In Africa,2019 Apr,2218
Other Markets In Africa,2019 May,1613
Other Markets In Africa,2019 Jun,2064
Other Markets In Africa,2019 Jul,2763
Other Markets In Africa,2019 Aug,4091
Other Markets In Africa,2019 Sep,2665
Other Markets In Africa,2019 Oct,2435
Other Markets In Africa,2019 Nov,2546
Other Markets In Africa,2019 Dec,4182
Others,2018 Jan,4
Others,2018 Feb,3
Others,2018 Mar,1
Others,2018 Apr,0
Others,2018 May,1
Others,2018 Jun,1
Others,2018 Jul,2
Others,2018 Aug,4
Others,2018 Sep,3
Others,2018 Oct,0
Others,2018 Nov,1
Others,2018 Dec,0
Others,2019 Jan,0
Others,2019 Feb,0
Others,2019 Mar,0
Others,2019 Apr,0
Others,2019 May,0
Others,2019 Jun,0
Others,2019 Jul,0
Others,2019 Aug,0
Others,2019 Sep,1
Others,2019 Oct,3
Others,2019 Nov,1
Others,2019 Dec,0
Total International Visitor Arrivals By Place Of Residence,2020 Jan,1688102
Total International Visitor Arrivals By Place Of Residence,2020 Feb,732966
Total International Visitor Arrivals By Place Of Residence,2020 Mar,240001
Total International Visitor Arrivals By Place Of Residence,2020 Apr,750
Total International Visitor Arrivals By Place Of Residence,2020 May,880
Total International Visitor Arrivals By Place Of Residence,2020 Jun,2171
Total International Visitor Arrivals By Place Of Residence,2020 Jul,6843
Total International Visitor Arrivals By Place Of Residence,2020 Aug,8912
Total International Visitor Arrivals By Place Of Residence,2020 Sep,9500
Total International Visitor Arrivals By Place Of Residence,2020 Oct,13399
Total International Visitor Arrivals By Place Of Residence,2020 Nov,14749
Total International Visitor Arrivals By Place Of Residence,2020 Dec,24170
Total International Visitor Arrivals By Place Of Residence,2021 Jan,23366
Total International Visitor Arrivals By Place Of Residence,2021 Feb,18141
Total International Visitor Arrivals By Place Of Residence,2021 Mar,27202
Total International Visitor Arrivals By Place Of Residence,2021 Apr,25737
Total International Visitor Arrivals By Place Of Residence,2021 May,14190
Total International Visitor Arrivals By Place Of Residence,2021 Jun,10029
Total International Visitor Arrivals By Place Of Residence,2021 Jul,18517
Total International Visitor Arrivals By Place Of Residence,2021 Aug,15887
Total International Visitor Arrivals By Place Of Residence,2021 Sep,19009
Total International Visitor Arrivals By Place Of Residence,2021 Oct,24006
Total International Visitor Arrivals By Place Of Residence,2021 Nov,41179
Total International Visitor Arrivals By Place Of Residence,2021 Dec,92796
Southeast Asia,2020 Jan,528985
Southeast Asia,2020 Feb,247016
Southeast Asia,2020 Mar,88027
Southeast Asia,2020 Apr,503
Southeast Asia,2020 May,574
Southeast Asia,2020 Jun,1100
Southeast Asia,2020 Jul,2310
Southeast Asia,2020 Aug,2833
Southeast Asia,2020 Sep,3770
Southeast Asia,2020 Oct,6378
Southeast Asia,2020 Nov,6457
Southeast Asia,2020 Dec,8826
Southeast Asia,2021 Jan,6786
Southeast Asia,2021 Feb,5666
Southeast Asia,2021 Mar,7331
Southeast Asia,2021 Apr,7262
Southeast Asia,2021 May,4478
Southeast Asia,2021 Jun,1561
Southeast Asia,2021 Jul,1968
Southeast Asia,2021 Aug,1933
Southeast Asia,2021 Sep,2774
Southeast Asia,2021 Oct,6448
Southeast Asia,2021 Nov,12937
Southeast Asia,2021 Dec,30006
Brunei Darussalam,2020 Jan,5364
Brunei Darussalam,2020 Feb,1764
Brunei Darussalam,2020 Mar,514
Brunei Darussalam,2020 Apr,3
Brunei Darussalam,2020 May,0
Brunei Darussalam,2020 Jun,1
Brunei Darussalam,2020 Jul,14
Brunei Darussalam,2020 Aug,8
Brunei Darussalam,2020 Sep,91
Brunei Darussalam,2020 Oct,120
Brunei Darussalam,2020 Nov,104
Brunei Darussalam,2020 Dec,170
Brunei Darussalam,2021 Jan,108
Brunei Darussalam,2021 Feb,84
Brunei Darussalam,2021 Mar,119
Brunei Darussalam,2021 Apr,80
Brunei Darussalam,2021 May,48
Brunei Darussalam,2021 Jun,64
Brunei Darussalam,2021 Jul,104
Brunei Darussalam,2021 Aug,81
Brunei Darussalam,2021 Sep,70
Brunei Darussalam,2021 Oct,121
Brunei Darussalam,2021 Nov,138
Brunei Darussalam,2021 Dec,231
Indonesia,2020 Jan,282144
Indonesia,2020 Feb,115351
Indonesia,2020 Mar,46499
Indonesia,2020 Apr,208
Indonesia,2020 May,196
Indonesia,2020 Jun,301
Indonesia,2020 Jul,793
Indonesia,2020 Aug,1027
Indonesia,2020 Sep,1428
Indonesia,2020 Oct,2424
Indonesia,2020 Nov,3121
Indonesia,2020 Dec,4204
Indonesia,2021 Jan,2625
Indonesia,2021 Feb,2176
Indonesia,2021 Mar,3032
Indonesia,2021 Apr,3278
Indonesia,2021 May,1800
Indonesia,2021 Jun,519
Indonesia,2021 Jul,156
Indonesia,2021 Aug,315
Indonesia,2021 Sep,669
Indonesia,2021 Oct,1954
Indonesia,2021 Nov,5756
Indonesia,2021 Dec,11177
Malaysia,2020 Jan,90720
Malaysia,2020 Feb,40829
Malaysia,2020 Mar,14887
Malaysia,2020 Apr,96
Malaysia,2020 May,157
Malaysia,2020 Jun,464
Malaysia,2020 Jul,626
Malaysia,2020 Aug,718
Malaysia,2020 Sep,1063
Malaysia,2020 Oct,1415
Malaysia,2020 Nov,1270
Malaysia,2020 Dec,1405
Malaysia,2021 Jan,1255
Malaysia,2021 Feb,1130
Malaysia,2021 Mar,1530
Malaysia,2021 Apr,1442
Malaysia,2021 May,844
Malaysia,2021 Jun,402
Malaysia,2021 Jul,554
Malaysia,2021 Aug,683
Malaysia,2021 Sep,797
Malaysia,2021 Oct,2104
Malaysia,2021 Nov,2537
Malaysia,2021 Dec,10939
Myanmar,2020 Jan,11341
Myanmar,2020 Feb,8018
Myanmar,2020 Mar,4762
Myanmar,2020 Apr,6
Myanmar,2020 May,7
Myanmar,2020 Jun,8
Myanmar,2020 Jul,52
Myanmar,2020 Aug,155
Myanmar,2020 Sep,244
Myanmar,2020 Oct,331
Myanmar,2020 Nov,472
Myanmar,2020 Dec,716
Myanmar,2021 Jan,1223
Myanmar,2021 Feb,905
Myanmar,2021 Mar,964
Myanmar,2021 Apr,1176
Myanmar,2021 May,720
Myanmar,2021 Jun,175
Myanmar,2021 Jul,247
Myanmar,2021 Aug,87
Myanmar,2021 Sep,159
Myanmar,2021 Oct,312
Myanmar,2021 Nov,1242
Myanmar,2021 Dec,2991
Philippines,2020 Jan,49522
Philippines,2020 Feb,32073
Philippines,2020 Mar,11860
Philippines,2020 Apr,32
Philippines,2020 May,65
Philippines,2020 Jun,128
Philippines,2020 Jul,400
Philippines,2020 Aug,480
Philippines,2020 Sep,360
Philippines,2020 Oct,1076
Philippines,2020 Nov,710
Philippines,2020 Dec,1175
Philippines,2021 Jan,763
Philippines,2021 Feb,880
Philippines,2021 Mar,1112
Philippines,2021 Apr,789
Philippines,2021 May,745
Philippines,2021 Jun,262
Philippines,2021 Jul,438
Philippines,2021 Aug,392
Philippines,2021 Sep,655
Philippines,2021 Oct,1042
Philippines,2021 Nov,2450
Philippines,2021 Dec,1966
Thailand,2020 Jan,34152
Thailand,2020 Feb,24667
Thailand,2020 Mar,2898
Thailand,2020 Apr,153
Thailand,2020 May,138
Thailand,2020 Jun,158
Thailand,2020 Jul,243
Thailand,2020 Aug,206
Thailand,2020 Sep,260
Thailand,2020 Oct,229
Thailand,2020 Nov,195
Thailand,2020 Dec,323
Thailand,2021 Jan,221
Thailand,2021 Feb,179
Thailand,2021 Mar,178
Thailand,2021 Apr,246
Thailand,2021 May,163
Thailand,2021 Jun,99
Thailand,2021 Jul,334
Thailand,2021 Aug,264
Thailand,2021 Sep,290
Thailand,2021 Oct,623
Thailand,2021 Nov,361
Thailand,2021 Dec,1421
Vietnam,2020 Jan,46350
Vietnam,2020 Feb,19791
Vietnam,2020 Mar,5390
Vietnam,2020 Apr,5
Vietnam,2020 May,11
Vietnam,2020 Jun,40
Vietnam,2020 Jul,169
Vietnam,2020 Aug,230
Vietnam,2020 Sep,310
Vietnam,2020 Oct,759
Vietnam,2020 Nov,566
Vietnam,2020 Dec,803
Vietnam,2021 Jan,553
Vietnam,2021 Feb,286
Vietnam,2021 Mar,363
Vietnam,2021 Apr,239
Vietnam,2021 May,147
Vietnam,2021 Jun,36
Vietnam,2021 Jul,116
Vietnam,2021 Aug,89
Vietnam,2021 Sep,104
Vietnam,2021 Oct,264
Vietnam,2021 Nov,407
Vietnam,2021 Dec,840
Other Markets In Southeast Asia,2020 Jan,9392
Other Markets In Southeast Asia,2020 Feb,4523
Other Markets In Southeast Asia,2020 Mar,1217
Other Markets In Southeast Asia,2020 Apr,0
Other Markets In Southeast Asia,2020 May,0
Other Markets In Southeast Asia,2020 Jun,0
Other Markets In Southeast Asia,2020 Jul,13
Other Markets In Southeast Asia,2020 Aug,9
Other Markets In Southeast Asia,2020 Sep,14
Other Markets In Southeast Asia,2020 Oct,24
Other Markets In Southeast Asia,2020 Nov,19
Other Markets In Southeast Asia,2020 Dec,30
Other Markets In Southeast Asia,2021 Jan,38
Other Markets In Southeast Asia,2021 Feb,26
Other Markets In Southeast Asia,2021 Mar,33
Other Markets In Southeast Asia,2021 Apr,12
Other Markets In Southeast Asia,2021 May,11
Other Markets In Southeast Asia,2021 Jun,4
Other Markets In Southeast Asia,2021 Jul,19
Other Markets In Southeast Asia,2021 Aug,22
Other Markets In Southeast Asia,2021 Sep,30
Other Markets In Southeast Asia,2021 Oct,28
Other Markets In Southeast Asia,2021 Nov,46
Other Markets In Southeast Asia,2021 Dec,441
Greater China,2020 Jan,413392
Greater China,2020 Feb,36496
Greater China,2020 Mar,8410
Greater China,2020 Apr,33
Greater China,2020 May,29
Greater China,2020 Jun,220
Greater China,2020 Jul,1410
Greater China,2020 Aug,2622
Greater China,2020 Sep,2845
Greater China,2020 Oct,3626
Greater China,2020 Nov,4475
Greater China,2020 Dec,8422
Greater China,2021 Jan,7222
Greater China,2021 Feb,4984
Greater China,2021 Mar,9467
Greater China,2021 Apr,9591
Greater China,2021 May,7852
Greater China,2021 Jun,7383
Greater China,2021 Jul,13514
Greater China,2021 Aug,9978
Greater China,2021 Sep,10099
Greater China,2021 Oct,6971
Greater China,2021 Nov,4307
Greater China,2021 Dec,5963
China,2020 Jan,329047
China,2020 Feb,6222
China,2020 Mar,1488
China,2020 Apr,18
China,2020 May,23
China,2020 Jun,118
China,2020 Jul,958
China,2020 Aug,2163
China,2020 Sep,2422
China,2020 Oct,3169
China,2020 Nov,4007
China,2020 Dec,7657
China,2021 Jan,6599
China,2021 Feb,4498
China,2021 Mar,8892
China,2021 Apr,9056
China,2021 May,7388
China,2021 Jun,6983
China,2021 Jul,12669
China,2021 Aug,8907
China,2021 Sep,8952
China,2021 Oct,6065
China,2021 Nov,3479
China,2021 Dec,4764
Hong Kong SAR,2020 Jan,38681
Hong Kong SAR,2020 Feb,12808
Hong Kong SAR,2020 Mar,5315
Hong Kong SAR,2020 Apr,13
Hong Kong SAR,2020 May,2
Hong Kong SAR,2020 Jun,68
Hong Kong SAR,2020 Jul,333
Hong Kong SAR,2020 Aug,342
Hong Kong SAR,2020 Sep,291
Hong Kong SAR,2020 Oct,300
Hong Kong SAR,2020 Nov,313
Hong Kong SAR,2020 Dec,510
Hong Kong SAR,2021 Jan,288
Hong Kong SAR,2021 Feb,245
Hong Kong SAR,2021 Mar,245
Hong Kong SAR,2021 Apr,221
Hong Kong SAR,2021 May,276
Hong Kong SAR,2021 Jun,361
Hong Kong SAR,2021 Jul,750
Hong Kong SAR,2021 Aug,602
Hong Kong SAR,2021 Sep,669
Hong Kong SAR,2021 Oct,494
Hong Kong SAR,2021 Nov,527
Hong Kong SAR,2021 Dec,754
Taiwan,2020 Jan,42608
Taiwan,2020 Feb,16922
Taiwan,2020 Mar,1419
Taiwan,2020 Apr,2
Taiwan,2020 May,4
Taiwan,2020 Jun,34
Taiwan,2020 Jul,115
Taiwan,2020 Aug,113
Taiwan,2020 Sep,128
Taiwan,2020 Oct,152
Taiwan,2020 Nov,146
Taiwan,2020 Dec,244
Taiwan,2021 Jan,325
Taiwan,2021 Feb,231
Taiwan,2021 Mar,316
Taiwan,2021 Apr,302
Taiwan,2021 May,178
Taiwan,2021 Jun,29
Taiwan,2021 Jul,79
Taiwan,2021 Aug,456
Taiwan,2021 Sep,442
Taiwan,2021 Oct,378
Taiwan,2021 Nov,279
Taiwan,2021 Dec,392
Other Markets In Greater China,2020 Jan,3056
Other Markets In Greater China,2020 Feb,544
Other Markets In Greater China,2020 Mar,188
Other Markets In Greater China,2020 Apr,0
Other Markets In Greater China,2020 May,0
Other Markets In Greater China,2020 Jun,0
Other Markets In Greater China,2020 Jul,4
Other Markets In Greater China,2020 Aug,4
Other Markets In Greater China,2020 Sep,4
Other Markets In Greater China,2020 Oct,5
Other Markets In Greater China,2020 Nov,9
Other Markets In Greater China,2020 Dec,11
Other Markets In Greater China,2021 Jan,10
Other Markets In Greater China,2021 Feb,10
Other Markets In Greater China,2021 Mar,14
Other Markets In Greater China,2021 Apr,12
Other Markets In Greater China,2021 May,10
Other Markets In Greater China,2021 Jun,10
Other Markets In Greater China,2021 Jul,16
Other Markets In Greater China,2021 Aug,13
Other Markets In Greater China,2021 Sep,36
Other Markets In Greater China,2021 Oct,34
Other Markets In Greater China,2021 Nov,22
Other Markets In Greater China,2021 Dec,53
North Asia,2020 Jan,127547
North Asia,2020 Feb,69624
North Asia,2020 Mar,12809
North Asia,2020 Apr,34
North Asia,2020 May,38
North Asia,2020 Jun,185
North Asia,2020 Jul,827
North Asia,2020 Aug,828
North Asia,2020 Sep,568
North Asia,2020 Oct,790
North Asia,2020 Nov,1042
North Asia,2020 Dec,1149
North Asia,2021 Jan,987
North Asia,2021 Feb,743
North Asia,2021 Mar,1008
North Asia,2021 Apr,1068
North Asia,2021 May,451
North Asia,2021 Jun,219
North Asia,2021 Jul,499
North Asia,2021 Aug,714
North Asia,2021 Sep,1299
North Asia,2021 Oct,1264
North Asia,2021 Nov,2032
North Asia,2021 Dec,2770
Japan,2020 Jan,57234
Japan,2020 Feb,53425
Japan,2020 Mar,11611
Japan,2020 Apr,25
Japan,2020 May,30
Japan,2020 Jun,137
Japan,2020 Jul,565
Japan,2020 Aug,511
Japan,2020 Sep,353
Japan,2020 Oct,513
Japan,2020 Nov,763
Japan,2020 Dec,712
Japan,2021 Jan,555
Japan,2021 Feb,358
Japan,2021 Mar,601
Japan,2021 Apr,797
Japan,2021 May,281
Japan,2021 Jun,121
Japan,2021 Jul,297
Japan,2021 Aug,341
Japan,2021 Sep,780
Japan,2021 Oct,779
Japan,2021 Nov,430
Japan,2021 Dec,580
South Korea,2020 Jan,70277
South Korea,2020 Feb,16195
South Korea,2020 Mar,1198
South Korea,2020 Apr,9
South Korea,2020 May,8
South Korea,2020 Jun,48
South Korea,2020 Jul,262
South Korea,2020 Aug,317
South Korea,2020 Sep,215
South Korea,2020 Oct,277
South Korea,2020 Nov,279
South Korea,2020 Dec,437
South Korea,2021 Jan,431
South Korea,2021 Feb,385
South Korea,2021 Mar,405
South Korea,2021 Apr,271
South Korea,2021 May,170
South Korea,2021 Jun,98
South Korea,2021 Jul,202
South Korea,2021 Aug,373
South Korea,2021 Sep,519
South Korea,2021 Oct,485
South Korea,2021 Nov,1600
South Korea,2021 Dec,2187
Other Markets In North Asia,2020 Jan,36
Other Markets In North Asia,2020 Feb,4
Other Markets In North Asia,2020 Mar,0
Other Markets In North Asia,2020 Apr,0
Other Markets In North Asia,2020 May,0
Other Markets In North Asia,2020 Jun,0
Other Markets In North Asia,2020 Jul,0
Other Markets In North Asia,2020 Aug,0
Other Markets In North Asia,2020 Sep,0
Other Markets In North Asia,2020 Oct,0
Other Markets In North Asia,2020 Nov,0
Other Markets In North Asia,2020 Dec,0
Other Markets In North Asia,2021 Jan,1
Other Markets In North Asia,2021 Feb,0
Other Markets In North Asia,2021 Mar,2
Other Markets In North Asia,2021 Apr,0
Other Markets In North Asia,2021 May,0
Other Markets In North Asia,2021 Jun,0
Other Markets In North Asia,2021 Jul,0
Other Markets In North Asia,2021 Aug,0
Other Markets In North Asia,2021 Sep,0
Other Markets In North Asia,2021 Oct,0
Other Markets In North Asia,2021 Nov,2
Other Markets In North Asia,2021 Dec,3
South Asia,2020 Jan,123324
South Asia,2020 Feb,64947
South Asia,2020 Mar,24252
South Asia,2020 Apr,95
South Asia,2020 May,86
South Asia,2020 Jun,147
South Asia,2020 Jul,688
South Asia,2020 Aug,717
South Asia,2020 Sep,487
South Asia,2020 Oct,566
South Asia,2020 Nov,653
South Asia,2020 Dec,2670
South Asia,2021 Jan,5186
South Asia,2021 Feb,4697
South Asia,2021 Mar,7233
South Asia,2021 Apr,5640
South Asia,2021 May,122
South Asia,2021 Jun,19
South Asia,2021 Jul,342
South Asia,2021 Aug,112
South Asia,2021 Sep,1105
South Asia,2021 Oct,4055
South Asia,2021 Nov,11879
South Asia,2021 Dec,33939
Bangladesh,2020 Jan,11631
Bangladesh,2020 Feb,6054
Bangladesh,2020 Mar,3738
Bangladesh,2020 Apr,4
Bangladesh,2020 May,1
Bangladesh,2020 Jun,11
Bangladesh,2020 Jul,3
Bangladesh,2020 Aug,35
Bangladesh,2020 Sep,36
Bangladesh,2020 Oct,52
Bangladesh,2020 Nov,65
Bangladesh,2020 Dec,267
Bangladesh,2021 Jan,1027
Bangladesh,2021 Feb,1203
Bangladesh,2021 Mar,2736
Bangladesh,2021 Apr,1700
Bangladesh,2021 May,32
Bangladesh,2021 Jun,3
Bangladesh,2021 Jul,1
Bangladesh,2021 Aug,2
Bangladesh,2021 Sep,385
Bangladesh,2021 Oct,1079
Bangladesh,2021 Nov,4170
Bangladesh,2021 Dec,5559
India,2020 Jan,99643
India,2020 Feb,52946
India,2020 Mar,17848
India,2020 Apr,87
India,2020 May,79
India,2020 Jun,130
India,2020 Jul,634
India,2020 Aug,581
India,2020 Sep,394
India,2020 Oct,428
India,2020 Nov,500
India,2020 Dec,2252
India,2021 Jan,3946
India,2021 Feb,3215
India,2021 Mar,4193
India,2021 Apr,3729
India,2021 May,84
India,2021 Jun,12
India,2021 Jul,332
India,2021 Aug,95
India,2021 Sep,678
India,2021 Oct,2936
India,2021 Nov,7488
India,2021 Dec,27672
Pakistan,2020 Jan,1774
Pakistan,2020 Feb,742
Pakistan,2020 Mar,285
Pakistan,2020 Apr,0
Pakistan,2020 May,1
Pakistan,2020 Jun,3
Pakistan,2020 Jul,24
Pakistan,2020 Aug,42
Pakistan,2020 Sep,22
Pakistan,2020 Oct,28
Pakistan,2020 Nov,18
Pakistan,2020 Dec,37
Pakistan,2021 Jan,25
Pakistan,2021 Feb,14
Pakistan,2021 Mar,30
Pakistan,2021 Apr,13
Pakistan,2021 May,0
Pakistan,2021 Jun,0
Pakistan,2021 Jul,2
Pakistan,2021 Aug,4
Pakistan,2021 Sep,6
Pakistan,2021 Oct,6
Pakistan,2021 Nov,36
Pakistan,2021 Dec,59
Sri Lanka,2020 Jan,6236
Sri Lanka,2020 Feb,3591
Sri Lanka,2020 Mar,1660
Sri Lanka,2020 Apr,2
Sri Lanka,2020 May,5
Sri Lanka,2020 Jun,3
Sri Lanka,2020 Jul,18
Sri Lanka,2020 Aug,36
Sri Lanka,2020 Sep,32
Sri Lanka,2020 Oct,34
Sri Lanka,2020 Nov,46
Sri Lanka,2020 Dec,90
Sri Lanka,2021 Jan,172
Sri Lanka,2021 Feb,107
Sri Lanka,2021 Mar,238
Sri Lanka,2021 Apr,165
Sri Lanka,2021 May,5
Sri Lanka,2021 Jun,2
Sri Lanka,2021 Jul,2
Sri Lanka,2021 Aug,6
Sri Lanka,2021 Sep,15
Sri Lanka,2021 Oct,19
Sri Lanka,2021 Nov,150
Sri Lanka,2021 Dec,587
Other Markets In South Asia,2020 Jan,4040
Other Markets In South Asia,2020 Feb,1614
Other Markets In South Asia,2020 Mar,721
Other Markets In South Asia,2020 Apr,2
Other Markets In South Asia,2020 May,0
Other Markets In South Asia,2020 Jun,0
Other Markets In South Asia,2020 Jul,9
Other Markets In South Asia,2020 Aug,23
Other Markets In South Asia,2020 Sep,3
Other Markets In South Asia,2020 Oct,24
Other Markets In South Asia,2020 Nov,24
Other Markets In South Asia,2020 Dec,24
Other Markets In South Asia,2021 Jan,16
Other Markets In South Asia,2021 Feb,158
Other Markets In South Asia,2021 Mar,36
Other Markets In South Asia,2021 Apr,33
Other Markets In South Asia,2021 May,1
Other Markets In South Asia,2021 Jun,2
Other Markets In South Asia,2021 Jul,5
Other Markets In South Asia,2021 Aug,5
Other Markets In South Asia,2021 Sep,21
Other Markets In South Asia,2021 Oct,15
Other Markets In South Asia,2021 Nov,35
Other Markets In South Asia,2021 Dec,62
West Asia,2020 Jan,13545
West Asia,2020 Feb,5452
West Asia,2020 Mar,1019
West Asia,2020 Apr,8
West Asia,2020 May,6
West Asia,2020 Jun,25
West Asia,2020 Jul,136
West Asia,2020 Aug,92
West Asia,2020 Sep,117
West Asia,2020 Oct,128
West Asia,2020 Nov,112
West Asia,2020 Dec,175
West Asia,2021 Jan,141
West Asia,2021 Feb,94
West Asia,2021 Mar,142
West Asia,2021 Apr,150
West Asia,2021 May,108
West Asia,2021 Jun,57
West Asia,2021 Jul,143
West Asia,2021 Aug,207
West Asia,2021 Sep,158
West Asia,2021 Oct,313
West Asia,2021 Nov,373
West Asia,2021 Dec,361
Iran,2020 Jan,493
Iran,2020 Feb,518
Iran,2020 Mar,8
Iran,2020 Apr,0
Iran,2020 May,0
Iran,2020 Jun,0
Iran,2020 Jul,0
Iran,2020 Aug,11
Iran,2020 Sep,6
Iran,2020 Oct,2
Iran,2020 Nov,8
Iran,2020 Dec,6
Iran,2021 Jan,4
Iran,2021 Feb,4
Iran,2021 Mar,8
Iran,2021 Apr,4
Iran,2021 May,0
Iran,2021 Jun,0
Iran,2021 Jul,0
Iran,2021 Aug,2
Iran,2021 Sep,6
Iran,2021 Oct,10
Iran,2021 Nov,5
Iran,2021 Dec,11
Israel,2020 Jan,2958
Israel,2020 Feb,1377
Israel,2020 Mar,211
Israel,2020 Apr,0
Israel,2020 May,4
Israel,2020 Jun,4
Israel,2020 Jul,40
Israel,2020 Aug,16
Israel,2020 Sep,13
Israel,2020 Oct,27
Israel,2020 Nov,37
Israel,2020 Dec,49
Israel,2021 Jan,28
Israel,2021 Feb,11
Israel,2021 Mar,30
Israel,2021 Apr,62
Israel,2021 May,48
Israel,2021 Jun,30
Israel,2021 Jul,65
Israel,2021 Aug,60
Israel,2021 Sep,33
Israel,2021 Oct,107
Israel,2021 Nov,131
Israel,2021 Dec,99
Kuwait,2020 Jan,1127
Kuwait,2020 Feb,125
Kuwait,2020 Mar,16
Kuwait,2020 Apr,0
Kuwait,2020 May,0
Kuwait,2020 Jun,0
Kuwait,2020 Jul,0
Kuwait,2020 Aug,6
Kuwait,2020 Sep,3
Kuwait,2020 Oct,0
Kuwait,2020 Nov,0
Kuwait,2020 Dec,1
Kuwait,2021 Jan,0
Kuwait,2021 Feb,5
Kuwait,2021 Mar,0
Kuwait,2021 Apr,0
Kuwait,2021 May,0
Kuwait,2021 Jun,0
Kuwait,2021 Jul,0
Kuwait,2021 Aug,7
Kuwait,2021 Sep,5
Kuwait,2021 Oct,4
Kuwait,2021 Nov,16
Kuwait,2021 Dec,1
Saudi Arabia,2020 Jan,3007
Saudi Arabia,2020 Feb,407
Saudi Arabia,2020 Mar,44
Saudi Arabia,2020 Apr,1
Saudi Arabia,2020 May,1
Saudi Arabia,2020 Jun,0
Saudi Arabia,2020 Jul,2
Saudi Arabia,2020 Aug,5
Saudi Arabia,2020 Sep,3
Saudi Arabia,2020 Oct,11
Saudi Arabia,2020 Nov,11
Saudi Arabia,2020 Dec,2
Saudi Arabia,2021 Jan,11
Saudi Arabia,2021 Feb,7
Saudi Arabia,2021 Mar,1
Saudi Arabia,2021 Apr,7
Saudi Arabia,2021 May,2
Saudi Arabia,2021 Jun,1
Saudi Arabia,2021 Jul,6
Saudi Arabia,2021 Aug,32
Saudi Arabia,2021 Sep,17
Saudi Arabia,2021 Oct,27
Saudi Arabia,2021 Nov,39
Saudi Arabia,2021 Dec,46
United Arab Emirates,2020 Jan,4178
United Arab Emirates,2020 Feb,2268
United Arab Emirates,2020 Mar,587
United Arab Emirates,2020 Apr,2
United Arab Emirates,2020 May,1
United Arab Emirates,2020 Jun,19
United Arab Emirates,2020 Jul,75
United Arab Emirates,2020 Aug,44
United Arab Emirates,2020 Sep,69
United Arab Emirates,2020 Oct,73
United Arab Emirates,2020 Nov,48
United Arab Emirates,2020 Dec,93
United Arab Emirates,2021 Jan,70
United Arab Emirates,2021 Feb,58
United Arab Emirates,2021 Mar,67
United Arab Emirates,2021 Apr,59
United Arab Emirates,2021 May,42
United Arab Emirates,2021 Jun,22
United Arab Emirates,2021 Jul,42
United Arab Emirates,2021 Aug,78
United Arab Emirates,2021 Sep,82
United Arab Emirates,2021 Oct,127
United Arab Emirates,2021 Nov,152
United Arab Emirates,2021 Dec,141
Other Markets In West Asia,2020 Jan,1782
Other Markets In West Asia,2020 Feb,757
Other Markets In West Asia,2020 Mar,153
Other Markets In West Asia,2020 Apr,5
Other Markets In West Asia,2020 May,0
Other Markets In West Asia,2020 Jun,2
Other Markets In West Asia,2020 Jul,19
Other Markets In West Asia,2020 Aug,10
Other Markets In West Asia,2020 Sep,23
Other Markets In West Asia,2020 Oct,15
Other Markets In West Asia,2020 Nov,8
Other Markets In West Asia,2020 Dec,24
Other Markets In West Asia,2021 Jan,28
Other Markets In West Asia,2021 Feb,9
Other Markets In West Asia,2021 Mar,36
Other Markets In West Asia,2021 Apr,18
Other Markets In West Asia,2021 May,16
Other Markets In West Asia,2021 Jun,4
Other Markets In West Asia,2021 Jul,30
Other Markets In West Asia,2021 Aug,28
Other Markets In West Asia,2021 Sep,15
Other Markets In West Asia,2021 Oct,38
Other Markets In West Asia,2021 Nov,30
Other Markets In West Asia,2021 Dec,63
Americas,2020 Jan,98790
Americas,2020 Feb,53615
Americas,2020 Mar,15567
Americas,2020 Apr,13
Americas,2020 May,38
Americas,2020 Jun,153
Americas,2020 Jul,443
Americas,2020 Aug,506
Americas,2020 Sep,443
Americas,2020 Oct,506
Americas,2020 Nov,522
Americas,2020 Dec,656
Americas,2021 Jan,669
Americas,2021 Feb,523
Americas,2021 Mar,582
Americas,2021 Apr,684
Americas,2021 May,342
Americas,2021 Jun,245
Americas,2021 Jul,777
Americas,2021 Aug,1001
Americas,2021 Sep,867
Americas,2021 Oct,1092
Americas,2021 Nov,2231
Americas,2021 Dec,4590
Canada,2020 Jan,15044
Canada,2020 Feb,9146
Canada,2020 Mar,2414
Canada,2020 Apr,0
Canada,2020 May,0
Canada,2020 Jun,10
Canada,2020 Jul,49
Canada,2020 Aug,39
Canada,2020 Sep,45
Canada,2020 Oct,47
Canada,2020 Nov,62
Canada,2020 Dec,71
Canada,2021 Jan,87
Canada,2021 Feb,76
Canada,2021 Mar,77
Canada,2021 Apr,50
Canada,2021 May,27
Canada,2021 Jun,14
Canada,2021 Jul,53
Canada,2021 Aug,72
Canada,2021 Sep,139
Canada,2021 Oct,121
Canada,2021 Nov,229
Canada,2021 Dec,743
USA,2020 Jan,72577
USA,2020 Feb,37568
USA,2020 Mar,10408
USA,2020 Apr,13
USA,2020 May,34
USA,2020 Jun,130
USA,2020 Jul,360
USA,2020 Aug,400
USA,2020 Sep,356
USA,2020 Oct,407
USA,2020 Nov,414
USA,2020 Dec,515
USA,2021 Jan,509
USA,2021 Feb,387
USA,2021 Mar,423
USA,2021 Apr,563
USA,2021 May,254
USA,2021 Jun,206
USA,2021 Jul,685
USA,2021 Aug,828
USA,2021 Sep,652
USA,2021 Oct,840
USA,2021 Nov,1890
USA,2021 Dec,3720
Other Markets In Americas,2020 Jan,11169
Other Markets In Americas,2020 Feb,6901
Other Markets In Americas,2020 Mar,2745
Other Markets In Americas,2020 Apr,0
Other Markets In Americas,2020 May,4
Other Markets In Americas,2020 Jun,13
Other Markets In Americas,2020 Jul,34
Other Markets In Americas,2020 Aug,67
Other Markets In Americas,2020 Sep,42
Other Markets In Americas,2020 Oct,52
Other Markets In Americas,2020 Nov,46
Other Markets In Americas,2020 Dec,70
Other Markets In Americas,2021 Jan,73
Other Markets In Americas,2021 Feb,60
Other Markets In Americas,2021 Mar,82
Other Markets In Americas,2021 Apr,71
Other Markets In Americas,2021 May,61
Other Markets In Americas,2021 Jun,25
Other Markets In Americas,2021 Jul,39
Other Markets In Americas,2021 Aug,101
Other Markets In Americas,2021 Sep,76
Other Markets In Americas,2021 Oct,131
Other Markets In Americas,2021 Nov,112
Other Markets In Americas,2021 Dec,127
Europe,2020 Jan,225192
Europe,2020 Feb,190088
Europe,2020 Mar,67261
Europe,2020 Apr,47
Europe,2020 May,90
Europe,2020 Jun,266
Europe,2020 Jul,850
Europe,2020 Aug,1078
Europe,2020 Sep,1007
Europe,2020 Oct,1066
Europe,2020 Nov,968
Europe,2020 Dec,1210
Europe,2021 Jan,1690
Europe,2021 Feb,1128
Europe,2021 Mar,1085
Europe,2021 Apr,1014
Europe,2021 May,499
Europe,2021 Jun,286
Europe,2021 Jul,874
Europe,2021 Aug,1515
Europe,2021 Sep,2297
Europe,2021 Oct,3453
Europe,2021 Nov,5668
Europe,2021 Dec,9450
Belgium & Luxembourg,2020 Jan,2704
Belgium & Luxembourg,2020 Feb,2444
Belgium & Luxembourg,2020 Mar,819
Belgium & Luxembourg,2020 Apr,0
Belgium & Luxembourg,2020 May,3
Belgium & Luxembourg,2020 Jun,3
Belgium & Luxembourg,2020 Jul,19
Belgium & Luxembourg,2020 Aug,15
Belgium & Luxembourg,2020 Sep,12
Belgium & Luxembourg,2020 Oct,16
Belgium & Luxembourg,2020 Nov,10
Belgium & Luxembourg,2020 Dec,14
Belgium & Luxembourg,2021 Jan,24
Belgium & Luxembourg,2021 Feb,22
Belgium & Luxembourg,2021 Mar,14
Belgium & Luxembourg,2021 Apr,26
Belgium & Luxembourg,2021 May,26
Belgium & Luxembourg,2021 Jun,6
Belgium & Luxembourg,2021 Jul,23
Belgium & Luxembourg,2021 Aug,40
Belgium & Luxembourg,2021 Sep,33
Belgium & Luxembourg,2021 Oct,22
Belgium & Luxembourg,2021 Nov,51
Belgium & Luxembourg,2021 Dec,68
Denmark,2020 Jan,3835
Denmark,2020 Feb,4082
Denmark,2020 Mar,1206
Denmark,2020 Apr,0
Denmark,2020 May,0
Denmark,2020 Jun,1
Denmark,2020 Jul,11
Denmark,2020 Aug,24
Denmark,2020 Sep,25
Denmark,2020 Oct,19
Denmark,2020 Nov,27
Denmark,2020 Dec,18
Denmark,2021 Jan,49
Denmark,2021 Feb,23
Denmark,2021 Mar,30
Denmark,2021 Apr,23
Denmark,2021 May,17
Denmark,2021 Jun,3
Denmark,2021 Jul,7
Denmark,2021 Aug,33
Denmark,2021 Sep,37
Denmark,2021 Oct,74
Denmark,2021 Nov,190
Denmark,2021 Dec,244
Finland,2020 Jan,3713
Finland,2020 Feb,4009
Finland,2020 Mar,1179
Finland,2020 Apr,2
Finland,2020 May,0
Finland,2020 Jun,0
Finland,2020 Jul,5
Finland,2020 Aug,45
Finland,2020 Sep,21
Finland,2020 Oct,18
Finland,2020 Nov,17
Finland,2020 Dec,12
Finland,2021 Jan,45
Finland,2021 Feb,17
Finland,2021 Mar,15
Finland,2021 Apr,11
Finland,2021 May,16
Finland,2021 Jun,6
Finland,2021 Jul,11
Finland,2021 Aug,16
Finland,2021 Sep,19
Finland,2021 Oct,23
Finland,2021 Nov,19
Finland,2021 Dec,157
France,2020 Jan,16613
France,2020 Feb,18495
France,2020 Mar,5464
France,2020 Apr,5
France,2020 May,2
France,2020 Jun,21
France,2020 Jul,90
France,2020 Aug,240
France,2020 Sep,190
France,2020 Oct,213
France,2020 Nov,122
France,2020 Dec,166
France,2021 Jan,402
France,2021 Feb,204
France,2021 Mar,147
France,2021 Apr,174
France,2021 May,83
France,2021 Jun,26
France,2021 Jul,97
France,2021 Aug,327
France,2021 Sep,337
France,2021 Oct,423
France,2021 Nov,799
France,2021 Dec,1195
Germany,2020 Jan,40228
Germany,2020 Feb,39857
Germany,2020 Mar,14758
Germany,2020 Apr,2
Germany,2020 May,7
Germany,2020 Jun,19
Germany,2020 Jul,74
Germany,2020 Aug,133
Germany,2020 Sep,78
Germany,2020 Oct,121
Germany,2020 Nov,114
Germany,2020 Dec,172
Germany,2021 Jan,194
Germany,2021 Feb,146
Germany,2021 Mar,135
Germany,2021 Apr,114
Germany,2021 May,57
Germany,2021 Jun,42
Germany,2021 Jul,151
Germany,2021 Aug,139
Germany,2021 Sep,769
Germany,2021 Oct,997
Germany,2021 Nov,1074
Germany,2021 Dec,1594
Italy,2020 Jan,10661
Italy,2020 Feb,7492
Italy,2020 Mar,1238
Italy,2020 Apr,1
Italy,2020 May,2
Italy,2020 Jun,8
Italy,2020 Jul,45
Italy,2020 Aug,36
Italy,2020 Sep,39
Italy,2020 Oct,66
Italy,2020 Nov,37
Italy,2020 Dec,60
Italy,2021 Jan,193
Italy,2021 Feb,70
Italy,2021 Mar,73
Italy,2021 Apr,58
Italy,2021 May,16
Italy,2021 Jun,8
Italy,2021 Jul,33
Italy,2021 Aug,54
Italy,2021 Sep,69
Italy,2021 Oct,98
Italy,2021 Nov,239
Italy,2021 Dec,319
Netherlands,2020 Jan,7940
Netherlands,2020 Feb,6637
Netherlands,2020 Mar,2903
Netherlands,2020 Apr,1
Netherlands,2020 May,0
Netherlands,2020 Jun,9
Netherlands,2020 Jul,46
Netherlands,2020 Aug,41
Netherlands,2020 Sep,41
Netherlands,2020 Oct,77
Netherlands,2020 Nov,76
Netherlands,2020 Dec,89
Netherlands,2021 Jan,106
Netherlands,2021 Feb,98
Netherlands,2021 Mar,58
Netherlands,2021 Apr,79
Netherlands,2021 May,36
Netherlands,2021 Jun,18
Netherlands,2021 Jul,34
Netherlands,2021 Aug,54
Netherlands,2021 Sep,117
Netherlands,2021 Oct,208
Netherlands,2021 Nov,432
Netherlands,2021 Dec,717
Norway,2020 Jan,3262
Norway,2020 Feb,3188
Norway,2020 Mar,857
Norway,2020 Apr,1
Norway,2020 May,3
Norway,2020 Jun,5
Norway,2020 Jul,9
Norway,2020 Aug,25
Norway,2020 Sep,33
Norway,2020 Oct,16
Norway,2020 Nov,15
Norway,2020 Dec,16
Norway,2021 Jan,45
Norway,2021 Feb,31
Norway,2021 Mar,23
Norway,2021 Apr,43
Norway,2021 May,15
Norway,2021 Jun,2
Norway,2021 Jul,12
Norway,2021 Aug,39
Norway,2021 Sep,56
Norway,2021 Oct,54
Norway,2021 Nov,49
Norway,2021 Dec,56
Rep Of Ireland,2020 Jan,2487
Rep Of Ireland,2020 Feb,1483
Rep Of Ireland,2020 Mar,653
Rep Of Ireland,2020 Apr,2
Rep Of Ireland,2020 May,0
Rep Of Ireland,2020 Jun,1
Rep Of Ireland,2020 Jul,18
Rep Of Ireland,2020 Aug,8
Rep Of Ireland,2020 Sep,24
Rep Of Ireland,2020 Oct,10
Rep Of Ireland,2020 Nov,13
Rep Of Ireland,2020 Dec,17
Rep Of Ireland,2021 Jan,16
Rep Of Ireland,2021 Feb,14
Rep Of Ireland,2021 Mar,12
Rep Of Ireland,2021 Apr,10
Rep Of Ireland,2021 May,6
Rep Of Ireland,2021 Jun,4
Rep Of Ireland,2021 Jul,21
Rep Of Ireland,2021 Aug,31
Rep Of Ireland,2021 Sep,39
Rep Of Ireland,2021 Oct,44
Rep Of Ireland,2021 Nov,13
Rep Of Ireland,2021 Dec,53
Russian Federation,2020 Jan,15880
Russian Federation,2020 Feb,9135
Russian Federation,2020 Mar,3707
Russian Federation,2020 Apr,7
Russian Federation,2020 May,7
Russian Federation,2020 Jun,35
Russian Federation,2020 Jul,28
Russian Federation,2020 Aug,41
Russian Federation,2020 Sep,24
Russian Federation,2020 Oct,30
Russian Federation,2020 Nov,36
Russian Federation,2020 Dec,61
Russian Federation,2021 Jan,40
Russian Federation,2021 Feb,42
Russian Federation,2021 Mar,53
Russian Federation,2021 Apr,35
Russian Federation,2021 May,17
Russian Federation,2021 Jun,5
Russian Federation,2021 Jul,13
Russian Federation,2021 Aug,32
Russian Federation,2021 Sep,28
Russian Federation,2021 Oct,44
Russian Federation,2021 Nov,37
Russian Federation,2021 Dec,42
Spain,2020 Jan,4872
Spain,2020 Feb,3892
Spain,2020 Mar,1306
Spain,2020 Apr,0
Spain,2020 May,1
Spain,2020 Jun,2
Spain,2020 Jul,29
Spain,2020 Aug,28
Spain,2020 Sep,44
Spain,2020 Oct,22
Spain,2020 Nov,30
Spain,2020 Dec,30
Spain,2021 Jan,58
Spain,2021 Feb,33
Spain,2021 Mar,25
Spain,2021 Apr,35
Spain,2021 May,6
Spain,2021 Jun,7
Spain,2021 Jul,24
Spain,2021 Aug,38
Spain,2021 Sep,44
Spain,2021 Oct,95
Spain,2021 Nov,199
Spain,2021 Dec,213
Sweden,2020 Jan,6982
Sweden,2020 Feb,4539
Sweden,2020 Mar,1486
Sweden,2020 Apr,0
Sweden,2020 May,2
Sweden,2020 Jun,1
Sweden,2020 Jul,12
Sweden,2020 Aug,23
Sweden,2020 Sep,9
Sweden,2020 Oct,24
Sweden,2020 Nov,15
Sweden,2020 Dec,21
Sweden,2021 Jan,37
Sweden,2021 Feb,19
Sweden,2021 Mar,50
Sweden,2021 Apr,29
Sweden,2021 May,6
Sweden,2021 Jun,2
Sweden,2021 Jul,24
Sweden,2021 Aug,41
Sweden,2021 Sep,31
Sweden,2021 Oct,53
Sweden,2021 Nov,42
Sweden,2021 Dec,211
Switzerland,2020 Jan,8648
Switzerland,2020 Feb,7352
Switzerland,2020 Mar,2326
Switzerland,2020 Apr,0
Switzerland,2020 May,3
Switzerland,2020 Jun,12
Switzerland,2020 Jul,47
Switzerland,2020 Aug,49
Switzerland,2020 Sep,43
Switzerland,2020 Oct,77
Switzerland,2020 Nov,50
Switzerland,2020 Dec,63
Switzerland,2021 Jan,51
Switzerland,2021 Feb,77
Switzerland,2021 Mar,53
Switzerland,2021 Apr,49
Switzerland,2021 May,23
Switzerland,2021 Jun,12
Switzerland,2021 Jul,43
Switzerland,2021 Aug,108
Switzerland,2021 Sep,68
Switzerland,2021 Oct,78
Switzerland,2021 Nov,238
Switzerland,2021 Dec,515
United Kingdom,2020 Jan,61634
United Kingdom,2020 Feb,49475
United Kingdom,2020 Mar,20614
United Kingdom,2020 Apr,18
United Kingdom,2020 May,17
United Kingdom,2020 Jun,77
United Kingdom,2020 Jul,278
United Kingdom,2020 Aug,239
United Kingdom,2020 Sep,253
United Kingdom,2020 Oct,205
United Kingdom,2020 Nov,267
United Kingdom,2020 Dec,290
United Kingdom,2021 Jan,111
United Kingdom,2021 Feb,146
United Kingdom,2021 Mar,168
United Kingdom,2021 Apr,136
United Kingdom,2021 May,92
United Kingdom,2021 Jun,100
United Kingdom,2021 Jul,291
United Kingdom,2021 Aug,367
United Kingdom,2021 Sep,391
United Kingdom,2021 Oct,965
United Kingdom,2021 Nov,2117
United Kingdom,2021 Dec,3668
Other Markets In Europe,2020 Jan,35733
Other Markets In Europe,2020 Feb,28008
Other Markets In Europe,2020 Mar,8745
Other Markets In Europe,2020 Apr,8
Other Markets In Europe,2020 May,43
Other Markets In Europe,2020 Jun,72
Other Markets In Europe,2020 Jul,139
Other Markets In Europe,2020 Aug,131
Other Markets In Europe,2020 Sep,171
Other Markets In Europe,2020 Oct,152
Other Markets In Europe,2020 Nov,139
Other Markets In Europe,2020 Dec,181
Other Markets In Europe,2021 Jan,319
Other Markets In Europe,2021 Feb,186
Other Markets In Europe,2021 Mar,229
Other Markets In Europe,2021 Apr,192
Other Markets In Europe,2021 May,83
Other Markets In Europe,2021 Jun,45
Other Markets In Europe,2021 Jul,90
Other Markets In Europe,2021 Aug,196
Other Markets In Europe,2021 Sep,259
Other Markets In Europe,2021 Oct,275
Other Markets In Europe,2021 Nov,169
Other Markets In Europe,2021 Dec,398
Oceania,2020 Jan,148055
Oceania,2020 Feb,62292
Oceania,2020 Mar,21275
Oceania,2020 Apr,14
Oceania,2020 May,18
Oceania,2020 Jun,66
Oceania,2020 Jul,160
Oceania,2020 Aug,181
Oceania,2020 Sep,222
Oceania,2020 Oct,290
Oceania,2020 Nov,481
Oceania,2020 Dec,1000
Oceania,2021 Jan,642
Oceania,2021 Feb,271
Oceania,2021 Mar,318
Oceania,2021 Apr,292
Oceania,2021 May,294
Oceania,2021 Jun,251
Oceania,2021 Jul,366
Oceania,2021 Aug,370
Oceania,2021 Sep,366
Oceania,2021 Oct,332
Oceania,2021 Nov,1668
Oceania,2021 Dec,5632
Australia,2020 Jan,130626
Australia,2020 Feb,54791
Australia,2020 Mar,18736
Australia,2020 Apr,7
Australia,2020 May,16
Australia,2020 Jun,63
Australia,2020 Jul,131
Australia,2020 Aug,166
Australia,2020 Sep,155
Australia,2020 Oct,223
Australia,2020 Nov,438
Australia,2020 Dec,887
Australia,2021 Jan,579
Australia,2021 Feb,234
Australia,2021 Mar,274
Australia,2021 Apr,242
Australia,2021 May,250
Australia,2021 Jun,193
Australia,2021 Jul,289
Australia,2021 Aug,301
Australia,2021 Sep,278
Australia,2021 Oct,263
Australia,2021 Nov,1624
Australia,2021 Dec,5525
New Zealand,2020 Jan,15141
New Zealand,2020 Feb,6185
New Zealand,2020 Mar,2127
New Zealand,2020 Apr,1
New Zealand,2020 May,1
New Zealand,2020 Jun,3
New Zealand,2020 Jul,27
New Zealand,2020 Aug,12
New Zealand,2020 Sep,63
New Zealand,2020 Oct,63
New Zealand,2020 Nov,38
New Zealand,2020 Dec,106
New Zealand,2021 Jan,63
New Zealand,2021 Feb,31
New Zealand,2021 Mar,28
New Zealand,2021 Apr,39
New Zealand,2021 May,32
New Zealand,2021 Jun,58
New Zealand,2021 Jul,73
New Zealand,2021 Aug,50
New Zealand,2021 Sep,75
New Zealand,2021 Oct,58
New Zealand,2021 Nov,25
New Zealand,2021 Dec,63
Other Markets In Oceania,2020 Jan,2288
Other Markets In Oceania,2020 Feb,1316
Other Markets In Oceania,2020 Mar,412
Other Markets In Oceania,2020 Apr,6
Other Markets In Oceania,2020 May,1
Other Markets In Oceania,2020 Jun,0
Other Markets In Oceania,2020 Jul,2
Other Markets In Oceania,2020 Aug,3
Other Markets In Oceania,2020 Sep,4
Other Markets In Oceania,2020 Oct,4
Other Markets In Oceania,2020 Nov,5
Other Markets In Oceania,2020 Dec,7
Other Markets In Oceania,2021 Jan,0
Other Markets In Oceania,2021 Feb,6
Other Markets In Oceania,2021 Mar,16
Other Markets In Oceania,2021 Apr,11
Other Markets In Oceania,2021 May,12
Other Markets In Oceania,2021 Jun,0
Other Markets In Oceania,2021 Jul,4
Other Markets In Oceania,2021 Aug,19
Other Markets In Oceania,2021 Sep,13
Other Markets In Oceania,2021 Oct,11
Other Markets In Oceania,2021 Nov,19
Other Markets In Oceania,2021 Dec,44
Africa,2020 Jan,9271
Africa,2020 Feb,3435
Africa,2020 Mar,1381
Africa,2020 Apr,3
Africa,2020 May,1
Africa,2020 Jun,9
Africa,2020 Jul,19
Africa,2020 Aug,55
Africa,2020 Sep,41
Africa,2020 Oct,49
Africa,2020 Nov,39
Africa,2020 Dec,61
Africa,2021 Jan,42
Africa,2021 Feb,35
Africa,2021 Mar,36
Africa,2021 Apr,35
Africa,2021 May,44
Africa,2021 Jun,8
Africa,2021 Jul,31
Africa,2021 Aug,54
Africa,2021 Sep,43
Africa,2021 Oct,71
Africa,2021 Nov,79
Africa,2021 Dec,74
Egypt,2020 Jan,584
Egypt,2020 Feb,302
Egypt,2020 Mar,69
Egypt,2020 Apr,0
Egypt,2020 May,0
Egypt,2020 Jun,0
Egypt,2020 Jul,4
Egypt,2020 Aug,12
Egypt,2020 Sep,10
Egypt,2020 Oct,6
Egypt,2020 Nov,6
Egypt,2020 Dec,13
Egypt,2021 Jan,6
Egypt,2021 Feb,6
Egypt,2021 Mar,8
Egypt,2021 Apr,6
Egypt,2021 May,5
Egypt,2021 Jun,1
Egypt,2021 Jul,0
Egypt,2021 Aug,12
Egypt,2021 Sep,7
Egypt,2021 Oct,10
Egypt,2021 Nov,19
Egypt,2021 Dec,14
Mauritius,2020 Jan,1185
Mauritius,2020 Feb,228
Mauritius,2020 Mar,62
Mauritius,2020 Apr,0
Mauritius,2020 May,1
Mauritius,2020 Jun,0
Mauritius,2020 Jul,0
Mauritius,2020 Aug,0
Mauritius,2020 Sep,0
Mauritius,2020 Oct,4
Mauritius,2020 Nov,5
Mauritius,2020 Dec,2
Mauritius,2021 Jan,4
Mauritius,2021 Feb,1
Mauritius,2021 Mar,3
Mauritius,2021 Apr,3
Mauritius,2021 May,4
Mauritius,2021 Jun,0
Mauritius,2021 Jul,0
Mauritius,2021 Aug,5
Mauritius,2021 Sep,1
Mauritius,2021 Oct,3
Mauritius,2021 Nov,2
Mauritius,2021 Dec,9
South Africa (Rep Of),2020 Jan,4659
South Africa (Rep Of),2020 Feb,1723
South Africa (Rep Of),2020 Mar,854
South Africa (Rep Of),2020 Apr,0
South Africa (Rep Of),2020 May,0
South Africa (Rep Of),2020 Jun,7
South Africa (Rep Of),2020 Jul,10
South Africa (Rep Of),2020 Aug,21
South Africa (Rep Of),2020 Sep,10
South Africa (Rep Of),2020 Oct,14
South Africa (Rep Of),2020 Nov,13
South Africa (Rep Of),2020 Dec,15
South Africa (Rep Of),2021 Jan,10
South Africa (Rep Of),2021 Feb,8
South Africa (Rep Of),2021 Mar,8
South Africa (Rep Of),2021 Apr,12
South Africa (Rep Of),2021 May,9
South Africa (Rep Of),2021 Jun,6
South Africa (Rep Of),2021 Jul,17
South Africa (Rep Of),2021 Aug,5
South Africa (Rep Of),2021 Sep,16
South Africa (Rep Of),2021 Oct,33
South Africa (Rep Of),2021 Nov,23
South Africa (Rep Of),2021 Dec,12
Other Markets In Africa,2020 Jan,2843
Other Markets In Africa,2020 Feb,1182
Other Markets In Africa,2020 Mar,396
Other Markets In Africa,2020 Apr,3
Other Markets In Africa,2020 May,0
Other Markets In Africa,2020 Jun,2
Other Markets In Africa,2020 Jul,5
Other Markets In Africa,2020 Aug,22
Other Markets In Africa,2020 Sep,21
Other Markets In Africa,2020 Oct,25
Other Markets In Africa,2020 Nov,15
Other Markets In Africa,2020 Dec,31
Other Markets In Africa,2021 Jan,22
Other Markets In Africa,2021 Feb,20
Other Markets In Africa,2021 Mar,17
Other Markets In Africa,2021 Apr,14
Other Markets In Africa,2021 May,26
Other Markets In Africa,2021 Jun,1
Other Markets In Africa,2021 Jul,14
Other Markets In Africa,2021 Aug,32
Other Markets In Africa,2021 Sep,19
Other Markets In Africa,2021 Oct,25
Other Markets In Africa,2021 Nov,35
Other Markets In Africa,2021 Dec,39
Others,2020 Jan,1
Others,2020 Feb,1
Others,2020 Mar,0
Others,2020 Apr,0
Others,2020 May,0
Others,2020 Jun,0
Others,2020 Jul,0
Others,2020 Aug,0
Others,2020 Sep,0
Others,2020 Oct,0
Others,2020 Nov,0
Others,2020 Dec,1
Others,2021 Jan,1
Others,2021 Feb,0
Others,2021 Mar,0
Others,2021 Apr,1
Others,2021 May,0
Others,2021 Jun,0
Others,2021 Jul,3
Others,2021 Aug,3
Others,2021 Sep,1
Others,2021 Oct,7
Others,2021 Nov,5
Others,2021 Dec,11
Total International Visitor Arrivals By Place Of Residence,2022 Jan,57174
Total International Visitor Arrivals By Place Of Residence,2022 Feb,67765
Total International Visitor Arrivals By Place Of Residence,2022 Mar,121207
Total International Visitor Arrivals By Place Of Residence,2022 Apr,295095
Total International Visitor Arrivals By Place Of Residence,2022 May,418458
Total International Visitor Arrivals By Place Of Residence,2022 Jun,543733
Total International Visitor Arrivals By Place Of Residence,2022 Jul,726739
Total International Visitor Arrivals By Place Of Residence,2022 Aug,728744
Total International Visitor Arrivals By Place Of Residence,2022 Sep,782215
Total International Visitor Arrivals By Place Of Residence,2022 Oct,816833
Total International Visitor Arrivals By Place Of Residence,2022 Nov,816340
Total International Visitor Arrivals By Place Of Residence,2022 Dec,931441
Total International Visitor Arrivals By Place Of Residence,2023 Jan,931814
Total International Visitor Arrivals By Place Of Residence,2023 Feb,957844
Total International Visitor Arrivals By Place Of Residence,2023 Mar,1021040
Total International Visitor Arrivals By Place Of Residence,2023 Apr,1128610
Total International Visitor Arrivals By Place Of Residence,2023 May,1112512
Total International Visitor Arrivals By Place Of Residence,2023 Jun,1129310
Total International Visitor Arrivals By Place Of Residence,2023 Jul,1419642
Total International Visitor Arrivals By Place Of Residence,2023 Aug,1312693
Total International Visitor Arrivals By Place Of Residence,2023 Sep,1130762
Total International Visitor Arrivals By Place Of Residence,2023 Oct,1125964
Total International Visitor Arrivals By Place Of Residence,2023 Nov,1100459
Total International Visitor Arrivals By Place Of Residence,2023 Dec,1231565
Southeast Asia,2022 Jan,17563
Southeast Asia,2022 Feb,18760
Southeast Asia,2022 Mar,41170
Southeast Asia,2022 Apr,137294
Southeast Asia,2022 May,204656
Southeast Asia,2022 Jun,269088
Southeast Asia,2022 Jul,332161
Southeast Asia,2022 Aug,315820
Southeast Asia,2022 Sep,340369
Southeast Asia,2022 Oct,374927
Southeast Asia,2022 Nov,358257
Southeast Asia,2022 Dec,438856
Southeast Asia,2023 Jan,362255
Southeast Asia,2023 Feb,376496
Southeast Asia,2023 Mar,414934
Southeast Asia,2023 Apr,489334
Southeast Asia,2023 May,456263
Southeast Asia,2023 Jun,475814
Southeast Asia,2023 Jul,519036
Southeast Asia,2023 Aug,429652
Southeast Asia,2023 Sep,404106
Southeast Asia,2023 Oct,434927
Southeast Asia,2023 Nov,418065
Southeast Asia,2023 Dec,495668
Brunei Darussalam,2022 Jan,113
Brunei Darussalam,2022 Feb,163
Brunei Darussalam,2022 Mar,280
Brunei Darussalam,2022 Apr,807
Brunei Darussalam,2022 May,2271
Brunei Darussalam,2022 Jun,2202
Brunei Darussalam,2022 Jul,3239
Brunei Darussalam,2022 Aug,3426
Brunei Darussalam,2022 Sep,3809
Brunei Darussalam,2022 Oct,3733
Brunei Darussalam,2022 Nov,4273
Brunei Darussalam,2022 Dec,7324
Brunei Darussalam,2023 Jan,3653
Brunei Darussalam,2023 Feb,4739
Brunei Darussalam,2023 Mar,4460
Brunei Darussalam,2023 Apr,5850
Brunei Darussalam,2023 May,4570
Brunei Darussalam,2023 Jun,4121
Brunei Darussalam,2023 Jul,5108
Brunei Darussalam,2023 Aug,6214
Brunei Darussalam,2023 Sep,4502
Brunei Darussalam,2023 Oct,4390
Brunei Darussalam,2023 Nov,4799
Brunei Darussalam,2023 Dec,9281
Indonesia,2022 Jan,5885
Indonesia,2022 Feb,6872
Indonesia,2022 Mar,13622
Indonesia,2022 Apr,58330
Indonesia,2022 May,86745
Indonesia,2022 Jun,110094
Indonesia,2022 Jul,119086
Indonesia,2022 Aug,108252
Indonesia,2022 Sep,120169
Indonesia,2022 Oct,133408
Indonesia,2022 Nov,144444
Indonesia,2022 Dec,197261
Indonesia,2023 Jan,168975
Indonesia,2023 Feb,156448
Indonesia,2023 Mar,171507
Indonesia,2023 Apr,220067
Indonesia,2023 May,183758
Indonesia,2023 Jun,217052
Indonesia,2023 Jul,229886
Indonesia,2023 Aug,168122
Indonesia,2023 Sep,175603
Indonesia,2023 Oct,180884
Indonesia,2023 Nov,184281
Indonesia,2023 Dec,244322
Malaysia,2022 Jan,5203
Malaysia,2022 Feb,4468
Malaysia,2022 Mar,10610
Malaysia,2022 Apr,25319
Malaysia,2022 May,43214
Malaysia,2022 Jun,49878
Malaysia,2022 Jul,61575
Malaysia,2022 Aug,63905
Malaysia,2022 Sep,81914
Malaysia,2022 Oct,77092
Malaysia,2022 Nov,72305
Malaysia,2022 Dec,95475
Malaysia,2023 Jan,72756
Malaysia,2023 Feb,88040
Malaysia,2023 Mar,97835
Malaysia,2023 Apr,98190
Malaysia,2023 May,98347
Malaysia,2023 Jun,85945
Malaysia,2023 Jul,84876
Malaysia,2023 Aug,88044
Malaysia,2023 Sep,89384
Malaysia,2023 Oct,88643
Malaysia,2023 Nov,93414
Malaysia,2023 Dec,102683
Myanmar,2022 Jan,2954
Myanmar,2022 Feb,2024
Myanmar,2022 Mar,3516
Myanmar,2022 Apr,5474
Myanmar,2022 May,6218
Myanmar,2022 Jun,9095
Myanmar,2022 Jul,10398
Myanmar,2022 Aug,8594
Myanmar,2022 Sep,8341
Myanmar,2022 Oct,9078
Myanmar,2022 Nov,9070
Myanmar,2022 Dec,10523
Myanmar,2023 Jan,8982
Myanmar,2023 Feb,7734
Myanmar,2023 Mar,9122
Myanmar,2023 Apr,11787
Myanmar,2023 May,10104
Myanmar,2023 Jun,9877
Myanmar,2023 Jul,10811
Myanmar,2023 Aug,10159
Myanmar,2023 Sep,10631
Myanmar,2023 Oct,11360
Myanmar,2023 Nov,11774
Myanmar,2023 Dec,13146
Philippines,2022 Jan,1469
Philippines,2022 Feb,2026
Philippines,2022 Mar,6250
Philippines,2022 Apr,16940
Philippines,2022 May,22379
Philippines,2022 Jun,32139
Philippines,2022 Jul,45338
Philippines,2022 Aug,42542
Philippines,2022 Sep,44856
Philippines,2022 Oct,56747
Philippines,2022 Nov,54793
Philippines,2022 Dec,56509
Philippines,2023 Jan,38484
Philippines,2023 Feb,47446
Philippines,2023 Mar,50591
Philippines,2023 Apr,57030
Philippines,2023 May,59346
Philippines,2023 Jun,71409
Philippines,2023 Jul,77160
Philippines,2023 Aug,61802
Philippines,2023 Sep,50679
Philippines,2023 Oct,54649
Philippines,2023 Nov,61213
Philippines,2023 Dec,62866
Thailand,2022 Jan,1060
Thailand,2022 Feb,1622
Thailand,2022 Mar,3038
Thailand,2022 Apr,10647
Thailand,2022 May,18487
Thailand,2022 Jun,23406
Thailand,2022 Jul,36615
Thailand,2022 Aug,33284
Thailand,2022 Sep,32426
Thailand,2022 Oct,52274
Thailand,2022 Nov,34566
Thailand,2022 Dec,36006
Thailand,2023 Jan,29735
Thailand,2023 Feb,37156
Thailand,2023 Mar,43145
Thailand,2023 Apr,49727
Thailand,2023 May,40375
Thailand,2023 Jun,31029
Thailand,2023 Jul,41367
Thailand,2023 Aug,34938
Thailand,2023 Sep,32307
Thailand,2023 Oct,53442
Thailand,2023 Nov,26808
Thailand,2023 Dec,29987
Vietnam,2022 Jan,627
Vietnam,2022 Feb,1055
Vietnam,2022 Mar,2932
Vietnam,2022 Apr,16657
Vietnam,2022 May,21570
Vietnam,2022 Jun,36857
Vietnam,2022 Jul,48870
Vietnam,2022 Aug,48939
Vietnam,2022 Sep,41129
Vietnam,2022 Oct,36242
Vietnam,2022 Nov,30175
Vietnam,2022 Dec,27661
Vietnam,2023 Jan,31824
Vietnam,2023 Feb,27896
Vietnam,2023 Mar,31347
Vietnam,2023 Apr,36630
Vietnam,2023 May,50765
Vietnam,2023 Jun,48924
Vietnam,2023 Jul,60188
Vietnam,2023 Aug,51381
Vietnam,2023 Sep,34736
Vietnam,2023 Oct,32730
Vietnam,2023 Nov,27484
Vietnam,2023 Dec,24680
Other Markets In Southeast Asia,2022 Jan,252
Other Markets In Southeast Asia,2022 Feb,530
Other Markets In Southeast Asia,2022 Mar,922
Other Markets In Southeast Asia,2022 Apr,3120
Other Markets In Southeast Asia,2022 May,3772
Other Markets In Southeast Asia,2022 Jun,5417
Other Markets In Southeast Asia,2022 Jul,7040
Other Markets In Southeast Asia,2022 Aug,6878
Other Markets In Southeast Asia,2022 Sep,7725
Other Markets In Southeast Asia,2022 Oct,6353
Other Markets In Southeast Asia,2022 Nov,8631
Other Markets In Southeast Asia,2022 Dec,8097
Other Markets In Southeast Asia,2023 Jan,7846
Other Markets In Southeast Asia,2023 Feb,7037
Other Markets In Southeast Asia,2023 Mar,6927
Other Markets In Southeast Asia,2023 Apr,10053
Other Markets In Southeast Asia,2023 May,8998
Other Markets In Southeast Asia,2023 Jun,7457
Other Markets In Southeast Asia,2023 Jul,9640
Other Markets In Southeast Asia,2023 Aug,8992
Other Markets In Southeast Asia,2023 Sep,6264
Other Markets In Southeast Asia,2023 Oct,8829
Other Markets In Southeast Asia,2023 Nov,8292
Other Markets In Southeast Asia,2023 Dec,8703
Greater China,2022 Jan,5759
Greater China,2022 Feb,6177
Greater China,2022 Mar,8563
Greater China,2022 Apr,13729
Greater China,2022 May,17723
Greater China,2022 Jun,23566
Greater China,2022 Jul,35493
Greater China,2022 Aug,33996
Greater China,2022 Sep,36676
Greater China,2022 Oct,42415
Greater China,2022 Nov,49506
Greater China,2022 Dec,60836
Greater China,2023 Jan,89388
Greater China,2023 Feb,82278
Greater China,2023 Mar,105132
Greater China,2023 Apr,150903
Greater China,2023 May,148053
Greater China,2023 Jun,167228
Greater China,2023 Jul,309869
Greater China,2023 Aug,289817
Greater China,2023 Sep,188758
Greater China,2023 Oct,177880
Greater China,2023 Nov,150216
Greater China,2023 Dec,176872
China,2022 Jan,4361
China,2022 Feb,3823
China,2022 Mar,4131
China,2022 Apr,5048
China,2022 May,7150
China,2022 Jun,10191
China,2022 Jul,16622
China,2022 Aug,14735
China,2022 Sep,14127
China,2022 Oct,14971
China,2022 Nov,16024
China,2022 Dec,19685
China,2023 Jan,28375
China,2023 Feb,35312
China,2023 Mar,60888
China,2023 Apr,90725
China,2023 May,95613
China,2023 Jun,113290
China,2023 Jul,231331
China,2023 Aug,215442
China,2023 Sep,135677
China,2023 Oct,122765
China,2023 Nov,104347
China,2023 Dec,130156
Hong Kong SAR,2022 Jan,901
Hong Kong SAR,2022 Feb,1794
Hong Kong SAR,2022 Mar,3774
Hong Kong SAR,2022 Apr,7244
Hong Kong SAR,2022 May,8115
Hong Kong SAR,2022 Jun,9220
Hong Kong SAR,2022 Jul,11343
Hong Kong SAR,2022 Aug,10669
Hong Kong SAR,2022 Sep,13659
Hong Kong SAR,2022 Oct,16052
Hong Kong SAR,2022 Nov,19670
Hong Kong SAR,2022 Dec,26605
Hong Kong SAR,2023 Jan,26208
Hong Kong SAR,2023 Feb,20227
Hong Kong SAR,2023 Mar,23465
Hong Kong SAR,2023 Apr,32791
Hong Kong SAR,2023 May,26356
Hong Kong SAR,2023 Jun,23179
Hong Kong SAR,2023 Jul,32175
Hong Kong SAR,2023 Aug,32627
Hong Kong SAR,2023 Sep,25848
Hong Kong SAR,2023 Oct,25108
Hong Kong SAR,2023 Nov,22646
Hong Kong SAR,2023 Dec,26440
Taiwan,2022 Jan,430
Taiwan,2022 Feb,531
Taiwan,2022 Mar,597
Taiwan,2022 Apr,1052
Taiwan,2022 May,1961
Taiwan,2022 Jun,3302
Taiwan,2022 Jul,6104
Taiwan,2022 Aug,7420
Taiwan,2022 Sep,7918
Taiwan,2022 Oct,10543
Taiwan,2022 Nov,12592
Taiwan,2022 Dec,12603
Taiwan,2023 Jan,31444
Taiwan,2023 Feb,25037
Taiwan,2023 Mar,19204
Taiwan,2023 Apr,25280
Taiwan,2023 May,24313
Taiwan,2023 Jun,28980
Taiwan,2023 Jul,43097
Taiwan,2023 Aug,38432
Taiwan,2023 Sep,25818
Taiwan,2023 Oct,28466
Taiwan,2023 Nov,21575
Taiwan,2023 Dec,17394
Other Markets In Greater China,2022 Jan,67
Other Markets In Greater China,2022 Feb,29
Other Markets In Greater China,2022 Mar,61
Other Markets In Greater China,2022 Apr,385
Other Markets In Greater China,2022 May,497
Other Markets In Greater China,2022 Jun,853
Other Markets In Greater China,2022 Jul,1424
Other Markets In Greater China,2022 Aug,1172
Other Markets In Greater China,2022 Sep,972
Other Markets In Greater China,2022 Oct,849
Other Markets In Greater China,2022 Nov,1220
Other Markets In Greater China,2022 Dec,1943
Other Markets In Greater China,2023 Jan,3361
Other Markets In Greater China,2023 Feb,1702
Other Markets In Greater China,2023 Mar,1575
Other Markets In Greater China,2023 Apr,2107
Other Markets In Greater China,2023 May,1771
Other Markets In Greater China,2023 Jun,1779
Other Markets In Greater China,2023 Jul,3266
Other Markets In Greater China,2023 Aug,3316
Other Markets In Greater China,2023 Sep,1415
Other Markets In Greater China,2023 Oct,1541
Other Markets In Greater China,2023 Nov,1648
Other Markets In Greater China,2023 Dec,2882
North Asia,2022 Jan,2505
North Asia,2022 Feb,2508
North Asia,2022 Mar,3555
North Asia,2022 Apr,9940
North Asia,2022 May,16953
North Asia,2022 Jun,25153
North Asia,2022 Jul,40886
North Asia,2022 Aug,50394
North Asia,2022 Sep,45900
North Asia,2022 Oct,45806
North Asia,2022 Nov,54365
North Asia,2022 Dec,52077
North Asia,2023 Jan,78923
North Asia,2023 Feb,97981
North Asia,2023 Mar,71803
North Asia,2023 Apr,54012
North Asia,2023 May,68419
North Asia,2023 Jun,65648
North Asia,2023 Jul,103861
North Asia,2023 Aug,130666
North Asia,2023 Sep,94298
North Asia,2023 Oct,83818
North Asia,2023 Nov,84154
North Asia,2023 Dec,71445
Japan,2022 Jan,552
Japan,2022 Feb,534
Japan,2022 Mar,869
Japan,2022 Apr,4343
Japan,2022 May,6321
Japan,2022 Jun,8386
Japan,2022 Jul,12266
Japan,2022 Aug,19153
Japan,2022 Sep,19317
Japan,2022 Oct,17459
Japan,2022 Nov,22698
Japan,2022 Dec,20209
Japan,2023 Jan,18335
Japan,2023 Feb,32932
Japan,2023 Mar,36302
Japan,2023 Apr,22134
Japan,2023 May,29130
Japan,2023 Jun,25370
Japan,2023 Jul,42730
Japan,2023 Aug,68304
Japan,2023 Sep,45989
Japan,2023 Oct,38073
Japan,2023 Nov,41412
Japan,2023 Dec,32124
South Korea,2022 Jan,1953
South Korea,2022 Feb,1972
South Korea,2022 Mar,2686
South Korea,2022 Apr,5578
South Korea,2022 May,10614
South Korea,2022 Jun,16724
South Korea,2022 Jul,28570
South Korea,2022 Aug,31174
South Korea,2022 Sep,26520
South Korea,2022 Oct,28294
South Korea,2022 Nov,31627
South Korea,2022 Dec,31817
South Korea,2023 Jan,60457
South Korea,2023 Feb,64876
South Korea,2023 Mar,35396
South Korea,2023 Apr,31780
South Korea,2023 May,39203
South Korea,2023 Jun,40187
South Korea,2023 Jul,60960
South Korea,2023 Aug,62177
South Korea,2023 Sep,48187
South Korea,2023 Oct,45621
South Korea,2023 Nov,42614
South Korea,2023 Dec,39198
Other Markets In North Asia,2022 Jan,0
Other Markets In North Asia,2022 Feb,2
Other Markets In North Asia,2022 Mar,0
Other Markets In North Asia,2022 Apr,19
Other Markets In North Asia,2022 May,18
Other Markets In North Asia,2022 Jun,43
Other Markets In North Asia,2022 Jul,50
Other Markets In North Asia,2022 Aug,67
Other Markets In North Asia,2022 Sep,63
Other Markets In North Asia,2022 Oct,53
Other Markets In North Asia,2022 Nov,40
Other Markets In North Asia,2022 Dec,51
Other Markets In North Asia,2023 Jan,131
Other Markets In North Asia,2023 Feb,173
Other Markets In North Asia,2023 Mar,105
Other Markets In North Asia,2023 Apr,98
Other Markets In North Asia,2023 May,86
Other Markets In North Asia,2023 Jun,91
Other Markets In North Asia,2023 Jul,171
Other Markets In North Asia,2023 Aug,185
Other Markets In North Asia,2023 Sep,122
Other Markets In North Asia,2023 Oct,124
Other Markets In North Asia,2023 Nov,128
Other Markets In North Asia,2023 Dec,123
South Asia,2022 Jan,16901
South Asia,2022 Feb,20077
South Asia,2022 Mar,36779
South Asia,2022 Apr,52271
South Asia,2022 May,69978
South Asia,2022 Jun,76667
South Asia,2022 Jul,95003
South Asia,2022 Aug,94325
South Asia,2022 Sep,104616
South Asia,2022 Oct,101510
South Asia,2022 Nov,91381
South Asia,2022 Dec,91730
South Asia,2023 Jan,72231
South Asia,2023 Feb,76883
South Asia,2023 Mar,92470
South Asia,2023 Apr,114668
South Asia,2023 May,147713
South Asia,2023 Jun,133366
South Asia,2023 Jul,114733
South Asia,2023 Aug,104652
South Asia,2023 Sep,100567
South Asia,2023 Oct,114672
South Asia,2023 Nov,109957
South Asia,2023 Dec,114964
Bangladesh,2022 Jan,4893
Bangladesh,2022 Feb,3361
Bangladesh,2022 Mar,7480
Bangladesh,2022 Apr,7595
Bangladesh,2022 May,6352
Bangladesh,2022 Jun,7352
Bangladesh,2022 Jul,13119
Bangladesh,2022 Aug,10828
Bangladesh,2022 Sep,10694
Bangladesh,2022 Oct,10975
Bangladesh,2022 Nov,10481
Bangladesh,2022 Dec,9857
Bangladesh,2023 Jan,8789
Bangladesh,2023 Feb,8006
Bangladesh,2023 Mar,9711
Bangladesh,2023 Apr,9824
Bangladesh,2023 May,9529
Bangladesh,2023 Jun,9685
Bangladesh,2023 Jul,11100
Bangladesh,2023 Aug,11124
Bangladesh,2023 Sep,10240
Bangladesh,2023 Oct,10721
Bangladesh,2023 Nov,10118
Bangladesh,2023 Dec,11743
India,2022 Jan,11428
India,2022 Feb,15567
India,2022 Mar,27531
India,2022 Apr,41079
India,2022 May,59198
India,2022 Jun,64337
India,2022 Jul,75130
India,2022 Aug,76249
India,2022 Sep,86393
India,2022 Oct,81796
India,2022 Nov,73694
India,2022 Dec,74067
India,2023 Jan,56605
India,2023 Feb,61301
India,2023 Mar,75339
India,2023 Apr,97032
India,2023 May,130444
India,2023 Jun,114588
India,2023 Jul,93056
India,2023 Aug,83601
India,2023 Sep,81016
India,2023 Oct,94334
India,2023 Nov,90231
India,2023 Dec,92620
Pakistan,2022 Jan,68
Pakistan,2022 Feb,28
Pakistan,2022 Mar,54
Pakistan,2022 Apr,147
Pakistan,2022 May,448
Pakistan,2022 Jun,999
Pakistan,2022 Jul,1405
Pakistan,2022 Aug,1458
Pakistan,2022 Sep,1199
Pakistan,2022 Oct,1492
Pakistan,2022 Nov,1643
Pakistan,2022 Dec,1623
Pakistan,2023 Jan,1452
Pakistan,2023 Feb,1584
Pakistan,2023 Mar,1060
Pakistan,2023 Apr,684
Pakistan,2023 May,1222
Pakistan,2023 Jun,1724
Pakistan,2023 Jul,2654
Pakistan,2023 Aug,1497
Pakistan,2023 Sep,1360
Pakistan,2023 Oct,1484
Pakistan,2023 Nov,1404
Pakistan,2023 Dec,1629
Sri Lanka,2022 Jan,444
Sri Lanka,2022 Feb,885
Sri Lanka,2022 Mar,1529
Sri Lanka,2022 Apr,2928
Sri Lanka,2022 May,2759
Sri Lanka,2022 Jun,2709
Sri Lanka,2022 Jul,3058
Sri Lanka,2022 Aug,3901
Sri Lanka,2022 Sep,4430
Sri Lanka,2022 Oct,4707
Sri Lanka,2022 Nov,3896
Sri Lanka,2022 Dec,4270
Sri Lanka,2023 Jan,3083
Sri Lanka,2023 Feb,3829
Sri Lanka,2023 Mar,4088
Sri Lanka,2023 Apr,4897
Sri Lanka,2023 May,4276
Sri Lanka,2023 Jun,4368
Sri Lanka,2023 Jul,4509
Sri Lanka,2023 Aug,5567
Sri Lanka,2023 Sep,5156
Sri Lanka,2023 Oct,4487
Sri Lanka,2023 Nov,5048
Sri Lanka,2023 Dec,5975
Other Markets In South Asia,2022 Jan,68
Other Markets In South Asia,2022 Feb,236
Other Markets In South Asia,2022 Mar,185
Other Markets In South Asia,2022 Apr,522
Other Markets In South Asia,2022 May,1221
Other Markets In South Asia,2022 Jun,1270
Other Markets In South Asia,2022 Jul,2291
Other Markets In South Asia,2022 Aug,1889
Other Markets In South Asia,2022 Sep,1900
Other Markets In South Asia,2022 Oct,2540
Other Markets In South Asia,2022 Nov,1667
Other Markets In South Asia,2022 Dec,1913
Other Markets In South Asia,2023 Jan,2302
Other Markets In South Asia,2023 Feb,2163
Other Markets In South Asia,2023 Mar,2272
Other Markets In South Asia,2023 Apr,2231
Other Markets In South Asia,2023 May,2242
Other Markets In South Asia,2023 Jun,3001
Other Markets In South Asia,2023 Jul,3414
Other Markets In South Asia,2023 Aug,2863
Other Markets In South Asia,2023 Sep,2795
Other Markets In South Asia,2023 Oct,3646
Other Markets In South Asia,2023 Nov,3156
Other Markets In South Asia,2023 Dec,2997
West Asia,2022 Jan,288
West Asia,2022 Feb,620
West Asia,2022 Mar,1721
West Asia,2022 Apr,3997
West Asia,2022 May,5283
West Asia,2022 Jun,5839
West Asia,2022 Jul,12301
West Asia,2022 Aug,11241
West Asia,2022 Sep,9810
West Asia,2022 Oct,9382
West Asia,2022 Nov,9139
West Asia,2022 Dec,10007
West Asia,2023 Jan,8180
West Asia,2023 Feb,9159
West Asia,2023 Mar,12923
West Asia,2023 Apr,11604
West Asia,2023 May,9408
West Asia,2023 Jun,15806
West Asia,2023 Jul,22773
West Asia,2023 Aug,19790
West Asia,2023 Sep,13928
West Asia,2023 Oct,11379
West Asia,2023 Nov,10698
West Asia,2023 Dec,12730
Iran,2022 Jan,3
Iran,2022 Feb,4
Iran,2022 Mar,12
Iran,2022 Apr,21
Iran,2022 May,127
Iran,2022 Jun,169
Iran,2022 Jul,135
Iran,2022 Aug,122
Iran,2022 Sep,184
Iran,2022 Oct,232
Iran,2022 Nov,232
Iran,2022 Dec,126
Iran,2023 Jan,156
Iran,2023 Feb,175
Iran,2023 Mar,1414
Iran,2023 Apr,421
Iran,2023 May,190
Iran,2023 Jun,322
Iran,2023 Jul,298
Iran,2023 Aug,406
Iran,2023 Sep,1009
Iran,2023 Oct,521
Iran,2023 Nov,560
Iran,2023 Dec,427
Israel,2022 Jan,94
Israel,2022 Feb,298
Israel,2022 Mar,321
Israel,2022 Apr,703
Israel,2022 May,930
Israel,2022 Jun,753
Israel,2022 Jul,1145
Israel,2022 Aug,1199
Israel,2022 Sep,1990
Israel,2022 Oct,2186
Israel,2022 Nov,1403
Israel,2022 Dec,916
Israel,2023 Jan,1342
Israel,2023 Feb,1510
Israel,2023 Mar,1639
Israel,2023 Apr,1275
Israel,2023 May,1184
Israel,2023 Jun,1012
Israel,2023 Jul,1596
Israel,2023 Aug,1669
Israel,2023 Sep,1805
Israel,2023 Oct,1029
Israel,2023 Nov,592
Israel,2023 Dec,693
Kuwait,2022 Jan,2
Kuwait,2022 Feb,4
Kuwait,2022 Mar,4
Kuwait,2022 Apr,52
Kuwait,2022 May,115
Kuwait,2022 Jun,281
Kuwait,2022 Jul,747
Kuwait,2022 Aug,1053
Kuwait,2022 Sep,468
Kuwait,2022 Oct,222
Kuwait,2022 Nov,229
Kuwait,2022 Dec,476
Kuwait,2023 Jan,672
Kuwait,2023 Feb,359
Kuwait,2023 Mar,205
Kuwait,2023 Apr,308
Kuwait,2023 May,305
Kuwait,2023 Jun,967
Kuwait,2023 Jul,1511
Kuwait,2023 Aug,2157
Kuwait,2023 Sep,521
Kuwait,2023 Oct,473
Kuwait,2023 Nov,269
Kuwait,2023 Dec,512
Saudi Arabia,2022 Jan,37
Saudi Arabia,2022 Feb,29
Saudi Arabia,2022 Mar,79
Saudi Arabia,2022 Apr,201
Saudi Arabia,2022 May,333
Saudi Arabia,2022 Jun,558
Saudi Arabia,2022 Jul,1417
Saudi Arabia,2022 Aug,1190
Saudi Arabia,2022 Sep,813
Saudi Arabia,2022 Oct,738
Saudi Arabia,2022 Nov,1085
Saudi Arabia,2022 Dec,689
Saudi Arabia,2023 Jan,532
Saudi Arabia,2023 Feb,688
Saudi Arabia,2023 Mar,880
Saudi Arabia,2023 Apr,750
Saudi Arabia,2023 May,836
Saudi Arabia,2023 Jun,2965
Saudi Arabia,2023 Jul,5249
Saudi Arabia,2023 Aug,3123
Saudi Arabia,2023 Sep,1844
Saudi Arabia,2023 Oct,1764
Saudi Arabia,2023 Nov,2652
Saudi Arabia,2023 Dec,1568
United Arab Emirates,2022 Jan,110
United Arab Emirates,2022 Feb,203
United Arab Emirates,2022 Mar,1084
United Arab Emirates,2022 Apr,2539
United Arab Emirates,2022 May,3047
United Arab Emirates,2022 Jun,3012
United Arab Emirates,2022 Jul,6322
United Arab Emirates,2022 Aug,5974
United Arab Emirates,2022 Sep,4980
United Arab Emirates,2022 Oct,4671
United Arab Emirates,2022 Nov,4888
United Arab Emirates,2022 Dec,6135
United Arab Emirates,2023 Jan,4074
United Arab Emirates,2023 Feb,4971
United Arab Emirates,2023 Mar,6795
United Arab Emirates,2023 Apr,6714
United Arab Emirates,2023 May,5240
United Arab Emirates,2023 Jun,7525
United Arab Emirates,2023 Jul,9793
United Arab Emirates,2023 Aug,8749
United Arab Emirates,2023 Sep,6769
United Arab Emirates,2023 Oct,5534
United Arab Emirates,2023 Nov,5120
United Arab Emirates,2023 Dec,7156
Other Markets In West Asia,2022 Jan,42
Other Markets In West Asia,2022 Feb,82
Other Markets In West Asia,2022 Mar,221
Other Markets In West Asia,2022 Apr,481
Other Markets In West Asia,2022 May,731
Other Markets In West Asia,2022 Jun,1066
Other Markets In West Asia,2022 Jul,2535
Other Markets In West Asia,2022 Aug,1703
Other Markets In West Asia,2022 Sep,1375
Other Markets In West Asia,2022 Oct,1333
Other Markets In West Asia,2022 Nov,1302
Other Markets In West Asia,2022 Dec,1665
Other Markets In West Asia,2023 Jan,1404
Other Markets In West Asia,2023 Feb,1456
Other Markets In West Asia,2023 Mar,1990
Other Markets In West Asia,2023 Apr,2136
Other Markets In West Asia,2023 May,1653
Other Markets In West Asia,2023 Jun,3015
Other Markets In West Asia,2023 Jul,4326
Other Markets In West Asia,2023 Aug,3686
Other Markets In West Asia,2023 Sep,1980
Other Markets In West Asia,2023 Oct,2058
Other Markets In West Asia,2023 Nov,1505
Other Markets In West Asia,2023 Dec,2374
Americas,2022 Jan,2928
Americas,2022 Feb,4442
Americas,2022 Mar,6521
Americas,2022 Apr,14729
Americas,2022 May,25106
Americas,2022 Jun,36723
Americas,2022 Jul,47365
Americas,2022 Aug,44100
Americas,2022 Sep,46342
Americas,2022 Oct,49922
Americas,2022 Nov,61086
Americas,2022 Dec,67342
Americas,2023 Jan,67902
Americas,2023 Feb,72702
Americas,2023 Mar,73624
Americas,2023 Apr,61029
Americas,2023 May,70426
Americas,2023 Jun,70361
Americas,2023 Jul,81637
Americas,2023 Aug,62996
Americas,2023 Sep,62765
Americas,2023 Oct,60726
Americas,2023 Nov,80020
Americas,2023 Dec,83791
Canada,2022 Jan,469
Canada,2022 Feb,545
Canada,2022 Mar,871
Canada,2022 Apr,2004
Canada,2022 May,3604
Canada,2022 Jun,3651
Canada,2022 Jul,5268
Canada,2022 Aug,6116
Canada,2022 Sep,6594
Canada,2022 Oct,7217
Canada,2022 Nov,9638
Canada,2022 Dec,9047
Canada,2023 Jan,11207
Canada,2023 Feb,13407
Canada,2023 Mar,12626
Canada,2023 Apr,9428
Canada,2023 May,12592
Canada,2023 Jun,6664
Canada,2023 Jul,9770
Canada,2023 Aug,9877
Canada,2023 Sep,8407
Canada,2023 Oct,9006
Canada,2023 Nov,13173
Canada,2023 Dec,10998
USA,2022 Jan,2264
USA,2022 Feb,3775
USA,2022 Mar,5448
USA,2022 Apr,12001
USA,2022 May,19764
USA,2022 Jun,30990
USA,2022 Jul,39120
USA,2022 Aug,34497
USA,2022 Sep,34503
USA,2022 Oct,36734
USA,2022 Nov,45666
USA,2022 Dec,53688
USA,2023 Jan,50492
USA,2023 Feb,52830
USA,2023 Mar,54157
USA,2023 Apr,44779
USA,2023 May,50898
USA,2023 Jun,59074
USA,2023 Jul,64786
USA,2023 Aug,48489
USA,2023 Sep,46605
USA,2023 Oct,44140
USA,2023 Nov,58805
USA,2023 Dec,65946
Other Markets In Americas,2022 Jan,195
Other Markets In Americas,2022 Feb,122
Other Markets In Americas,2022 Mar,202
Other Markets In Americas,2022 Apr,724
Other Markets In Americas,2022 May,1738
Other Markets In Americas,2022 Jun,2082
Other Markets In Americas,2022 Jul,2977
Other Markets In Americas,2022 Aug,3487
Other Markets In Americas,2022 Sep,5245
Other Markets In Americas,2022 Oct,5971
Other Markets In Americas,2022 Nov,5782
Other Markets In Americas,2022 Dec,4607
Other Markets In Americas,2023 Jan,6203
Other Markets In Americas,2023 Feb,6465
Other Markets In Americas,2023 Mar,6841
Other Markets In Americas,2023 Apr,6822
Other Markets In Americas,2023 May,6936
Other Markets In Americas,2023 Jun,4623
Other Markets In Americas,2023 Jul,7081
Other Markets In Americas,2023 Aug,4630
Other Markets In Americas,2023 Sep,7753
Other Markets In Americas,2023 Oct,7580
Other Markets In Americas,2023 Nov,8042
Other Markets In Americas,2023 Dec,6847
Europe,2022 Jan,7225
Europe,2022 Feb,10444
Europe,2022 Mar,14625
Europe,2022 Apr,32971
Europe,2022 May,42110
Europe,2022 Jun,48879
Europe,2022 Jul,83308
Europe,2022 Aug,110258
Europe,2022 Sep,100653
Europe,2022 Oct,103897
Europe,2022 Nov,109366
Europe,2022 Dec,102982
Europe,2023 Jan,131839
Europe,2023 Feb,156384
Europe,2023 Mar,161938
Europe,2023 Apr,135415
Europe,2023 May,113597
Europe,2023 Jun,88537
Europe,2023 Jul,144826
Europe,2023 Aug,173132
Europe,2023 Sep,137745
Europe,2023 Oct,132680
Europe,2023 Nov,141356
Europe,2023 Dec,138310
Belgium & Luxembourg,2022 Jan,61
Belgium & Luxembourg,2022 Feb,70
Belgium & Luxembourg,2022 Mar,214
Belgium & Luxembourg,2022 Apr,564
Belgium & Luxembourg,2022 May,765
Belgium & Luxembourg,2022 Jun,885
Belgium & Luxembourg,2022 Jul,2206
Belgium & Luxembourg,2022 Aug,2256
Belgium & Luxembourg,2022 Sep,2190
Belgium & Luxembourg,2022 Oct,1730
Belgium & Luxembourg,2022 Nov,1965
Belgium & Luxembourg,2022 Dec,1458
Belgium & Luxembourg,2023 Jan,1707
Belgium & Luxembourg,2023 Feb,2079
Belgium & Luxembourg,2023 Mar,2215
Belgium & Luxembourg,2023 Apr,2144
Belgium & Luxembourg,2023 May,2066
Belgium & Luxembourg,2023 Jun,1646
Belgium & Luxembourg,2023 Jul,3995
Belgium & Luxembourg,2023 Aug,3466
Belgium & Luxembourg,2023 Sep,2850
Belgium & Luxembourg,2023 Oct,2371
Belgium & Luxembourg,2023 Nov,2469
Belgium & Luxembourg,2023 Dec,1912
Denmark,2022 Jan,194
Denmark,2022 Feb,340
Denmark,2022 Mar,438
Denmark,2022 Apr,1004
Denmark,2022 May,898
Denmark,2022 Jun,1098
Denmark,2022 Jul,2634
Denmark,2022 Aug,1608
Denmark,2022 Sep,2070
Denmark,2022 Oct,2340
Denmark,2022 Nov,2014
Denmark,2022 Dec,1769
Denmark,2023 Jan,2674
Denmark,2023 Feb,3216
Denmark,2023 Mar,2679
Denmark,2023 Apr,2407
Denmark,2023 May,1727
Denmark,2023 Jun,1499
Denmark,2023 Jul,2881
Denmark,2023 Aug,1703
Denmark,2023 Sep,2158
Denmark,2023 Oct,2636
Denmark,2023 Nov,2276
Denmark,2023 Dec,2042
Finland,2022 Jan,121
Finland,2022 Feb,129
Finland,2022 Mar,181
Finland,2022 Apr,448
Finland,2022 May,588
Finland,2022 Jun,710
Finland,2022 Jul,894
Finland,2022 Aug,628
Finland,2022 Sep,1122
Finland,2022 Oct,1759
Finland,2022 Nov,1810
Finland,2022 Dec,1391
Finland,2023 Jan,2247
Finland,2023 Feb,2312
Finland,2023 Mar,2131
Finland,2023 Apr,1318
Finland,2023 May,1122
Finland,2023 Jun,1221
Finland,2023 Jul,1062
Finland,2023 Aug,838
Finland,2023 Sep,1275
Finland,2023 Oct,2059
Finland,2023 Nov,2236
Finland,2023 Dec,1957
France,2022 Jan,1077
France,2022 Feb,1760
France,2022 Mar,1759
France,2022 Apr,3744
France,2022 May,5068
France,2022 Jun,5501
France,2022 Jul,10598
France,2022 Aug,16618
France,2022 Sep,10200
France,2022 Oct,10665
France,2022 Nov,10546
France,2022 Dec,8554
France,2023 Jan,9873
France,2023 Feb,13722
France,2023 Mar,12924
France,2023 Apr,13260
France,2023 May,13557
France,2023 Jun,9709
France,2023 Jul,18158
France,2023 Aug,24471
France,2023 Sep,13476
France,2023 Oct,13088
France,2023 Nov,12002
France,2023 Dec,10010
Germany,2022 Jan,1193
Germany,2022 Feb,1645
Germany,2022 Mar,2434
Germany,2022 Apr,5378
Germany,2022 May,7034
Germany,2022 Jun,8868
Germany,2022 Jul,12345
Germany,2022 Aug,16917
Germany,2022 Sep,17810
Germany,2022 Oct,18184
Germany,2022 Nov,18279
Germany,2022 Dec,20499
Germany,2023 Jan,26678
Germany,2023 Feb,31063
Germany,2023 Mar,34976
Germany,2023 Apr,24219
Germany,2023 May,22534
Germany,2023 Jun,15026
Germany,2023 Jul,21074
Germany,2023 Aug,24633
Germany,2023 Sep,25075
Germany,2023 Oct,24581
Germany,2023 Nov,26528
Germany,2023 Dec,25476
Italy,2022 Jan,212
Italy,2022 Feb,346
Italy,2022 Mar,450
Italy,2022 Apr,933
Italy,2022 May,1372
Italy,2022 Jun,1656
Italy,2022 Jul,3366
Italy,2022 Aug,9544
Italy,2022 Sep,4994
Italy,2022 Oct,3697
Italy,2022 Nov,3775
Italy,2022 Dec,2777
Italy,2023 Jan,4082
Italy,2023 Feb,4861
Italy,2023 Mar,4643
Italy,2023 Apr,4220
Italy,2023 May,4092
Italy,2023 Jun,3426
Italy,2023 Jul,6965
Italy,2023 Aug,20896
Italy,2023 Sep,6547
Italy,2023 Oct,4058
Italy,2023 Nov,4119
Italy,2023 Dec,4237
Netherlands,2022 Jan,474
Netherlands,2022 Feb,713
Netherlands,2022 Mar,940
Netherlands,2022 Apr,2391
Netherlands,2022 May,3362
Netherlands,2022 Jun,3165
Netherlands,2022 Jul,7135
Netherlands,2022 Aug,8174
Netherlands,2022 Sep,6814
Netherlands,2022 Oct,6523
Netherlands,2022 Nov,5853
Netherlands,2022 Dec,5634
Netherlands,2023 Jan,6430
Netherlands,2023 Feb,7053
Netherlands,2023 Mar,6956
Netherlands,2023 Apr,6398
Netherlands,2023 May,6631
Netherlands,2023 Jun,5041
Netherlands,2023 Jul,10867
Netherlands,2023 Aug,11327
Netherlands,2023 Sep,8584
Netherlands,2023 Oct,7363
Netherlands,2023 Nov,7110
Netherlands,2023 Dec,6723
Norway,2022 Jan,95
Norway,2022 Feb,69
Norway,2022 Mar,168
Norway,2022 Apr,617
Norway,2022 May,745
Norway,2022 Jun,1079
Norway,2022 Jul,2067
Norway,2022 Aug,1432
Norway,2022 Sep,1311
Norway,2022 Oct,1771
Norway,2022 Nov,1728
Norway,2022 Dec,1610
Norway,2023 Jan,1891
Norway,2023 Feb,2439
Norway,2023 Mar,2342
Norway,2023 Apr,1810
Norway,2023 May,1210
Norway,2023 Jun,1831
Norway,2023 Jul,3585
Norway,2023 Aug,1378
Norway,2023 Sep,2013
Norway,2023 Oct,1776
Norway,2023 Nov,1954
Norway,2023 Dec,1732
Rep Of Ireland,2022 Jan,44
Rep Of Ireland,2022 Feb,49
Rep Of Ireland,2022 Mar,105
Rep Of Ireland,2022 Apr,381
Rep Of Ireland,2022 May,625
Rep Of Ireland,2022 Jun,869
Rep Of Ireland,2022 Jul,1483
Rep Of Ireland,2022 Aug,1482
Rep Of Ireland,2022 Sep,1592
Rep Of Ireland,2022 Oct,1530
Rep Of Ireland,2022 Nov,1567
Rep Of Ireland,2022 Dec,1359
Rep Of Ireland,2023 Jan,1767
Rep Of Ireland,2023 Feb,1868
Rep Of Ireland,2023 Mar,1992
Rep Of Ireland,2023 Apr,1893
Rep Of Ireland,2023 May,1777
Rep Of Ireland,2023 Jun,1626
Rep Of Ireland,2023 Jul,2344
Rep Of Ireland,2023 Aug,1984
Rep Of Ireland,2023 Sep,2062
Rep Of Ireland,2023 Oct,1776
Rep Of Ireland,2023 Nov,2042
Rep Of Ireland,2023 Dec,1612
Russian Federation,2022 Jan,50
Russian Federation,2022 Feb,49
Russian Federation,2022 Mar,78
Russian Federation,2022 Apr,181
Russian Federation,2022 May,218
Russian Federation,2022 Jun,308
Russian Federation,2022 Jul,452
Russian Federation,2022 Aug,484
Russian Federation,2022 Sep,756
Russian Federation,2022 Oct,1312
Russian Federation,2022 Nov,2408
Russian Federation,2022 Dec,3503
Russian Federation,2023 Jan,6637
Russian Federation,2023 Feb,7009
Russian Federation,2023 Mar,6635
Russian Federation,2023 Apr,5044
Russian Federation,2023 May,3966
Russian Federation,2023 Jun,2796
Russian Federation,2023 Jul,3627
Russian Federation,2023 Aug,3493
Russian Federation,2023 Sep,3333
Russian Federation,2023 Oct,3952
Russian Federation,2023 Nov,4695
Russian Federation,2023 Dec,5523
Spain,2022 Jan,238
Spain,2022 Feb,228
Spain,2022 Mar,391
Spain,2022 Apr,1137
Spain,2022 May,1291
Spain,2022 Jun,1603
Spain,2022 Jul,3331
Spain,2022 Aug,6867
Spain,2022 Sep,4841
Spain,2022 Oct,3987
Spain,2022 Nov,3939
Spain,2022 Dec,2604
Spain,2023 Jan,3229
Spain,2023 Feb,3302
Spain,2023 Mar,3936
Spain,2023 Apr,4517
Spain,2023 May,3689
Spain,2023 Jun,3562
Spain,2023 Jul,5983
Spain,2023 Aug,10525
Spain,2023 Sep,6203
Spain,2023 Oct,4717
Spain,2023 Nov,4098
Spain,2023 Dec,3531
Sweden,2022 Jan,214
Sweden,2022 Feb,237
Sweden,2022 Mar,337
Sweden,2022 Apr,635
Sweden,2022 May,720
Sweden,2022 Jun,942
Sweden,2022 Jul,1394
Sweden,2022 Aug,1075
Sweden,2022 Sep,1429
Sweden,2022 Oct,1913
Sweden,2022 Nov,2091
Sweden,2022 Dec,2510
Sweden,2023 Jan,3234
Sweden,2023 Feb,2967
Sweden,2023 Mar,2786
Sweden,2023 Apr,2150
Sweden,2023 May,1585
Sweden,2023 Jun,1538
Sweden,2023 Jul,1930
Sweden,2023 Aug,1396
Sweden,2023 Sep,1484
Sweden,2023 Oct,2273
Sweden,2023 Nov,2589
Sweden,2023 Dec,2846
Switzerland,2022 Jan,372
Switzerland,2022 Feb,576
Switzerland,2022 Mar,718
Switzerland,2022 Apr,1885
Switzerland,2022 May,2154
Switzerland,2022 Jun,2169
Switzerland,2022 Jul,4747
Switzerland,2022 Aug,4335
Switzerland,2022 Sep,4225
Switzerland,2022 Oct,5491
Switzerland,2022 Nov,5151
Switzerland,2022 Dec,4468
Switzerland,2023 Jan,5034
Switzerland,2023 Feb,6310
Switzerland,2023 Mar,5940
Switzerland,2023 Apr,7350
Switzerland,2023 May,5383
Switzerland,2023 Jun,3991
Switzerland,2023 Jul,8501
Switzerland,2023 Aug,6359
Switzerland,2023 Sep,6079
Switzerland,2023 Oct,7121
Switzerland,2023 Nov,6817
Switzerland,2023 Dec,6704
United Kingdom,2022 Jan,2362
United Kingdom,2022 Feb,3797
United Kingdom,2022 Mar,5498
United Kingdom,2022 Apr,10811
United Kingdom,2022 May,12737
United Kingdom,2022 Jun,14906
United Kingdom,2022 Jul,22493
United Kingdom,2022 Aug,27611
United Kingdom,2022 Sep,29963
United Kingdom,2022 Oct,30244
United Kingdom,2022 Nov,33269
United Kingdom,2022 Dec,33051
United Kingdom,2023 Jan,38123
United Kingdom,2023 Feb,45785
United Kingdom,2023 Mar,50330
United Kingdom,2023 Apr,41576
United Kingdom,2023 May,30608
United Kingdom,2023 Jun,24244
United Kingdom,2023 Jul,36886
United Kingdom,2023 Aug,41765
United Kingdom,2023 Sep,38715
United Kingdom,2023 Oct,36194
United Kingdom,2023 Nov,43195
United Kingdom,2023 Dec,46184
Other Markets In Europe,2022 Jan,518
Other Markets In Europe,2022 Feb,436
Other Markets In Europe,2022 Mar,914
Other Markets In Europe,2022 Apr,2862
Other Markets In Europe,2022 May,4533
Other Markets In Europe,2022 Jun,5120
Other Markets In Europe,2022 Jul,8163
Other Markets In Europe,2022 Aug,11227
Other Markets In Europe,2022 Sep,11336
Other Markets In Europe,2022 Oct,12751
Other Markets In Europe,2022 Nov,14971
Other Markets In Europe,2022 Dec,11795
Other Markets In Europe,2023 Jan,18233
Other Markets In Europe,2023 Feb,22398
Other Markets In Europe,2023 Mar,21453
Other Markets In Europe,2023 Apr,17109
Other Markets In Europe,2023 May,13650
Other Markets In Europe,2023 Jun,11381
Other Markets In Europe,2023 Jul,16968
Other Markets In Europe,2023 Aug,18898
Other Markets In Europe,2023 Sep,17891
Other Markets In Europe,2023 Oct,18715
Other Markets In Europe,2023 Nov,19226
Other Markets In Europe,2023 Dec,17821
Oceania,2022 Jan,3882
Oceania,2022 Feb,4673
Oceania,2022 Mar,8126
Oceania,2022 Apr,29323
Oceania,2022 May,35326
Oceania,2022 Jun,55574
Oceania,2022 Jul,77575
Oceania,2022 Aug,65622
Oceania,2022 Sep,94039
Oceania,2022 Oct,85122
Oceania,2022 Nov,78869
Oceania,2022 Dec,101182
Oceania,2023 Jan,116794
Oceania,2023 Feb,81765
Oceania,2023 Mar,83827
Oceania,2023 Apr,106741
Oceania,2023 May,94073
Oceania,2023 Jun,107915
Oceania,2023 Jul,116877
Oceania,2023 Aug,95791
Oceania,2023 Sep,122983
Oceania,2023 Oct,104603
Oceania,2023 Nov,100963
Oceania,2023 Dec,128877
Australia,2022 Jan,3759
Australia,2022 Feb,4546
Australia,2022 Mar,7883
Australia,2022 Apr,27380
Australia,2022 May,31406
Australia,2022 Jun,50412
Australia,2022 Jul,68378
Australia,2022 Aug,56917
Australia,2022 Sep,83070
Australia,2022 Oct,73728
Australia,2022 Nov,69046
Australia,2022 Dec,89159
Australia,2023 Jan,102888
Australia,2023 Feb,72385
Australia,2023 Mar,74268
Australia,2023 Apr,92937
Australia,2023 May,79700
Australia,2023 Jun,90770
Australia,2023 Jul,98408
Australia,2023 Aug,80605
Australia,2023 Sep,104497
Australia,2023 Oct,88033
Australia,2023 Nov,88201
Australia,2023 Dec,112197
New Zealand,2022 Jan,87
New Zealand,2022 Feb,79
New Zealand,2022 Mar,161
New Zealand,2022 Apr,1448
New Zealand,2022 May,3061
New Zealand,2022 Jun,3909
New Zealand,2022 Jul,7264
New Zealand,2022 Aug,7107
New Zealand,2022 Sep,8796
New Zealand,2022 Oct,8742
New Zealand,2022 Nov,7289
New Zealand,2022 Dec,9139
New Zealand,2023 Jan,10766
New Zealand,2023 Feb,6821
New Zealand,2023 Mar,6871
New Zealand,2023 Apr,11065
New Zealand,2023 May,11146
New Zealand,2023 Jun,13352
New Zealand,2023 Jul,15350
New Zealand,2023 Aug,12499
New Zealand,2023 Sep,15022
New Zealand,2023 Oct,13059
New Zealand,2023 Nov,9663
New Zealand,2023 Dec,12717
Other Markets In Oceania,2022 Jan,36
Other Markets In Oceania,2022 Feb,48
Other Markets In Oceania,2022 Mar,82
Other Markets In Oceania,2022 Apr,495
Other Markets In Oceania,2022 May,859
Other Markets In Oceania,2022 Jun,1253
Other Markets In Oceania,2022 Jul,1933
Other Markets In Oceania,2022 Aug,1598
Other Markets In Oceania,2022 Sep,2173
Other Markets In Oceania,2022 Oct,2652
Other Markets In Oceania,2022 Nov,2534
Other Markets In Oceania,2022 Dec,2884
Other Markets In Oceania,2023 Jan,3140
Other Markets In Oceania,2023 Feb,2559
Other Markets In Oceania,2023 Mar,2688
Other Markets In Oceania,2023 Apr,2739
Other Markets In Oceania,2023 May,3227
Other Markets In Oceania,2023 Jun,3793
Other Markets In Oceania,2023 Jul,3119
Other Markets In Oceania,2023 Aug,2687
Other Markets In Oceania,2023 Sep,3464
Other Markets In Oceania,2023 Oct,3511
Other Markets In Oceania,2023 Nov,3099
Other Markets In Oceania,2023 Dec,3963
Africa,2022 Jan,114
Africa,2022 Feb,58
Africa,2022 Mar,129
Africa,2022 Apr,814
Africa,2022 May,1300
Africa,2022 Jun,2184
Africa,2022 Jul,2582
Africa,2022 Aug,2903
Africa,2022 Sep,3713
Africa,2022 Oct,3738
Africa,2022 Nov,4266
Africa,2022 Dec,6334
Africa,2023 Jan,4182
Africa,2023 Feb,4073
Africa,2023 Mar,4300
Africa,2023 Apr,4812
Africa,2023 May,4515
Africa,2023 Jun,4575
Africa,2023 Jul,5926
Africa,2023 Aug,6132
Africa,2023 Sep,5582
Africa,2023 Oct,5233
Africa,2023 Nov,4995
Africa,2023 Dec,8874
Egypt,2022 Jan,12
Egypt,2022 Feb,7
Egypt,2022 Mar,19
Egypt,2022 Apr,34
Egypt,2022 May,62
Egypt,2022 Jun,132
Egypt,2022 Jul,164
Egypt,2022 Aug,197
Egypt,2022 Sep,255
Egypt,2022 Oct,259
Egypt,2022 Nov,283
Egypt,2022 Dec,220
Egypt,2023 Jan,192
Egypt,2023 Feb,205
Egypt,2023 Mar,168
Egypt,2023 Apr,155
Egypt,2023 May,253
Egypt,2023 Jun,211
Egypt,2023 Jul,348
Egypt,2023 Aug,243
Egypt,2023 Sep,272
Egypt,2023 Oct,265
Egypt,2023 Nov,269
Egypt,2023 Dec,188
Mauritius,2022 Jan,7
Mauritius,2022 Feb,6
Mauritius,2022 Mar,5
Mauritius,2022 Apr,53
Mauritius,2022 May,95
Mauritius,2022 Jun,110
Mauritius,2022 Jul,196
Mauritius,2022 Aug,198
Mauritius,2022 Sep,210
Mauritius,2022 Oct,226
Mauritius,2022 Nov,663
Mauritius,2022 Dec,643
Mauritius,2023 Jan,418
Mauritius,2023 Feb,274
Mauritius,2023 Mar,474
Mauritius,2023 Apr,581
Mauritius,2023 May,363
Mauritius,2023 Jun,349
Mauritius,2023 Jul,413
Mauritius,2023 Aug,377
Mauritius,2023 Sep,412
Mauritius,2023 Oct,349
Mauritius,2023 Nov,769
Mauritius,2023 Dec,965
South Africa (Rep Of),2022 Jan,39
South Africa (Rep Of),2022 Feb,23
South Africa (Rep Of),2022 Mar,49
South Africa (Rep Of),2022 Apr,384
South Africa (Rep Of),2022 May,599
South Africa (Rep Of),2022 Jun,938
South Africa (Rep Of),2022 Jul,1281
South Africa (Rep Of),2022 Aug,1233
South Africa (Rep Of),2022 Sep,1949
South Africa (Rep Of),2022 Oct,1565
South Africa (Rep Of),2022 Nov,1591
South Africa (Rep Of),2022 Dec,3371
South Africa (Rep Of),2023 Jan,2229
South Africa (Rep Of),2023 Feb,1698
South Africa (Rep Of),2023 Mar,1995
South Africa (Rep Of),2023 Apr,2177
South Africa (Rep Of),2023 May,1823
South Africa (Rep Of),2023 Jun,1946
South Africa (Rep Of),2023 Jul,2166
South Africa (Rep Of),2023 Aug,1718
South Africa (Rep Of),2023 Sep,2323
South Africa (Rep Of),2023 Oct,1833
South Africa (Rep Of),2023 Nov,1789
South Africa (Rep Of),2023 Dec,4221
Other Markets In Africa,2022 Jan,56
Other Markets In Africa,2022 Feb,22
Other Markets In Africa,2022 Mar,56
Other Markets In Africa,2022 Apr,343
Other Markets In Africa,2022 May,544
Other Markets In Africa,2022 Jun,1004
Other Markets In Africa,2022 Jul,941
Other Markets In Africa,2022 Aug,1275
Other Markets In Africa,2022 Sep,1299
Other Markets In Africa,2022 Oct,1688
Other Markets In Africa,2022 Nov,1729
Other Markets In Africa,2022 Dec,2100
Other Markets In Africa,2023 Jan,1343
Other Markets In Africa,2023 Feb,1896
Other Markets In Africa,2023 Mar,1663
Other Markets In Africa,2023 Apr,1899
Other Markets In Africa,2023 May,2076
Other Markets In Africa,2023 Jun,2069
Other Markets In Africa,2023 Jul,2999
Other Markets In Africa,2023 Aug,3794
Other Markets In Africa,2023 Sep,2575
Other Markets In Africa,2023 Oct,2786
Other Markets In Africa,2023 Nov,2168
Other Markets In Africa,2023 Dec,3500
Others,2022 Jan,9
Others,2022 Feb,6
Others,2022 Mar,18
Others,2022 Apr,27
Others,2022 May,23
Others,2022 Jun,60
Others,2022 Jul,65
Others,2022 Aug,85
Others,2022 Sep,97
Others,2022 Oct,114
Others,2022 Nov,105
Others,2022 Dec,95
Others,2023 Jan,120
Others,2023 Feb,123
Others,2023 Mar,89
Others,2023 Apr,92
Others,2023 May,45
Others,2023 Jun,60
Others,2023 Jul,104
Others,2023 Aug,65
Others,2023 Sep,30
Others,2023 Oct,46
Others,2023 Nov,35
Others,2023 Dec,34
Total International Visitor Arrivals By Place Of Residence,2024 Jan,1419956
Total International Visitor Arrivals By Place Of Residence,2024 Feb,1417807
Total International Visitor Arrivals By Place Of Residence,2024 Mar,1464865
Total International Visitor Arrivals By Place Of Residence,2024 Apr,1343319
Total International Visitor Arrivals By Place Of Residence,2024 May,1277160
Total International Visitor Arrivals By Place Of Residence,2024 Jun,1250293
Total International Visitor Arrivals By Place Of Residence,2024 Jul,1602603
Total International Visitor Arrivals By Place Of Residence,2024 Aug,1539828
Total International Visitor Arrivals By Place Of Residence,2024 Sep,1270681
Total International Visitor Arrivals By Place Of Residence,2024 Oct,1314493
Total International Visitor Arrivals By Place Of Residence,2024 Nov,1234698
Total International Visitor Arrivals By Place Of Residence,2024 Dec,1390641
Total International Visitor Arrivals By Place Of Residence,2025 Jan,1633495
Total International Visitor Arrivals By Place Of Residence,2025 Feb,1377513
Total International Visitor Arrivals By Place Of Residence,2025 Mar,1296605
Total International Visitor Arrivals By Place Of Residence,2025 Apr,1403644
Total International Visitor Arrivals By Place Of Residence,2025 May,1374170
Total International Visitor Arrivals By Place Of Residence,2025 Jun,1245947
Total International Visitor Arrivals By Place Of Residence,2025 Jul,1680771
Total International Visitor Arrivals By Place Of Residence,2025 Aug,1609320
Total International Visitor Arrivals By Place Of Residence,2025 Sep,1254347
Total International Visitor Arrivals By Place Of Residence,2025 Oct,1379079
Total International Visitor Arrivals By Place Of Residence,2025 Nov,1293508
Total International Visitor Arrivals By Place Of Residence,2025 Dec,1364161
Southeast Asia,2024 Jan,486228
Southeast Asia,2024 Feb,430465
Southeast Asia,2024 Mar,534194
Southeast Asia,2024 Apr,506518
Southeast Asia,2024 May,431314
Southeast Asia,2024 Jun,451561
Southeast Asia,2024 Jul,475331
Southeast Asia,2024 Aug,398577
Southeast Asia,2024 Sep,417351
Southeast Asia,2024 Oct,444034
Southeast Asia,2024 Nov,437876
Southeast Asia,2024 Dec,528320
Southeast Asia,2025 Jan,476556
Southeast Asia,2025 Feb,419289
Southeast Asia,2025 Mar,429836
Southeast Asia,2025 Apr,512837
Southeast Asia,2025 May,478392
Southeast Asia,2025 Jun,460065
Southeast Asia,2025 Jul,484305
Southeast Asia,2025 Aug,410443
Southeast Asia,2025 Sep,418343
Southeast Asia,2025 Oct,455360
Southeast Asia,2025 Nov,440414
Southeast Asia,2025 Dec,508839
Brunei Darussalam,2024 Jan,5223
Brunei Darussalam,2024 Feb,4584
Brunei Darussalam,2024 Mar,4779
Brunei Darussalam,2024 Apr,4849
Brunei Darussalam,2024 May,3870
Brunei Darussalam,2024 Jun,3758
Brunei Darussalam,2024 Jul,4412
Brunei Darussalam,2024 Aug,5679
Brunei Darussalam,2024 Sep,3968
Brunei Darussalam,2024 Oct,3959
Brunei Darussalam,2024 Nov,4500
Brunei Darussalam,2024 Dec,8439
Brunei Darussalam,2025 Jan,4535
Brunei Darussalam,2025 Feb,3766
Brunei Darussalam,2025 Mar,4435
Brunei Darussalam,2025 Apr,4107
Brunei Darussalam,2025 May,4395
Brunei Darussalam,2025 Jun,4591
Brunei Darussalam,2025 Jul,4123
Brunei Darussalam,2025 Aug,5475
Brunei Darussalam,2025 Sep,3895
Brunei Darussalam,2025 Oct,3946
Brunei Darussalam,2025 Nov,4614
Brunei Darussalam,2025 Dec,8243
Indonesia,2024 Jan,268979
Indonesia,2024 Feb,190747
Indonesia,2024 Mar,204997
Indonesia,2024 Apr,243913
Indonesia,2024 May,189245
Indonesia,2024 Jun,200206
Indonesia,2024 Jul,209827
Indonesia,2024 Aug,163910
Indonesia,2024 Sep,173613
Indonesia,2024 Oct,183714
Indonesia,2024 Nov,194446
Indonesia,2024 Dec,266033
Indonesia,2025 Jan,251772
Indonesia,2025 Feb,192616
Indonesia,2025 Mar,195890
Indonesia,2025 Apr,236847
Indonesia,2025 May,197881
Indonesia,2025 Jun,205552
Indonesia,2025 Jul,223463
Indonesia,2025 Aug,162901
Indonesia,2025 Sep,169866
Indonesia,2025 Oct,177211
Indonesia,2025 Nov,181469
Indonesia,2025 Dec,244377
Malaysia,2024 Jan,93442
Malaysia,2024 Feb,100081
Malaysia,2024 Mar,120283
Malaysia,2024 Apr,106248
Malaysia,2024 May,95761
Malaysia,2024 Jun,83913
Malaysia,2024 Jul,83146
Malaysia,2024 Aug,79895
Malaysia,2024 Sep,112151
Malaysia,2024 Oct,103432
Malaysia,2024 Nov,101920
Malaysia,2024 Dec,105622
Malaysia,2025 Jan,102328
Malaysia,2025 Feb,105762
Malaysia,2025 Mar,104150
Malaysia,2025 Apr,109253
Malaysia,2025 May,111673
Malaysia,2025 Jun,100986
Malaysia,2025 Jul,88384
Malaysia,2025 Aug,88675
Malaysia,2025 Sep,120634
Malaysia,2025 Oct,110304
Malaysia,2025 Nov,117164
Malaysia,2025 Dec,116081
Myanmar,2024 Jan,12361
Myanmar,2024 Feb,10682
Myanmar,2024 Mar,15327
Myanmar,2024 Apr,15985
Myanmar,2024 May,13343
Myanmar,2024 Jun,12114
Myanmar,2024 Jul,12468
Myanmar,2024 Aug,9852
Myanmar,2024 Sep,9580
Myanmar,2024 Oct,11801
Myanmar,2024 Nov,11345
Myanmar,2024 Dec,14421
Myanmar,2025 Jan,11794
Myanmar,2025 Feb,10923
Myanmar,2025 Mar,14813
Myanmar,2025 Apr,16881
Myanmar,2025 May,13698
Myanmar,2025 Jun,12392
Myanmar,2025 Jul,14310
Myanmar,2025 Aug,13930
Myanmar,2025 Sep,13047
Myanmar,2025 Oct,15335
Myanmar,2025 Nov,15009
Myanmar,2025 Dec,17523
Philippines,2024 Jan,46282
Philippines,2024 Feb,55602
Philippines,2024 Mar,100272
Philippines,2024 Apr,53135
Philippines,2024 May,58270
Philippines,2024 Jun,75957
Philippines,2024 Jul,72558
Philippines,2024 Aug,60174
Philippines,2024 Sep,55976
Philippines,2024 Oct,61489
Philippines,2024 Nov,66942
Philippines,2024 Dec,72162
Philippines,2025 Jan,49088
Philippines,2025 Feb,50154
Philippines,2025 Mar,51623
Philippines,2025 Apr,69047
Philippines,2025 May,74560
Philippines,2025 Jun,66647
Philippines,2025 Jul,62381
Philippines,2025 Aug,61462
Philippines,2025 Sep,51355
Philippines,2025 Oct,64398
Philippines,2025 Nov,59865
Philippines,2025 Dec,65511
Thailand,2024 Jan,27196
Thailand,2024 Feb,31094
Thailand,2024 Mar,45975
Thailand,2024 Apr,42520
Thailand,2024 May,32889
Thailand,2024 Jun,25664
Thailand,2024 Jul,32863
Thailand,2024 Aug,27966
Thailand,2024 Sep,27707
Thailand,2024 Oct,44447
Thailand,2024 Nov,26740
Thailand,2024 Dec,30436
Thailand,2025 Jan,23423
Thailand,2025 Feb,26711
Thailand,2025 Mar,29757
Thailand,2025 Apr,41843
Thailand,2025 May,39123
Thailand,2025 Jun,26174
Thailand,2025 Jul,36228
Thailand,2025 Aug,31917
Thailand,2025 Sep,26947
Thailand,2025 Oct,49763
Thailand,2025 Nov,27797
Thailand,2025 Dec,26807
Vietnam,2024 Jan,25911
Vietnam,2024 Feb,31777
Vietnam,2024 Mar,35360
Vietnam,2024 Apr,30809
Vietnam,2024 May,31221
Vietnam,2024 Jun,42368
Vietnam,2024 Jul,50619
Vietnam,2024 Aug,43400
Vietnam,2024 Sep,27636
Vietnam,2024 Oct,27140
Vietnam,2024 Nov,24350
Vietnam,2024 Dec,22642
Vietnam,2025 Jan,26655
Vietnam,2025 Feb,23212
Vietnam,2025 Mar,23240
Vietnam,2025 Apr,26579
Vietnam,2025 May,30069
Vietnam,2025 Jun,37168
Vietnam,2025 Jul,45102
Vietnam,2025 Aug,37835
Vietnam,2025 Sep,23385
Vietnam,2025 Oct,26319
Vietnam,2025 Nov,24030
Vietnam,2025 Dec,20694
Other Markets In Southeast Asia,2024 Jan,6834
Other Markets In Southeast Asia,2024 Feb,5898
Other Markets In Southeast Asia,2024 Mar,7201
Other Markets In Southeast Asia,2024 Apr,9059
Other Markets In Southeast Asia,2024 May,6715
Other Markets In Southeast Asia,2024 Jun,7581
Other Markets In Southeast Asia,2024 Jul,9438
Other Markets In Southeast Asia,2024 Aug,7701
Other Markets In Southeast Asia,2024 Sep,6720
Other Markets In Southeast Asia,2024 Oct,8052
Other Markets In Southeast Asia,2024 Nov,7633
Other Markets In Southeast Asia,2024 Dec,8565
Other Markets In Southeast Asia,2025 Jan,6961
Other Markets In Southeast Asia,2025 Feb,6145
Other Markets In Southeast Asia,2025 Mar,5928
Other Markets In Southeast Asia,2025 Apr,8280
Other Markets In Southeast Asia,2025 May,6993
Other Markets In Southeast Asia,2025 Jun,6555
Other Markets In Southeast Asia,2025 Jul,10314
Other Markets In Southeast Asia,2025 Aug,8248
Other Markets In Southeast Asia,2025 Sep,9214
Other Markets In Southeast Asia,2025 Oct,8084
Other Markets In Southeast Asia,2025 Nov,10466
Other Markets In Southeast Asia,2025 Dec,9603
Greater China,2024 Jan,276912
Greater China,2024 Feb,401356
Greater China,2024 Mar,315960
Greater China,2024 Apr,278950
Greater China,2024 May,276697
Greater China,2024 Jun,277427
Greater China,2024 Jul,500116
Greater China,2024 Aug,484556
Greater China,2024 Sep,275553
Greater China,2024 Oct,290844
Greater China,2024 Nov,224281
Greater China,2024 Dec,240770
Greater China,2025 Jan,452741
Greater China,2025 Feb,324420
Greater China,2025 Mar,238828
Greater China,2025 Apr,275456
Greater China,2025 May,312599
Greater China,2025 Jun,259294
Greater China,2025 Jul,511059
Greater China,2025 Aug,488986
Greater China,2025 Sep,257049
Greater China,2025 Oct,295886
Greater China,2025 Nov,256444
Greater China,2025 Dec,219889
China,2024 Jan,211150
China,2024 Feb,326860
China,2024 Mar,247622
China,2024 Apr,220332
China,2024 May,222010
China,2024 Jun,216170
China,2024 Jul,412805
China,2024 Aug,403138
China,2024 Sep,217205
China,2024 Oct,234528
China,2024 Nov,174751
China,2024 Dec,193483
China,2025 Jan,376481
China,2025 Feb,267974
China,2025 Mar,187036
China,2025 Apr,207505
China,2025 May,242013
China,2025 Jun,197185
China,2025 Jul,414488
China,2025 Aug,398206
China,2025 Sep,207028
China,2025 Oct,226010
China,2025 Nov,203532
China,2025 Dec,172698
Hong Kong SAR,2024 Jan,23460
Hong Kong SAR,2024 Feb,26556
Hong Kong SAR,2024 Mar,35836
Hong Kong SAR,2024 Apr,26605
Hong Kong SAR,2024 May,24420
Hong Kong SAR,2024 Jun,25388
Hong Kong SAR,2024 Jul,33929
Hong Kong SAR,2024 Aug,35682
Hong Kong SAR,2024 Sep,26627
Hong Kong SAR,2024 Oct,25197
Hong Kong SAR,2024 Nov,24541
Hong Kong SAR,2024 Dec,23487
Hong Kong SAR,2025 Jan,25869
Hong Kong SAR,2025 Feb,21228
Hong Kong SAR,2025 Mar,23378
Hong Kong SAR,2025 Apr,34549
Hong Kong SAR,2025 May,32814
Hong Kong SAR,2025 Jun,27750
Hong Kong SAR,2025 Jul,38198
Hong Kong SAR,2025 Aug,38784
Hong Kong SAR,2025 Sep,22474
Hong Kong SAR,2025 Oct,26182
Hong Kong SAR,2025 Nov,25067
Hong Kong SAR,2025 Dec,21359
Taiwan,2024 Jan,38454
Taiwan,2024 Feb,45704
Taiwan,2024 Mar,30344
Taiwan,2024 Apr,30307
Taiwan,2024 May,28802
Taiwan,2024 Jun,34167
Taiwan,2024 Jul,49928
Taiwan,2024 Aug,42282
Taiwan,2024 Sep,30408
Taiwan,2024 Oct,29237
Taiwan,2024 Nov,23190
Taiwan,2024 Dec,20557
Taiwan,2025 Jan,46126
Taiwan,2025 Feb,33492
Taiwan,2025 Mar,26892
Taiwan,2025 Apr,31428
Taiwan,2025 May,35961
Taiwan,2025 Jun,32582
Taiwan,2025 Jul,54386
Taiwan,2025 Aug,47731
Taiwan,2025 Sep,26379
Taiwan,2025 Oct,41971
Taiwan,2025 Nov,25070
Taiwan,2025 Dec,20670
Other Markets In Greater China,2024 Jan,3848
Other Markets In Greater China,2024 Feb,2236
Other Markets In Greater China,2024 Mar,2158
Other Markets In Greater China,2024 Apr,1706
Other Markets In Greater China,2024 May,1465
Other Markets In Greater China,2024 Jun,1702
Other Markets In Greater China,2024 Jul,3454
Other Markets In Greater China,2024 Aug,3454
Other Markets In Greater China,2024 Sep,1313
Other Markets In Greater China,2024 Oct,1882
Other Markets In Greater China,2024 Nov,1799
Other Markets In Greater China,2024 Dec,3243
Other Markets In Greater China,2025 Jan,4265
Other Markets In Greater China,2025 Feb,1726
Other Markets In Greater China,2025 Mar,1522
Other Markets In Greater China,2025 Apr,1974
Other Markets In Greater China,2025 May,1811
Other Markets In Greater China,2025 Jun,1777
Other Markets In Greater China,2025 Jul,3987
Other Markets In Greater China,2025 Aug,4265
Other Markets In Greater China,2025 Sep,1168
Other Markets In Greater China,2025 Oct,1723
Other Markets In Greater China,2025 Nov,2775
Other Markets In Greater China,2025 Dec,5162
North Asia,2024 Jan,117105
North Asia,2024 Feb,114549
North Asia,2024 Mar,97000
North Asia,2024 Apr,69824
North Asia,2024 May,78914
North Asia,2024 Jun,73307
North Asia,2024 Jul,108641
North Asia,2024 Aug,142900
North Asia,2024 Sep,102800
North Asia,2024 Oct,94009
North Asia,2024 Nov,84039
North Asia,2024 Dec,85933
North Asia,2025 Jan,119529
North Asia,2025 Feb,128147
North Asia,2025 Mar,104090
North Asia,2025 Apr,63898
North Asia,2025 May,80466
North Asia,2025 Jun,71544
North Asia,2025 Jul,115666
North Asia,2025 Aug,157987
North Asia,2025 Sep,95066
North Asia,2025 Oct,105737
North Asia,2025 Nov,95024
North Asia,2025 Dec,78605
Japan,2024 Jan,37650
Japan,2024 Feb,45253
Japan,2024 Mar,54844
Japan,2024 Apr,32397
Japan,2024 May,39046
Japan,2024 Jun,33853
Japan,2024 Jul,51143
Japan,2024 Aug,81803
Japan,2024 Sep,57825
Japan,2024 Oct,51819
Japan,2024 Nov,44327
Japan,2024 Dec,43001
Japan,2025 Jan,40053
Japan,2025 Feb,55785
Japan,2025 Mar,65548
Japan,2025 Apr,31817
Japan,2025 May,40441
Japan,2025 Jun,35118
Japan,2025 Jul,56097
Japan,2025 Aug,92867
Japan,2025 Sep,59315
Japan,2025 Oct,54862
Japan,2025 Nov,53018
Japan,2025 Dec,42592
South Korea,2024 Jan,79245
South Korea,2024 Feb,69109
South Korea,2024 Mar,42056
South Korea,2024 Apr,37348
South Korea,2024 May,39802
South Korea,2024 Jun,39405
South Korea,2024 Jul,57385
South Korea,2024 Aug,60986
South Korea,2024 Sep,44886
South Korea,2024 Oct,42088
South Korea,2024 Nov,39600
South Korea,2024 Dec,42842
South Korea,2025 Jan,79301
South Korea,2025 Feb,72230
South Korea,2025 Mar,38446
South Korea,2025 Apr,32026
South Korea,2025 May,39936
South Korea,2025 Jun,36356
South Korea,2025 Jul,59416
South Korea,2025 Aug,64983
South Korea,2025 Sep,35676
South Korea,2025 Oct,50782
South Korea,2025 Nov,41934
South Korea,2025 Dec,35924
Other Markets In North Asia,2024 Jan,210
Other Markets In North Asia,2024 Feb,187
Other Markets In North Asia,2024 Mar,100
Other Markets In North Asia,2024 Apr,79
Other Markets In North Asia,2024 May,66
Other Markets In North Asia,2024 Jun,49
Other Markets In North Asia,2024 Jul,113
Other Markets In North Asia,2024 Aug,111
Other Markets In North Asia,2024 Sep,89
Other Markets In North Asia,2024 Oct,102
Other Markets In North Asia,2024 Nov,112
Other Markets In North Asia,2024 Dec,90
Other Markets In North Asia,2025 Jan,175
Other Markets In North Asia,2025 Feb,132
Other Markets In North Asia,2025 Mar,96
Other Markets In North Asia,2025 Apr,55
Other Markets In North Asia,2025 May,89
Other Markets In North Asia,2025 Jun,70
Other Markets In North Asia,2025 Jul,153
Other Markets In North Asia,2025 Aug,137
Other Markets In North Asia,2025 Sep,75
Other Markets In North Asia,2025 Oct,93
Other Markets In North Asia,2025 Nov,72
Other Markets In North Asia,2025 Dec,89
South Asia,2024 Jan,102935
South Asia,2024 Feb,83641
South Asia,2024 Mar,113227
South Asia,2024 Apr,128259
South Asia,2024 May,178054
South Asia,2024 Jun,142475
South Asia,2024 Jul,112504
South Asia,2024 Aug,113390
South Asia,2024 Sep,108914
South Asia,2024 Oct,125793
South Asia,2024 Nov,113092
South Asia,2024 Dec,129414
South Asia,2025 Jan,107445
South Asia,2025 Feb,94262
South Asia,2025 Mar,120378
South Asia,2025 Apr,143843
South Asia,2025 May,176875
South Asia,2025 Jun,136490
South Asia,2025 Jul,112130
South Asia,2025 Aug,118102
South Asia,2025 Sep,124046
South Asia,2025 Oct,129632
South Asia,2025 Nov,108137
South Asia,2025 Dec,121120
Bangladesh,2024 Jan,10333
Bangladesh,2024 Feb,8792
Bangladesh,2024 Mar,8616
Bangladesh,2024 Apr,11706
Bangladesh,2024 May,10960
Bangladesh,2024 Jun,12587
Bangladesh,2024 Jul,12234
Bangladesh,2024 Aug,11027
Bangladesh,2024 Sep,11473
Bangladesh,2024 Oct,12938
Bangladesh,2024 Nov,11092
Bangladesh,2024 Dec,13441
Bangladesh,2025 Jan,12532
Bangladesh,2025 Feb,10851
Bangladesh,2025 Mar,11219
Bangladesh,2025 Apr,13591
Bangladesh,2025 May,12456
Bangladesh,2025 Jun,14023
Bangladesh,2025 Jul,13576
Bangladesh,2025 Aug,13833
Bangladesh,2025 Sep,14045
Bangladesh,2025 Oct,14389
Bangladesh,2025 Nov,12430
Bangladesh,2025 Dec,14014
India,2024 Jan,82113
India,2024 Feb,66149
India,2024 Mar,97026
India,2024 Apr,106694
India,2024 May,156517
India,2024 Jun,120009
India,2024 Jul,89642
India,2024 Aug,91805
India,2024 Sep,87767
India,2024 Oct,102233
India,2024 Nov,92905
India,2024 Dec,103740
India,2025 Jan,85400
India,2025 Feb,74869
India,2025 Mar,101198
India,2025 Apr,118660
India,2025 May,154403
India,2025 Jun,112726
India,2025 Jul,85791
India,2025 Aug,91142
India,2025 Sep,99039
India,2025 Oct,103054
India,2025 Nov,84256
India,2025 Dec,96662
Pakistan,2024 Jan,1411
Pakistan,2024 Feb,1626
Pakistan,2024 Mar,824
Pakistan,2024 Apr,955
Pakistan,2024 May,1200
Pakistan,2024 Jun,1816
Pakistan,2024 Jul,2774
Pakistan,2024 Aug,1717
Pakistan,2024 Sep,1459
Pakistan,2024 Oct,1516
Pakistan,2024 Nov,1569
Pakistan,2024 Dec,2109
Pakistan,2025 Jan,1809
Pakistan,2025 Feb,1708
Pakistan,2025 Mar,569
Pakistan,2025 Apr,1487
Pakistan,2025 May,1039
Pakistan,2025 Jun,1978
Pakistan,2025 Jul,3215
Pakistan,2025 Aug,2660
Pakistan,2025 Sep,1753
Pakistan,2025 Oct,2143
Pakistan,2025 Nov,2371
Pakistan,2025 Dec,1859
Sri Lanka,2024 Jan,5586
Sri Lanka,2024 Feb,4111
Sri Lanka,2024 Mar,4449
Sri Lanka,2024 Apr,6184
Sri Lanka,2024 May,5773
Sri Lanka,2024 Jun,4995
Sri Lanka,2024 Jul,4907
Sri Lanka,2024 Aug,5767
Sri Lanka,2024 Sep,5221
Sri Lanka,2024 Oct,4837
Sri Lanka,2024 Nov,4970
Sri Lanka,2024 Dec,6804
Sri Lanka,2025 Jan,4463
Sri Lanka,2025 Feb,4342
Sri Lanka,2025 Mar,4974
Sri Lanka,2025 Apr,7127
Sri Lanka,2025 May,6177
Sri Lanka,2025 Jun,4463
Sri Lanka,2025 Jul,6216
Sri Lanka,2025 Aug,7157
Sri Lanka,2025 Sep,5784
Sri Lanka,2025 Oct,6025
Sri Lanka,2025 Nov,6311
Sri Lanka,2025 Dec,5694
Other Markets In South Asia,2024 Jan,3492
Other Markets In South Asia,2024 Feb,2963
Other Markets In South Asia,2024 Mar,2312
Other Markets In South Asia,2024 Apr,2720
Other Markets In South Asia,2024 May,3604
Other Markets In South Asia,2024 Jun,3068
Other Markets In South Asia,2024 Jul,2947
Other Markets In South Asia,2024 Aug,3074
Other Markets In South Asia,2024 Sep,2994
Other Markets In South Asia,2024 Oct,4269
Other Markets In South Asia,2024 Nov,2556
Other Markets In South Asia,2024 Dec,3320
Other Markets In South Asia,2025 Jan,3241
Other Markets In South Asia,2025 Feb,2492
Other Markets In South Asia,2025 Mar,2418
Other Markets In South Asia,2025 Apr,2978
Other Markets In South Asia,2025 May,2800
Other Markets In South Asia,2025 Jun,3300
Other Markets In South Asia,2025 Jul,3332
Other Markets In South Asia,2025 Aug,3310
Other Markets In South Asia,2025 Sep,3425
Other Markets In South Asia,2025 Oct,4021
Other Markets In South Asia,2025 Nov,2769
Other Markets In South Asia,2025 Dec,2891
West Asia,2024 Jan,11378
West Asia,2024 Feb,11501
West Asia,2024 Mar,13595
West Asia,2024 Apr,17512
West Asia,2024 May,10967
West Asia,2024 Jun,16711
West Asia,2024 Jul,23725
West Asia,2024 Aug,21344
West Asia,2024 Sep,15370
West Asia,2024 Oct,14707
West Asia,2024 Nov,15092
West Asia,2024 Dec,15103
West Asia,2025 Jan,13666
West Asia,2025 Feb,13566
West Asia,2025 Mar,17669
West Asia,2025 Apr,16714
West Asia,2025 May,13493
West Asia,2025 Jun,17308
West Asia,2025 Jul,25518
West Asia,2025 Aug,24000
West Asia,2025 Sep,16083
West Asia,2025 Oct,16177
West Asia,2025 Nov,16330
West Asia,2025 Dec,16076
Iran,2024 Jan,409
Iran,2024 Feb,506
Iran,2024 Mar,2207
Iran,2024 Apr,404
Iran,2024 May,310
Iran,2024 Jun,364
Iran,2024 Jul,388
Iran,2024 Aug,521
Iran,2024 Sep,853
Iran,2024 Oct,385
Iran,2024 Nov,400
Iran,2024 Dec,430
Iran,2025 Jan,390
Iran,2025 Feb,325
Iran,2025 Mar,1565
Iran,2025 Apr,509
Iran,2025 May,222
Iran,2025 Jun,194
Iran,2025 Jul,114
Iran,2025 Aug,285
Iran,2025 Sep,539
Iran,2025 Oct,493
Iran,2025 Nov,571
Iran,2025 Dec,650
Israel,2024 Jan,1075
Israel,2024 Feb,1346
Israel,2024 Mar,1284
Israel,2024 Apr,1448
Israel,2024 May,1296
Israel,2024 Jun,1134
Israel,2024 Jul,1318
Israel,2024 Aug,1299
Israel,2024 Sep,1779
Israel,2024 Oct,2123
Israel,2024 Nov,1877
Israel,2024 Dec,1494
Israel,2025 Jan,2116
Israel,2025 Feb,2133
Israel,2025 Mar,2413
Israel,2025 Apr,2126
Israel,2025 May,1546
Israel,2025 Jun,792
Israel,2025 Jul,1784
Israel,2025 Aug,1942
Israel,2025 Sep,2267
Israel,2025 Oct,2855
Israel,2025 Nov,1942
Israel,2025 Dec,1909
Kuwait,2024 Jan,955
Kuwait,2024 Feb,510
Kuwait,2024 Mar,176
Kuwait,2024 Apr,313
Kuwait,2024 May,218
Kuwait,2024 Jun,1030
Kuwait,2024 Jul,1242
Kuwait,2024 Aug,1957
Kuwait,2024 Sep,598
Kuwait,2024 Oct,352
Kuwait,2024 Nov,352
Kuwait,2024 Dec,530
Kuwait,2025 Jan,754
Kuwait,2025 Feb,496
Kuwait,2025 Mar,243
Kuwait,2025 Apr,324
Kuwait,2025 May,370
Kuwait,2025 Jun,956
Kuwait,2025 Jul,1234
Kuwait,2025 Aug,1946
Kuwait,2025 Sep,513
Kuwait,2025 Oct,293
Kuwait,2025 Nov,347
Kuwait,2025 Dec,448
Saudi Arabia,2024 Jan,2080
Saudi Arabia,2024 Feb,2003
Saudi Arabia,2024 Mar,813
Saudi Arabia,2024 Apr,1956
Saudi Arabia,2024 May,1402
Saudi Arabia,2024 Jun,3651
Saudi Arabia,2024 Jul,4557
Saudi Arabia,2024 Aug,3065
Saudi Arabia,2024 Sep,1929
Saudi Arabia,2024 Oct,1597
Saudi Arabia,2024 Nov,3429
Saudi Arabia,2024 Dec,1914
Saudi Arabia,2025 Jan,2381
Saudi Arabia,2025 Feb,1856
Saudi Arabia,2025 Mar,1401
Saudi Arabia,2025 Apr,2251
Saudi Arabia,2025 May,1616
Saudi Arabia,2025 Jun,3991
Saudi Arabia,2025 Jul,5047
Saudi Arabia,2025 Aug,3941
Saudi Arabia,2025 Sep,1950
Saudi Arabia,2025 Oct,1796
Saudi Arabia,2025 Nov,2979
Saudi Arabia,2025 Dec,1726
United Arab Emirates,2024 Jan,4760
United Arab Emirates,2024 Feb,4985
United Arab Emirates,2024 Mar,7314
United Arab Emirates,2024 Apr,10554
United Arab Emirates,2024 May,5653
United Arab Emirates,2024 Jun,7172
United Arab Emirates,2024 Jul,11626
United Arab Emirates,2024 Aug,10764
United Arab Emirates,2024 Sep,7831
United Arab Emirates,2024 Oct,7301
United Arab Emirates,2024 Nov,6699
United Arab Emirates,2024 Dec,7869
United Arab Emirates,2025 Jan,5750
United Arab Emirates,2025 Feb,6240
United Arab Emirates,2025 Mar,9571
United Arab Emirates,2025 Apr,8860
United Arab Emirates,2025 May,7438
United Arab Emirates,2025 Jun,7971
United Arab Emirates,2025 Jul,12316
United Arab Emirates,2025 Aug,11549
United Arab Emirates,2025 Sep,8573
United Arab Emirates,2025 Oct,7900
United Arab Emirates,2025 Nov,7776
United Arab Emirates,2025 Dec,8593
Other Markets In West Asia,2024 Jan,2099
Other Markets In West Asia,2024 Feb,2151
Other Markets In West Asia,2024 Mar,1801
Other Markets In West Asia,2024 Apr,2837
Other Markets In West Asia,2024 May,2088
Other Markets In West Asia,2024 Jun,3360
Other Markets In West Asia,2024 Jul,4594
Other Markets In West Asia,2024 Aug,3738
Other Markets In West Asia,2024 Sep,2380
Other Markets In West Asia,2024 Oct,2949
Other Markets In West Asia,2024 Nov,2335
Other Markets In West Asia,2024 Dec,2866
Other Markets In West Asia,2025 Jan,2275
Other Markets In West Asia,2025 Feb,2516
Other Markets In West Asia,2025 Mar,2476
Other Markets In West Asia,2025 Apr,2644
Other Markets In West Asia,2025 May,2301
Other Markets In West Asia,2025 Jun,3404
Other Markets In West Asia,2025 Jul,5023
Other Markets In West Asia,2025 Aug,4337
Other Markets In West Asia,2025 Sep,2241
Other Markets In West Asia,2025 Oct,2840
Other Markets In West Asia,2025 Nov,2715
Other Markets In West Asia,2025 Dec,2750
Americas,2024 Jan,84236
Americas,2024 Feb,81005
Americas,2024 Mar,85427
Americas,2024 Apr,68988
Americas,2024 May,73314
Americas,2024 Jun,75679
Americas,2024 Jul,82707
Americas,2024 Aug,67753
Americas,2024 Sep,64689
Americas,2024 Oct,69879
Americas,2024 Nov,86005
Americas,2024 Dec,84452
Americas,2025 Jan,97422
Americas,2025 Feb,89921
Americas,2025 Mar,94760
Americas,2025 Apr,74503
Americas,2025 May,65892
Americas,2025 Jun,76490
Americas,2025 Jul,86787
Americas,2025 Aug,67200
Americas,2025 Sep,60482
Americas,2025 Oct,70842
Americas,2025 Nov,87880
Americas,2025 Dec,94886
Canada,2024 Jan,12878
Canada,2024 Feb,12946
Canada,2024 Mar,12439
Canada,2024 Apr,11313
Canada,2024 May,11122
Canada,2024 Jun,7895
Canada,2024 Jul,10875
Canada,2024 Aug,10796
Canada,2024 Sep,9230
Canada,2024 Oct,11402
Canada,2024 Nov,14791
Canada,2024 Dec,12839
Canada,2025 Jan,16855
Canada,2025 Feb,16299
Canada,2025 Mar,17576
Canada,2025 Apr,11702
Canada,2025 May,10765
Canada,2025 Jun,7461
Canada,2025 Jul,11657
Canada,2025 Aug,11370
Canada,2025 Sep,8992
Canada,2025 Oct,11814
Canada,2025 Nov,14515
Canada,2025 Dec,14794
USA,2024 Jan,62001
USA,2024 Feb,60340
USA,2024 Mar,64436
USA,2024 Apr,49724
USA,2024 May,54517
USA,2024 Jun,61411
USA,2024 Jul,65244
USA,2024 Aug,51082
USA,2024 Sep,47493
USA,2024 Oct,50339
USA,2024 Nov,61005
USA,2024 Dec,64842
USA,2025 Jan,70962
USA,2025 Feb,65777
USA,2025 Mar,68300
USA,2025 Apr,54197
USA,2025 May,47768
USA,2025 Jun,62920
USA,2025 Jul,67604
USA,2025 Aug,49956
USA,2025 Sep,44191
USA,2025 Oct,50146
USA,2025 Nov,63219
USA,2025 Dec,71933
Other Markets In Americas,2024 Jan,9357
Other Markets In Americas,2024 Feb,7719
Other Markets In Americas,2024 Mar,8552
Other Markets In Americas,2024 Apr,7951
Other Markets In Americas,2024 May,7675
Other Markets In Americas,2024 Jun,6373
Other Markets In Americas,2024 Jul,6588
Other Markets In Americas,2024 Aug,5875
Other Markets In Americas,2024 Sep,7966
Other Markets In Americas,2024 Oct,8138
Other Markets In Americas,2024 Nov,10209
Other Markets In Americas,2024 Dec,6771
Other Markets In Americas,2025 Jan,9605
Other Markets In Americas,2025 Feb,7845
Other Markets In Americas,2025 Mar,8884
Other Markets In Americas,2025 Apr,8604
Other Markets In Americas,2025 May,7359
Other Markets In Americas,2025 Jun,6109
Other Markets In Americas,2025 Jul,7526
Other Markets In Americas,2025 Aug,5874
Other Markets In Americas,2025 Sep,7299
Other Markets In Americas,2025 Oct,8882
Other Markets In Americas,2025 Nov,10146
Other Markets In Americas,2025 Dec,8159
Europe,2024 Jan,191720
Europe,2024 Feb,201178
Europe,2024 Mar,198063
Europe,2024 Apr,155889
Europe,2024 May,125282
Europe,2024 Jun,100934
Europe,2024 Jul,166248
Europe,2024 Aug,204247
Europe,2024 Sep,149578
Europe,2024 Oct,151359
Europe,2024 Nov,161891
Europe,2024 Dec,155696
Europe,2025 Jan,200004
Europe,2025 Feb,208194
Europe,2025 Mar,193320
Europe,2025 Apr,175269
Europe,2025 May,133831
Europe,2025 Jun,108667
Europe,2025 Jul,194150
Europe,2025 Aug,231389
Europe,2025 Sep,148925
Europe,2025 Oct,162710
Europe,2025 Nov,163099
Europe,2025 Dec,166095
Belgium & Luxembourg,2024 Jan,2302
Belgium & Luxembourg,2024 Feb,2444
Belgium & Luxembourg,2024 Mar,2741
Belgium & Luxembourg,2024 Apr,2969
Belgium & Luxembourg,2024 May,2632
Belgium & Luxembourg,2024 Jun,2252
Belgium & Luxembourg,2024 Jul,5326
Belgium & Luxembourg,2024 Aug,4458
Belgium & Luxembourg,2024 Sep,3334
Belgium & Luxembourg,2024 Oct,2865
Belgium & Luxembourg,2024 Nov,2906
Belgium & Luxembourg,2024 Dec,2533
Belgium & Luxembourg,2025 Jan,2634
Belgium & Luxembourg,2025 Feb,2871
Belgium & Luxembourg,2025 Mar,2813
Belgium & Luxembourg,2025 Apr,3139
Belgium & Luxembourg,2025 May,2470
Belgium & Luxembourg,2025 Jun,2238
Belgium & Luxembourg,2025 Jul,5708
Belgium & Luxembourg,2025 Aug,4703
Belgium & Luxembourg,2025 Sep,3008
Belgium & Luxembourg,2025 Oct,3033
Belgium & Luxembourg,2025 Nov,2965
Belgium & Luxembourg,2025 Dec,2571
Denmark,2024 Jan,2986
Denmark,2024 Feb,3320
Denmark,2024 Mar,2972
Denmark,2024 Apr,2395
Denmark,2024 May,1738
Denmark,2024 Jun,1457
Denmark,2024 Jul,3644
Denmark,2024 Aug,1988
Denmark,2024 Sep,2219
Denmark,2024 Oct,2636
Denmark,2024 Nov,2577
Denmark,2024 Dec,2415
Denmark,2025 Jan,3162
Denmark,2025 Feb,3909
Denmark,2025 Mar,2935
Denmark,2025 Apr,2585
Denmark,2025 May,1527
Denmark,2025 Jun,1481
Denmark,2025 Jul,3746
Denmark,2025 Aug,2100
Denmark,2025 Sep,1856
Denmark,2025 Oct,3136
Denmark,2025 Nov,2502
Denmark,2025 Dec,2210
Finland,2024 Jan,3490
Finland,2024 Feb,3277
Finland,2024 Mar,2973
Finland,2024 Apr,2008
Finland,2024 May,1528
Finland,2024 Jun,1610
Finland,2024 Jul,1271
Finland,2024 Aug,832
Finland,2024 Sep,1334
Finland,2024 Oct,2470
Finland,2024 Nov,2394
Finland,2024 Dec,2839
Finland,2025 Jan,3613
Finland,2025 Feb,3434
Finland,2025 Mar,2827
Finland,2025 Apr,1911
Finland,2025 May,1593
Finland,2025 Jun,1731
Finland,2025 Jul,1669
Finland,2025 Aug,966
Finland,2025 Sep,1448
Finland,2025 Oct,2877
Finland,2025 Nov,2414
Finland,2025 Dec,2479
France,2024 Jan,12945
France,2024 Feb,17244
France,2024 Mar,14035
France,2024 Apr,16776
France,2024 May,15013
France,2024 Jun,10852
France,2024 Jul,21021
France,2024 Aug,26916
France,2024 Sep,14774
France,2024 Oct,14969
France,2024 Nov,13671
France,2024 Dec,10947
France,2025 Jan,12948
France,2025 Feb,18937
France,2025 Mar,14771
France,2025 Apr,15665
France,2025 May,14639
France,2025 Jun,10480
France,2025 Jul,24943
France,2025 Aug,31826
France,2025 Sep,14149
France,2025 Oct,14996
France,2025 Nov,12683
France,2025 Dec,10620
Germany,2024 Jan,40121
Germany,2024 Feb,37725
Germany,2024 Mar,39349
Germany,2024 Apr,27952
Germany,2024 May,24536
Germany,2024 Jun,13930
Germany,2024 Jul,21116
Germany,2024 Aug,27501
Germany,2024 Sep,23795
Germany,2024 Oct,26180
Germany,2024 Nov,26020
Germany,2024 Dec,31729
Germany,2025 Jan,39376
Germany,2025 Feb,39200
Germany,2025 Mar,37577
Germany,2025 Apr,30761
Germany,2025 May,26299
Germany,2025 Jun,15844
Germany,2025 Jul,23199
Germany,2025 Aug,32190
Germany,2025 Sep,25397
Germany,2025 Oct,26922
Germany,2025 Nov,24859
Germany,2025 Dec,34757
Italy,2024 Jan,5573
Italy,2024 Feb,5038
Italy,2024 Mar,4868
Italy,2024 Apr,5141
Italy,2024 May,4444
Italy,2024 Jun,4818
Italy,2024 Jul,7807
Italy,2024 Aug,29522
Italy,2024 Sep,8001
Italy,2024 Oct,5864
Italy,2024 Nov,5112
Italy,2024 Dec,4828
Italy,2025 Jan,6086
Italy,2025 Feb,5709
Italy,2025 Mar,5354
Italy,2025 Apr,6480
Italy,2025 May,5479
Italy,2025 Jun,4901
Italy,2025 Jul,9366
Italy,2025 Aug,30649
Italy,2025 Sep,8367
Italy,2025 Oct,5595
Italy,2025 Nov,5802
Italy,2025 Dec,6078
Netherlands,2024 Jan,7685
Netherlands,2024 Feb,7294
Netherlands,2024 Mar,6914
Netherlands,2024 Apr,7183
Netherlands,2024 May,7519
Netherlands,2024 Jun,5080
Netherlands,2024 Jul,12270
Netherlands,2024 Aug,12682
Netherlands,2024 Sep,7563
Netherlands,2024 Oct,7381
Netherlands,2024 Nov,7303
Netherlands,2024 Dec,6643
Netherlands,2025 Jan,7685
Netherlands,2025 Feb,7583
Netherlands,2025 Mar,6761
Netherlands,2025 Apr,7381
Netherlands,2025 May,7143
Netherlands,2025 Jun,5014
Netherlands,2025 Jul,13284
Netherlands,2025 Aug,13113
Netherlands,2025 Sep,7262
Netherlands,2025 Oct,7725
Netherlands,2025 Nov,7434
Netherlands,2025 Dec,7124
Norway,2024 Jan,2128
Norway,2024 Feb,2659
Norway,2024 Mar,2417
Norway,2024 Apr,1763
Norway,2024 May,1215
Norway,2024 Jun,2056
Norway,2024 Jul,3841
Norway,2024 Aug,1467
Norway,2024 Sep,1597
Norway,2024 Oct,1710
Norway,2024 Nov,2075
Norway,2024 Dec,2130
Norway,2025 Jan,2603
Norway,2025 Feb,2715
Norway,2025 Mar,2254
Norway,2025 Apr,1794
Norway,2025 May,1209
Norway,2025 Jun,2198
Norway,2025 Jul,3844
Norway,2025 Aug,1322
Norway,2025 Sep,1698
Norway,2025 Oct,1761
Norway,2025 Nov,1967
Norway,2025 Dec,2144
Rep Of Ireland,2024 Jan,2218
Rep Of Ireland,2024 Feb,2344
Rep Of Ireland,2024 Mar,2619
Rep Of Ireland,2024 Apr,1916
Rep Of Ireland,2024 May,1794
Rep Of Ireland,2024 Jun,2075
Rep Of Ireland,2024 Jul,2456
Rep Of Ireland,2024 Aug,2028
Rep Of Ireland,2024 Sep,2041
Rep Of Ireland,2024 Oct,2137
Rep Of Ireland,2024 Nov,2514
Rep Of Ireland,2024 Dec,1992
Rep Of Ireland,2025 Jan,2673
Rep Of Ireland,2025 Feb,2453
Rep Of Ireland,2025 Mar,2774
Rep Of Ireland,2025 Apr,2685
Rep Of Ireland,2025 May,1787
Rep Of Ireland,2025 Jun,2348
Rep Of Ireland,2025 Jul,2744
Rep Of Ireland,2025 Aug,2297
Rep Of Ireland,2025 Sep,1969
Rep Of Ireland,2025 Oct,2199
Rep Of Ireland,2025 Nov,2268
Rep Of Ireland,2025 Dec,2008
Russian Federation,2024 Jan,9466
Russian Federation,2024 Feb,7152
Russian Federation,2024 Mar,5608
Russian Federation,2024 Apr,5216
Russian Federation,2024 May,3555
Russian Federation,2024 Jun,2829
Russian Federation,2024 Jul,3763
Russian Federation,2024 Aug,3498
Russian Federation,2024 Sep,3475
Russian Federation,2024 Oct,3905
Russian Federation,2024 Nov,6235
Russian Federation,2024 Dec,6109
Russian Federation,2025 Jan,10469
Russian Federation,2025 Feb,7933
Russian Federation,2025 Mar,6974
Russian Federation,2025 Apr,5119
Russian Federation,2025 May,4770
Russian Federation,2025 Jun,3239
Russian Federation,2025 Jul,4313
Russian Federation,2025 Aug,4340
Russian Federation,2025 Sep,3891
Russian Federation,2025 Oct,5735
Russian Federation,2025 Nov,5496
Russian Federation,2025 Dec,6888
Spain,2024 Jan,3992
Spain,2024 Feb,3659
Spain,2024 Mar,4731
Spain,2024 Apr,3814
Spain,2024 May,3703
Spain,2024 Jun,4224
Spain,2024 Jul,7989
Spain,2024 Aug,13721
Spain,2024 Sep,7460
Spain,2024 Oct,5487
Spain,2024 Nov,5432
Spain,2024 Dec,4362
Spain,2025 Jan,4376
Spain,2025 Feb,4278
Spain,2025 Mar,4586
Spain,2025 Apr,5561
Spain,2025 May,4008
Spain,2025 Jun,4557
Spain,2025 Jul,10880
Spain,2025 Aug,16966
Spain,2025 Sep,7984
Spain,2025 Oct,5364
Spain,2025 Nov,5048
Spain,2025 Dec,4391
Sweden,2024 Jan,3658
Sweden,2024 Feb,3178
Sweden,2024 Mar,2911
Sweden,2024 Apr,2118
Sweden,2024 May,1452
Sweden,2024 Jun,1975
Sweden,2024 Jul,2350
Sweden,2024 Aug,1442
Sweden,2024 Sep,1574
Sweden,2024 Oct,2402
Sweden,2024 Nov,2892
Sweden,2024 Dec,4024
Sweden,2025 Jan,4674
Sweden,2025 Feb,3959
Sweden,2025 Mar,3083
Sweden,2025 Apr,2317
Sweden,2025 May,1400
Sweden,2025 Jun,1961
Sweden,2025 Jul,2693
Sweden,2025 Aug,1652
Sweden,2025 Sep,1505
Sweden,2025 Oct,2956
Sweden,2025 Nov,2859
Sweden,2025 Dec,4301
Switzerland,2024 Jan,7463
Switzerland,2024 Feb,7967
Switzerland,2024 Mar,7746
Switzerland,2024 Apr,8308
Switzerland,2024 May,6435
Switzerland,2024 Jun,4572
Switzerland,2024 Jul,10250
Switzerland,2024 Aug,7359
Switzerland,2024 Sep,6888
Switzerland,2024 Oct,8051
Switzerland,2024 Nov,7392
Switzerland,2024 Dec,7536
Switzerland,2025 Jan,8283
Switzerland,2025 Feb,8167
Switzerland,2025 Mar,7312
Switzerland,2025 Apr,9507
Switzerland,2025 May,6716
Switzerland,2025 Jun,5018
Switzerland,2025 Jul,11703
Switzerland,2025 Aug,7554
Switzerland,2025 Sep,6874
Switzerland,2025 Oct,8823
Switzerland,2025 Nov,7802
Switzerland,2025 Dec,8053
United Kingdom,2024 Jan,59049
United Kingdom,2024 Feb,68124
United Kingdom,2024 Mar,73495
United Kingdom,2024 Apr,47462
United Kingdom,2024 May,33172
United Kingdom,2024 Jun,28489
United Kingdom,2024 Jul,42188
United Kingdom,2024 Aug,47305
United Kingdom,2024 Sep,43032
United Kingdom,2024 Oct,43943
United Kingdom,2024 Nov,48607
United Kingdom,2024 Dec,44650
United Kingdom,2025 Jan,56474
United Kingdom,2025 Feb,60238
United Kingdom,2025 Mar,63276
United Kingdom,2025 Apr,56713
United Kingdom,2025 May,37413
United Kingdom,2025 Jun,30327
United Kingdom,2025 Jul,47971
United Kingdom,2025 Aug,53247
United Kingdom,2025 Sep,39297
United Kingdom,2025 Oct,47267
United Kingdom,2025 Nov,49373
United Kingdom,2025 Dec,45763
Other Markets In Europe,2024 Jan,28644
Other Markets In Europe,2024 Feb,29753
Other Markets In Europe,2024 Mar,24684
Other Markets In Europe,2024 Apr,20868
Other Markets In Europe,2024 May,16546
Other Markets In Europe,2024 Jun,14715
Other Markets In Europe,2024 Jul,20956
Other Markets In Europe,2024 Aug,23528
Other Markets In Europe,2024 Sep,22491
Other Markets In Europe,2024 Oct,21359
Other Markets In Europe,2024 Nov,26761
Other Markets In Europe,2024 Dec,22959
Other Markets In Europe,2025 Jan,34948
Other Markets In Europe,2025 Feb,36808
Other Markets In Europe,2025 Mar,30023
Other Markets In Europe,2025 Apr,23651
Other Markets In Europe,2025 May,17378
Other Markets In Europe,2025 Jun,17330
Other Markets In Europe,2025 Jul,28087
Other Markets In Europe,2025 Aug,28464
Other Markets In Europe,2025 Sep,24220
Other Markets In Europe,2025 Oct,24321
Other Markets In Europe,2025 Nov,29627
Other Markets In Europe,2025 Dec,26708
Oceania,2024 Jan,143297
Oceania,2024 Feb,90082
Oceania,2024 Mar,102158
Oceania,2024 Apr,112488
Oceania,2024 May,95493
Oceania,2024 Jun,105998
Oceania,2024 Jul,127037
Oceania,2024 Aug,100001
Oceania,2024 Sep,130165
Oceania,2024 Oct,118510
Oceania,2024 Nov,106727
Oceania,2024 Dec,139442
Oceania,2025 Jan,159560
Oceania,2025 Feb,95304
Oceania,2025 Mar,93049
Oceania,2025 Apr,134313
Oceania,2025 May,106952
Oceania,2025 Jun,110556
Oceania,2025 Jul,142415
Oceania,2025 Aug,101544
Oceania,2025 Sep,127606
Oceania,2025 Oct,134357
Oceania,2025 Nov,118508
Oceania,2025 Dec,144481
Australia,2024 Jan,124075
Australia,2024 Feb,79370
Australia,2024 Mar,90428
Australia,2024 Apr,96751
Australia,2024 May,79688
Australia,2024 Jun,88548
Australia,2024 Jul,105706
Australia,2024 Aug,82959
Australia,2024 Sep,110930
Australia,2024 Oct,100935
Australia,2024 Nov,92661
Australia,2024 Dec,122321
Australia,2025 Jan,141337
Australia,2025 Feb,85012
Australia,2025 Mar,81781
Australia,2025 Apr,116848
Australia,2025 May,90145
Australia,2025 Jun,90887
Australia,2025 Jul,121503
Australia,2025 Aug,84925
Australia,2025 Sep,107322
Australia,2025 Oct,116372
Australia,2025 Nov,103833
Australia,2025 Dec,127495
New Zealand,2024 Jan,14412
New Zealand,2024 Feb,8082
New Zealand,2024 Mar,9003
New Zealand,2024 Apr,13043
New Zealand,2024 May,12797
New Zealand,2024 Jun,14692
New Zealand,2024 Jul,18176
New Zealand,2024 Aug,14070
New Zealand,2024 Sep,15792
New Zealand,2024 Oct,14003
New Zealand,2024 Nov,10351
New Zealand,2024 Dec,13038
New Zealand,2025 Jan,14545
New Zealand,2025 Feb,7521
New Zealand,2025 Mar,8878
New Zealand,2025 Apr,14745
New Zealand,2025 May,13568
New Zealand,2025 Jun,16549
New Zealand,2025 Jul,17944
New Zealand,2025 Aug,13869
New Zealand,2025 Sep,17244
New Zealand,2025 Oct,14994
New Zealand,2025 Nov,11580
New Zealand,2025 Dec,13645
Other Markets In Oceania,2024 Jan,4810
Other Markets In Oceania,2024 Feb,2630
Other Markets In Oceania,2024 Mar,2727
Other Markets In Oceania,2024 Apr,2694
Other Markets In Oceania,2024 May,3008
Other Markets In Oceania,2024 Jun,2758
Other Markets In Oceania,2024 Jul,3155
Other Markets In Oceania,2024 Aug,2972
Other Markets In Oceania,2024 Sep,3443
Other Markets In Oceania,2024 Oct,3572
Other Markets In Oceania,2024 Nov,3715
Other Markets In Oceania,2024 Dec,4083
Other Markets In Oceania,2025 Jan,3678
Other Markets In Oceania,2025 Feb,2771
Other Markets In Oceania,2025 Mar,2390
Other Markets In Oceania,2025 Apr,2720
Other Markets In Oceania,2025 May,3239
Other Markets In Oceania,2025 Jun,3120
Other Markets In Oceania,2025 Jul,2968
Other Markets In Oceania,2025 Aug,2750
Other Markets In Oceania,2025 Sep,3040
Other Markets In Oceania,2025 Oct,2991
Other Markets In Oceania,2025 Nov,3095
Other Markets In Oceania,2025 Dec,3341
Africa,2024 Jan,6104
Africa,2024 Feb,3973
Africa,2024 Mar,5175
Africa,2024 Apr,4851
Africa,2024 May,6689
Africa,2024 Jun,5393
Africa,2024 Jul,6104
Africa,2024 Aug,7027
Africa,2024 Sep,6193
Africa,2024 Oct,5324
Africa,2024 Nov,5659
Africa,2024 Dec,11486
Africa,2025 Jan,6525
Africa,2025 Feb,4378
Africa,2025 Mar,4662
Africa,2025 Apr,6784
Africa,2025 May,5653
Africa,2025 Jun,5509
Africa,2025 Jul,8690
Africa,2025 Aug,9569
Africa,2025 Sep,6714
Africa,2025 Oct,8340
Africa,2025 Nov,7634
Africa,2025 Dec,14136
Egypt,2024 Jan,279
Egypt,2024 Feb,220
Egypt,2024 Mar,175
Egypt,2024 Apr,152
Egypt,2024 May,284
Egypt,2024 Jun,236
Egypt,2024 Jul,201
Egypt,2024 Aug,244
Egypt,2024 Sep,267
Egypt,2024 Oct,306
Egypt,2024 Nov,364
Egypt,2024 Dec,239
Egypt,2025 Jan,426
Egypt,2025 Feb,222
Egypt,2025 Mar,152
Egypt,2025 Apr,205
Egypt,2025 May,253
Egypt,2025 Jun,254
Egypt,2025 Jul,329
Egypt,2025 Aug,307
Egypt,2025 Sep,280
Egypt,2025 Oct,505
Egypt,2025 Nov,286
Egypt,2025 Dec,281
Mauritius,2024 Jan,548
Mauritius,2024 Feb,292
Mauritius,2024 Mar,346
Mauritius,2024 Apr,582
Mauritius,2024 May,370
Mauritius,2024 Jun,283
Mauritius,2024 Jul,425
Mauritius,2024 Aug,504
Mauritius,2024 Sep,320
Mauritius,2024 Oct,313
Mauritius,2024 Nov,802
Mauritius,2024 Dec,1077
Mauritius,2025 Jan,487
Mauritius,2025 Feb,381
Mauritius,2025 Mar,282
Mauritius,2025 Apr,613
Mauritius,2025 May,369
Mauritius,2025 Jun,312
Mauritius,2025 Jul,482
Mauritius,2025 Aug,539
Mauritius,2025 Sep,270
Mauritius,2025 Oct,376
Mauritius,2025 Nov,787
Mauritius,2025 Dec,1342
South Africa (Rep Of),2024 Jan,3197
South Africa (Rep Of),2024 Feb,1621
South Africa (Rep Of),2024 Mar,2742
South Africa (Rep Of),2024 Apr,1986
South Africa (Rep Of),2024 May,1775
South Africa (Rep Of),2024 Jun,2529
South Africa (Rep Of),2024 Jul,2167
South Africa (Rep Of),2024 Aug,1902
South Africa (Rep Of),2024 Sep,2646
South Africa (Rep Of),2024 Oct,1970
South Africa (Rep Of),2024 Nov,1821
South Africa (Rep Of),2024 Dec,5336
South Africa (Rep Of),2025 Jan,2942
South Africa (Rep Of),2025 Feb,1470
South Africa (Rep Of),2025 Mar,2069
South Africa (Rep Of),2025 Apr,3011
South Africa (Rep Of),2025 May,2156
South Africa (Rep Of),2025 Jun,2394
South Africa (Rep Of),2025 Jul,3470
South Africa (Rep Of),2025 Aug,2525
South Africa (Rep Of),2025 Sep,2882
South Africa (Rep Of),2025 Oct,3494
South Africa (Rep Of),2025 Nov,2863
South Africa (Rep Of),2025 Dec,6708
Other Markets In Africa,2024 Jan,2080
Other Markets In Africa,2024 Feb,1840
Other Markets In Africa,2024 Mar,1912
Other Markets In Africa,2024 Apr,2131
Other Markets In Africa,2024 May,4260
Other Markets In Africa,2024 Jun,2345
Other Markets In Africa,2024 Jul,3311
Other Markets In Africa,2024 Aug,4377
Other Markets In Africa,2024 Sep,2960
Other Markets In Africa,2024 Oct,2735
Other Markets In Africa,2024 Nov,2672
Other Markets In Africa,2024 Dec,4834
Other Markets In Africa,2025 Jan,2670
Other Markets In Africa,2025 Feb,2305
Other Markets In Africa,2025 Mar,2159
Other Markets In Africa,2025 Apr,2955
Other Markets In Africa,2025 May,2875
Other Markets In Africa,2025 Jun,2549
Other Markets In Africa,2025 Jul,4409
Other Markets In Africa,2025 Aug,6198
Other Markets In Africa,2025 Sep,3282
Other Markets In Africa,2025 Oct,3965
Other Markets In Africa,2025 Nov,3698
Other Markets In Africa,2025 Dec,5805
Others,2024 Jan,41
Others,2024 Feb,57
Others,2024 Mar,66
Others,2024 Apr,40
Others,2024 May,436
Others,2024 Jun,808
Others,2024 Jul,190
Others,2024 Aug,33
Others,2024 Sep,68
Others,2024 Oct,34
Others,2024 Nov,36
Others,2024 Dec,25
Others,2025 Jan,47
Others,2025 Feb,32
Others,2025 Mar,13
Others,2025 Apr,27
Others,2025 May,17
Others,2025 Jun,24
Others,2025 Jul,51
Others,2025 Aug,100
Others,2025 Sep,33
Others,2025 Oct,38
Others,2025 Nov,38
Others,2025 Dec,34
Total International Visitor Arrivals By Place Of Residence,2026 Jan,1502908
Total International Visitor Arrivals By Place Of Residence,2026 Feb,1500995
Total International Visitor Arrivals By Place Of Residence,2026 Mar,1427790
Southeast Asia,2026 Jan,454707
Southeast Asia,2026 Feb,379810
Southeast Asia,2026 Mar,514131
Brunei Darussalam,2026 Jan,4244
Brunei Darussalam,2026 Feb,3222
Brunei Darussalam,2026 Mar,5091
Indonesia,2026 Jan,218818
Indonesia,2026 Feb,167039
Indonesia,2026 Mar,240368
Malaysia,2026 Jan,116800
Malaysia,2026 Feb,90211
Malaysia,2026 Mar,131898
Myanmar,2026 Jan,15190
Myanmar,2026 Feb,14916
Myanmar,2026 Mar,18397
Philippines,2026 Jan,42553
Philippines,2026 Feb,44905
Philippines,2026 Mar,56041
Thailand,2026 Jan,26322
Thailand,2026 Feb,24956
Thailand,2026 Mar,32863
Vietnam,2026 Jan,22708
Vietnam,2026 Feb,27258
Vietnam,2026 Mar,22710
Other Markets In Southeast Asia,2026 Jan,8072
Other Markets In Southeast Asia,2026 Feb,7303
Other Markets In Southeast Asia,2026 Mar,6763
Greater China,2026 Jan,335302
Greater China,2026 Feb,513221
Greater China,2026 Mar,269520
China,2026 Jan,271985
China,2026 Feb,432328
China,2026 Mar,209094
Hong Kong SAR,2026 Jan,19428
Hong Kong SAR,2026 Feb,22103
Hong Kong SAR,2026 Mar,25495
Taiwan,2026 Jan,36075
Taiwan,2026 Feb,55119
Taiwan,2026 Mar,32941
Other Markets In Greater China,2026 Jan,7814
Other Markets In Greater China,2026 Feb,3671
Other Markets In Greater China,2026 Mar,1990
North Asia,2026 Jan,112483
North Asia,2026 Feb,117993
North Asia,2026 Mar,110771
Japan,2026 Jan,43094
Japan,2026 Feb,52206
Japan,2026 Mar,73298
South Korea,2026 Jan,69244
South Korea,2026 Feb,65674
South Korea,2026 Mar,37411
Other Markets In North Asia,2026 Jan,145
Other Markets In North Asia,2026 Feb,113
Other Markets In North Asia,2026 Mar,62
South Asia,2026 Jan,110029
South Asia,2026 Feb,81462
South Asia,2026 Mar,115439
Bangladesh,2026 Jan,12249
Bangladesh,2026 Feb,8958
Bangladesh,2026 Mar,12120
India,2026 Jan,86430
India,2026 Feb,65041
India,2026 Mar,95910
Pakistan,2026 Jan,1974
Pakistan,2026 Feb,848
Pakistan,2026 Mar,773
Sri Lanka,2026 Jan,4557
Sri Lanka,2026 Feb,4164
Sri Lanka,2026 Mar,4493
Other Markets In South Asia,2026 Jan,4819
Other Markets In South Asia,2026 Feb,2451
Other Markets In South Asia,2026 Mar,2143
West Asia,2026 Jan,14053
West Asia,2026 Feb,10236
West Asia,2026 Mar,11590
Iran,2026 Jan,501
Iran,2026 Feb,211
Iran,2026 Mar,32
Israel,2026 Jan,2476
Israel,2026 Feb,2429
Israel,2026 Mar,1194
Kuwait,2026 Jan,585
Kuwait,2026 Feb,160
Kuwait,2026 Mar,53
Saudi Arabia,2026 Jan,2720
Saudi Arabia,2026 Feb,685
Saudi Arabia,2026 Mar,874
United Arab Emirates,2026 Jan,5467
United Arab Emirates,2026 Feb,4897
United Arab Emirates,2026 Mar,8253
Other Markets In West Asia,2026 Jan,2304
Other Markets In West Asia,2026 Feb,1854
Other Markets In West Asia,2026 Mar,1184
Americas,2026 Jan,99809
Americas,2026 Feb,85810
Americas,2026 Mar,100338
Canada,2026 Jan,17781
Canada,2026 Feb,16255
Canada,2026 Mar,18110
USA,2026 Jan,71556
USA,2026 Feb,61861
USA,2026 Mar,73126
Other Markets In Americas,2026 Jan,10472
Other Markets In Americas,2026 Feb,7694
Other Markets In Americas,2026 Mar,9102
Europe,2026 Jan,208808
Europe,2026 Feb,217494
Europe,2026 Mar,198465
Belgium & Luxembourg,2026 Jan,2686
Belgium & Luxembourg,2026 Feb,3038
Belgium & Luxembourg,2026 Mar,2711
Denmark,2026 Jan,3264
Denmark,2026 Feb,3675
Denmark,2026 Mar,3461
Finland,2026 Jan,4322
Finland,2026 Feb,4094
Finland,2026 Mar,3091
France,2026 Jan,13400
France,2026 Feb,17535
France,2026 Mar,15521
Germany,2026 Jan,34723
Germany,2026 Feb,45675
Germany,2026 Mar,40094
Italy,2026 Jan,7474
Italy,2026 Feb,7028
Italy,2026 Mar,5311
Netherlands,2026 Jan,8168
Netherlands,2026 Feb,7638
Netherlands,2026 Mar,7648
Norway,2026 Jan,2415
Norway,2026 Feb,3071
Norway,2026 Mar,2787
Rep Of Ireland,2026 Jan,2764
Rep Of Ireland,2026 Feb,2322
Rep Of Ireland,2026 Mar,2611
Russian Federation,2026 Jan,12384
Russian Federation,2026 Feb,7353
Russian Federation,2026 Mar,6334
Spain,2026 Jan,4762
Spain,2026 Feb,4451
Spain,2026 Mar,4467
Sweden,2026 Jan,5245
Sweden,2026 Feb,3777
Sweden,2026 Mar,3304
Switzerland,2026 Jan,8198
Switzerland,2026 Feb,9575
Switzerland,2026 Mar,7535
United Kingdom,2026 Jan,55561
United Kingdom,2026 Feb,57892
United Kingdom,2026 Mar,60544
Other Markets In Europe,2026 Jan,43442
Other Markets In Europe,2026 Feb,40370
Other Markets In Europe,2026 Mar,33046
Oceania,2026 Jan,159973
Oceania,2026 Feb,90355
Oceania,2026 Mar,101599
Australia,2026 Jan,140988
Australia,2026 Feb,80750
Australia,2026 Mar,90148
New Zealand,2026 Jan,15417
New Zealand,2026 Feb,7360
New Zealand,2026 Mar,9202
Other Markets In Oceania,2026 Jan,3568
Other Markets In Oceania,2026 Feb,2245
Other Markets In Oceania,2026 Mar,2249
Africa,2026 Jan,7717
Africa,2026 Feb,4571
Africa,2026 Mar,5866
Egypt,2026 Jan,260
Egypt,2026 Feb,201
Egypt,2026 Mar,136
Mauritius,2026 Jan,555
Mauritius,2026 Feb,322
Mauritius,2026 Mar,402
South Africa (Rep Of),2026 Jan,3569
South Africa (Rep Of),2026 Feb,1727
South Africa (Rep Of),2026 Mar,3063
Other Markets In Africa,2026 Jan,3333
Other Markets In Africa,2026 Feb,2321
Other Markets In Africa,2026 Mar,2265
Others,2026 Jan,27
Others,2026 Feb,43
Others,2026 Mar,71
